timestamp,DO,WT
2024-6-1 0:00,8.04895,24.2727
2024-6-1 4:00,7.12478,23.3822
2024-6-1 8:00,6.98536,22.3878
2024-6-1 12:00,7.4299,22.9735
2024-6-1 16:00,9.54826,22.9084
2024-6-1 20:00,10.81555,23.9007
2024-6-2 0:00,8.86655,24.2116
2024-6-2 4:00,7.33628,23.427
2024-6-2 8:00,7.17811,23.1157
2024-6-2 12:00,7.53991,23.1102
2024-6-2 16:00,8.69697,22.8318
2024-6-2 20:00,10.58524,23.3727
2024-6-3 0:00,9.41061,23.4297
2024-6-3 4:00,7.32145,22.9236
2024-6-3 8:00,7.0706,22.4985
2024-6-3 12:00,7.62679,23.2336
2024-6-3 16:00,9.1141,23.1761
2024-6-3 20:00,10.89949,23.5216
2024-6-4 0:00,10.41662,24.0399
,,
,,
,,
,,
,,
,,
