timestamp,WT,DO
2024/7/25 0:00,18.275,5.4
2024/7/25 1:00,18.05,5.4
2024/7/25 2:00,17.8,5.4
2024/7/25 3:00,17.6,5.425
2024/7/25 4:00,17.4,5.5
2024/7/25 5:00,17.225,5.65
2024/7/25 6:00,17.125,6.225
2024/7/25 7:00,17.275,7.375
2024/7/25 8:00,17.55,8.75
2024/7/25 9:00,17.975,10.175
2024/7/25 10:00,18.65,11.775
2024/7/25 11:00,19.425,13
2024/7/25 12:00,20.075,13.5
2024/7/25 13:00,20.7,13.85
2024/7/25 14:00,21.15,13.725
2024/7/25 15:00,21.075,12.75
2024/7/25 16:00,20.95,12.075
2024/7/25 17:00,20.825,11
2024/7/25 18:00,20.65,9.8
2024/7/25 19:00,20.15,8.3
2024/7/25 20:00,19.65,7.2
2024/7/25 21:00,19.175,6.45
2024/7/25 22:00,18.75,5.95
2024/7/25 23:00,18.35,5.6
2024/7/26 0:00,18.05,5.5
