station_id,date,period,n,r,p,slope,discharge,flow_exceed_prob,flow_exceed_prob_smooth,flow_season,source_file
45302,2023-06-07,daytime,6,0.6827347478402622,0.13501833799065596,0.15414634146341208,253.90625,0.7583620997500298,0.7476411538308931,normal_flow,45302.csv
45302,2023-06-07,nighttime,6,0.2941176470588264,0.5715448809281458,0.14705882352942015,253.90625,0.7583620997500298,0.7476411538308931,normal_flow,45302.csv
45302,2023-06-08,daytime,6,0.8030472654121504,0.05436563381741823,0.7130434782608585,246.5,0.7643137721699798,0.7533230171011388,low_flow,45302.csv
45302,2023-06-08,nighttime,6,0.780868809443028,0.06676654481198951,0.8333333333332935,246.5,0.7643137721699798,0.7533230171011388,low_flow,45302.csv
45302,2023-06-09,daytime,6,0.6599120175960888,0.153822493566305,1.1250000000000175,241.21875,0.7701464111415308,0.758616037773281,low_flow,45302.csv
45302,2023-06-09,nighttime,6,0.6859943405700424,0.1324189222202437,0.4999999999999669,241.21875,0.7701464111415308,0.758616037773281,low_flow,45302.csv
45302,2023-06-10,daytime,6,0.9045340337332858,0.01323559956368407,1.227272727272763,244.3125,0.7669325080347578,0.7635598936634528,low_flow,45302.csv
45302,2023-06-10,nighttime,6,0.759256602365302,0.0799596465455783,0.8235294117646846,244.3125,0.7669325080347578,0.7635598936634528,low_flow,45302.csv
45302,2023-06-11,daytime,6,-0.3149183286488917,0.5432382919183436,-0.5454545454545806,249.28125,0.7619331032019998,0.7682379081855335,low_flow,45302.csv
45302,2023-06-11,nighttime,6,0.6757246285173523,0.14068226486661498,0.4150943396226598,249.28125,0.7619331032019998,0.7682379081855335,low_flow,45302.csv
45302,2023-06-12,daytime,6,-0.23833743668969637,0.6492631922797196,-0.1846153846154007,251.40625,0.7598500178550173,0.7717851049478237,low_flow,45302.csv
45302,2023-06-12,nighttime,6,0.8783100656536759,0.0213116411287581,1.7999999999994083,251.40625,0.7598500178550173,0.7717851049478237,low_flow,45302.csv
45302,2023-06-13,daytime,6,0.7737682397766966,0.07098185170798937,1.0597014925373105,242.71875,0.7683609094155458,0.7730865373169861,low_flow,45302.csv
45302,2023-06-13,nighttime,6,0.6439209162167938,0.16761442537829463,0.49999999999999817,242.71875,0.7683609094155458,0.7730865373169861,low_flow,45302.csv
45302,2023-06-14,daytime,6,-0.19851666679418345,0.7061366582677234,-0.5714285714285784,233.046875,0.7777050351148673,0.7723286910288458,low_flow,45302.csv
45302,2023-06-14,nighttime,6,7.163057757487444e-16,0.9999999999999988,5.0434479710050067e-14,233.046875,0.7777050351148673,0.7723286910288458,low_flow,45302.csv
45302,2023-06-15,daytime,6,0.8354073604065139,0.0384066375561581,0.3719376391982141,226.953125,0.7847875252946078,0.7698250208308535,low_flow,45302.csv
45302,2023-06-15,nighttime,6,0.9351831573148782,0.00616567963526323,1.676923076922994,226.953125,0.7847875252946078,0.7698250208308535,low_flow,45302.csv
45302,2023-06-16,daytime,6,0.9416764130565978,0.00500326324461897,0.6813186813186805,222.4375,0.7891322461611713,0.7664563742411618,low_flow,45302.csv
45302,2023-06-16,nighttime,6,0.8460500199558144,0.03372654136541733,1.0975609756096096,222.4375,0.7891322461611713,0.7664563742411618,low_flow,45302.csv
45302,2023-06-17,daytime,6,0.8249648940345367,0.0432746319766888,1.067415730337147,218.5625,0.7932389001309368,0.7632464389160021,low_flow,45302.csv
45302,2023-06-17,nighttime,6,0.9555330859059094,0.00292199731557303,1.9999999999999372,218.5625,0.7932389001309368,0.7632464389160021,low_flow,45302.csv
45302,2023-06-18,daytime,6,0.10269615610812884,0.8464973083676195,0.14285714285710144,215.828125,0.7968694203071063,0.7615363250406698,low_flow,45302.csv
45302,2023-06-18,nighttime,6,0.8834522085987689,0.01958352460380254,0.9999999999999656,215.828125,0.7968694203071063,0.7615363250406698,low_flow,45302.csv
45302,2023-06-19,daytime,6,0.9250157442392712,0.00822315323211977,2.0185873605947777,222.734375,0.7889536959885728,0.7615045827877633,low_flow,45302.csv
45302,2023-06-19,nighttime,6,0.7614311298414647,0.07858357246921019,0.6493506493506213,222.734375,0.7889536959885728,0.7615045827877633,low_flow,45302.csv
45302,2023-06-20,daytime,6,0.9531213719388398,0.00324489828161231,2.1337209302325637,247.390625,0.7637186049279847,0.7628972741340316,low_flow,45302.csv
45302,2023-06-20,nighttime,6,0.364698404312903,0.4772057356893858,0.3103448275862195,247.390625,0.7637186049279847,0.7628972741340316,low_flow,45302.csv
45302,2023-06-21,daytime,6,0.8807048459279795,0.0204981360993307,0.6111111111111093,278.5,0.7406261159385787,0.7645121612506448,low_flow,45302.csv
45302,2023-06-21,nighttime,6,-0.6822882392210143,0.13537611064233582,-0.6206896551723737,278.5,0.7406261159385787,0.7645121612506448,low_flow,45302.csv
45302,2023-06-22,daytime,6,0.8152163051673152,0.0480627999019661,0.3064220183486181,311.0625,0.7208070467801452,0.7660119827004722,low_flow,45302.csv
45302,2023-06-22,nighttime,6,0.5834599659915793,0.2241223856494957,0.17021276595745066,311.0625,0.7208070467801452,0.7660119827004722,low_flow,45302.csv
45302,2023-06-23,daytime,6,0.9919855518796092,9.608967848561184e-5,0.5605922551252852,325.640625,0.7137840733246043,0.7673927707019006,low_flow,45302.csv
45302,2023-06-23,nighttime,6,0.9449111825230662,0.00446857555605359,1.42857142857134,325.640625,0.7137840733246043,0.7673927707019006,low_flow,45302.csv
45302,2023-06-24,daytime,6,0.8922140541189347,0.0168005968672778,0.8061224489796045,308.484375,0.7219973812641353,0.76864262191009,low_flow,45302.csv
45302,2023-06-24,nighttime,6,0.7167259309091073,0.1090007470537074,0.9024390243902436,308.484375,0.7219973812641353,0.76864262191009,low_flow,45302.csv
45302,2023-06-25,daytime,6,0.9072327081372024,0.01250948865030088,0.7449209932280016,277.5625,0.7412807999047732,0.7698805697734397,low_flow,45302.csv
45302,2023-06-25,nighttime,6,0.5855400437691167,0.2220682275638864,0.5714285714286316,277.5625,0.7412807999047732,0.7698805697734397,low_flow,45302.csv
45302,2023-06-26,daytime,6,0.751547554317203,0.08492461362238356,0.3592184368737465,249.890625,0.7614569694084038,0.771074872039043,low_flow,45302.csv
45302,2023-06-26,nighttime,6,-0.7211102550927979,0.10582328368493056,-0.1999999999999647,249.890625,0.7614569694084038,0.771074872039043,low_flow,45302.csv
45302,2023-06-27,daytime,6,0.3883292273486177,0.4467861028812284,0.48503937007873765,230.171875,0.7807403880490418,0.772927826052454,low_flow,45302.csv
45302,2023-06-27,nighttime,6,-0.03787770095392634,0.9432106205210145,-0.05882352941176363,230.171875,0.7807403880490418,0.772927826052454,low_flow,45302.csv
45302,2023-06-28,daytime,6,0.5496738225518666,0.25852885091093325,0.2855787476280796,219.078125,0.7925842161647423,0.7766337340792763,low_flow,45302.csv
45302,2023-06-28,nighttime,6,-0.2927700218845592,0.5733922538253566,-0.4285714285713737,219.078125,0.7925842161647423,0.7766337340792763,low_flow,45302.csv
45302,2023-06-29,daytime,6,0.9711909286962676,0.00123298865836681,0.7647179021455408,213.578125,0.8002023568622783,0.7819664325675515,low_flow,45302.csv
45302,2023-06-29,nighttime,6,0.6339205688172391,0.17649131301330032,0.7402597402597348,213.578125,0.8002023568622783,0.7819664325675515,low_flow,45302.csv
45302,2023-06-30,daytime,6,0.9609558282216693,0.00225691063268631,0.7574756109186677,210.625,0.8054993453160338,0.788731500218228,low_flow,45302.csv
45302,2023-06-30,nighttime,6,0.9227070613807908,0.00873041586700484,1.3801452784504022,210.625,0.8054993453160338,0.788731500218228,low_flow,45302.csv
45302,2023-07-01,daytime,6,0.7178755636747183,0.10816356229542512,0.38360512203126645,208.59375,0.8078800142840138,0.7960480895131532,low_flow,45302.csv
45302,2023-07-01,nighttime,6,0.9103504474019029,0.01169530479920491,1.1386138613861347,208.59375,0.8078800142840138,0.7960480895131532,low_flow,45302.csv
45302,2023-07-02,daytime,6,0.3854496446637691,0.45045893517936847,0.2142857142857094,206.515625,0.8118081180811808,0.8028766416696425,low_flow,45302.csv
45302,2023-07-02,nighttime,6,0.9439805040730792,0.00461937614508784,1.923076923076821,206.515625,0.8118081180811808,0.8028766416696425,low_flow,45302.csv
45302,2023-07-03,daytime,6,0.941104334154336,0.00510090350108392,1.095402298850594,204.8125,0.8147839542911558,0.8084474070547157,low_flow,45302.csv
45302,2023-07-03,nighttime,6,0.931556872934978,0.00686638286194576,1.920308483290449,204.8125,0.8147839542911558,0.8084474070547157,low_flow,45302.csv
45302,2023-07-04,daytime,6,0.9796711148542204,6.15694763067803e-4,1.0137043938210322,203.578125,0.8167480061897393,0.8126056421854541,low_flow,45302.csv
45302,2023-07-04,nighttime,6,0.9134326896159204,0.01091648549050924,1.5311475409835815,203.578125,0.8167480061897393,0.8126056421854541,low_flow,45302.csv
45302,2023-07-05,daytime,6,0.98311900813228,4.250465593702854e-4,1.7649769585253694,202.421875,0.8193072253303179,0.8154941871999365,low_flow,45302.csv
45302,2023-07-05,nighttime,6,0.9079733390444804,0.01231367690434118,3.2857142857141968,202.421875,0.8193072253303179,0.8154941871999365,low_flow,45302.csv
45302,2023-07-06,daytime,6,0.6516926335600662,0.16084905198645655,1.1692012032086028,201.4375,0.8206165932627069,0.8176605959607983,low_flow,45302.csv
45302,2023-07-06,nighttime,6,0.44540267344684176,0.3760762697087411,1.499999999999912,201.4375,0.8206165932627069,0.8176605959607983,low_flow,45302.csv
45302,2023-07-07,daytime,6,0.9432491749142357,0.00473959677501667,1.2421994728131074,200.609375,0.8222830615402928,0.8193945165258104,low_flow,45302.csv
45302,2023-07-07,nighttime,6,0.437880269519868,0.3851589867763441,0.5600000000000092,200.609375,0.8222830615402928,0.8193945165258104,low_flow,45302.csv
45302,2023-07-08,daytime,6,0.9128223669790418,0.01106863717166889,1.5431472081216835,199.921875,0.8235329127484823,0.8208427568146649,low_flow,45302.csv
45302,2023-07-08,nighttime,6,-0.25182262437346636,0.6302506832370078,-0.64999999999955,199.921875,0.8235329127484823,0.8208427568146649,low_flow,45302.csv
45302,2023-07-09,daytime,6,0.9959761707608292,2.425422730350698e-5,1.2128136828823768,199.578125,0.8244256636114748,0.8222552870689998,low_flow,45302.csv
45302,2023-07-09,nighttime,6,0.6503027137260944,0.1620503635933503,1.3595505617977497,199.578125,0.8244256636114748,0.8222552870689998,low_flow,45302.csv
45302,2023-07-10,daytime,6,0.9450487835698658,0.00444648793989696,2.5191709844560153,199.484375,0.8248422806808713,0.8235606872197754,low_flow,45302.csv
45302,2023-07-10,nighttime,6,0.4155344934457008,0.41257320494614474,0.6831683168315592,199.484375,0.8248422806808713,0.8235606872197754,low_flow,45302.csv
45302,2023-07-11,daytime,6,0.7178889699447804,0.10815381637176844,0.6517379679144362,199.890625,0.8238304963694798,0.8247272150140856,low_flow,45302.csv
45302,2023-07-11,nighttime,6,0.8071700847444526,0.05219003068372824,1.1052631578946912,199.890625,0.8238304963694798,0.8247272150140856,low_flow,45302.csv
45302,2023-07-12,daytime,6,0.2831093951570722,0.5866816478682675,0.1939933259176606,199.765625,0.8240685632662779,0.8258778716819426,low_flow,45302.csv
45302,2023-07-12,nighttime,6,0.9438798074485398,0.00463583941790426,1.3999999999996382,199.765625,0.8240685632662779,0.8258778716819426,low_flow,45302.csv
45302,2023-07-13,daytime,6,0.9413850535799416,0.00505287587998838,0.6213230487645465,199.296875,0.8250803475776693,0.8269372693726937,low_flow,45302.csv
45302,2023-07-13,nighttime,6,-0.5348383021589427,0.27423833229495614,-0.8148148148147895,199.296875,0.8250803475776693,0.8269372693726937,low_flow,45302.csv
45302,2023-07-14,daytime,6,0.9550783806101903,0.00298160299956099,0.5046005855290636,198.734375,0.8262111653374599,0.8279649248105384,low_flow,45302.csv
45302,2023-07-14,nighttime,6,0.7745966692414827,0.07048399691022032,1.199999999999678,198.734375,0.8262111653374599,0.8279649248105384,low_flow,45302.csv
45302,2023-07-15,daytime,6,0.2901748646881349,0.576954275452161,0.1878217646014775,197.984375,0.8272229496488513,0.8289171923977304,low_flow,45302.csv
45302,2023-07-15,nighttime,6,0.7113893212265286,0.11292411042383596,0.9499999999999788,197.984375,0.8272229496488513,0.8289171923977304,low_flow,45302.csv
45302,2023-07-16,daytime,6,0.8606912388082133,0.02775861866295875,0.5087889426263811,197.21875,0.8290679680990358,0.8298218466055628,low_flow,45302.csv
45302,2023-07-16,nighttime,6,0.5039526306789682,0.3080650388296702,0.666666666666749,197.21875,0.8290679680990358,0.8298218466055628,low_flow,45302.csv
45302,2023-07-17,daytime,6,0.7817155748671918,0.06627171738828522,1.4476093591047938,196.375,0.8313891203428163,0.8306868229972623,low_flow,45302.csv
45302,2023-07-17,nighttime,6,0.7278261596624932,0.10103677060822908,0.9239130434782702,196.375,0.8313891203428163,0.8306868229972623,low_flow,45302.csv
45302,2023-07-18,daytime,6,0.8959897352142864,0.01566460421887036,1.0014467293583484,196.078125,0.8322818712058089,0.831476411538309,low_flow,45302.csv
45302,2023-07-18,nighttime,6,0.9300080383273572,0.00717687112309881,1.1379310344827214,196.078125,0.8322818712058089,0.831476411538309,low_flow,45302.csv
45302,2023-07-19,daytime,6,0.9812407062306135,5.245658522108374e-4,1.0332334768770002,195.34375,0.8340078562075943,0.8319604808951315,low_flow,45302.csv
45302,2023-07-19,nighttime,6,0.6899558992313312,0.1292891586019639,0.6721311475410228,195.34375,0.8340078562075943,0.8319604808951315,low_flow,45302.csv
45302,2023-07-20,daytime,6,0.990860153702545,1.2492342879970262e-4,0.8491297374361259,194.6875,0.8351981906915843,0.8323136134587152,low_flow,45302.csv
45302,2023-07-20,nighttime,6,-0.1046847845180489,0.8435464384805598,-0.4000000000001894,194.6875,0.8351981906915843,0.8323136134587152,low_flow,45302.csv
45302,2023-07-21,daytime,6,0.919555698080324,0.00944663953623005,1.310243902439017,194.15625,0.8360314248303773,0.8328254572868309,low_flow,45302.csv
45302,2023-07-21,nighttime,6,0.9436447486119106,0.00467438181247746,2.152542372881326,194.15625,0.8360314248303773,0.8328254572868309,low_flow,45302.csv
45302,2023-07-22,daytime,6,0.826120272313738,0.04272268582262184,1.007775243624332,193.8125,0.8365670753481729,0.8335079157243185,low_flow,45302.csv
45302,2023-07-22,nighttime,6,-0.5252257314388892,0.2846063313159954,-1.9999999999994769,193.8125,0.8365670753481729,0.8335079157243185,low_flow,45302.csv
45302,2023-07-23,daytime,6,0.9744774407266956,9.687888370658424e-4,1.1738276990185368,193.546875,0.8371027258659683,0.8342498908860057,low_flow,45302.csv
45302,2023-07-23,nighttime,6,0.4183300132670432,0.40910885626030247,0.5600000000001338,193.546875,0.8371027258659683,0.8342498908860057,low_flow,45302.csv
45302,2023-07-24,daytime,6,0.919544514561989,0.00944923010210687,6.133090246125962,193.25,0.8374003094869659,0.8349363171051065,low_flow,45302.csv
45302,2023-07-24,nighttime,6,0.0197526649377228,0.970374856020052,0.0227272727272844,193.25,0.8374003094869659,0.8349363171051065,low_flow,45302.csv
45302,2023-07-25,daytime,6,0.5328749244328587,0.27634404546783925,0.3656265002400618,193.765625,0.8366861087965718,0.8355592588183947,low_flow,45302.csv
45302,2023-07-25,nighttime,6,-0.3086066999241656,0.5517855072529958,-0.4285714285712199,193.765625,0.8366861087965718,0.8355592588183947,low_flow,45302.csv
45302,2023-07-26,daytime,6,0.5893689584892914,0.2183069162344502,0.8717948717948957,196.4375,0.8310915367218188,0.8361861683132961,low_flow,45302.csv
45302,2023-07-26,nighttime,6,0.4335008152164468,0.3904811546592253,0.3362831858407303,196.4375,0.8310915367218188,0.8361861683132961,low_flow,45302.csv
45302,2023-07-28,daytime,6,0.9529351933313576,0.00327051750700914,0.6660731948565797,195.953125,0.8327580049994048,0.8373011149466333,low_flow,45302.csv
45302,2023-07-28,nighttime,6,NA,NA,NA,195.953125,0.8327580049994048,0.8373011149466333,low_flow,45302.csv
45302,2023-07-29,daytime,6,0.8327228300976727,0.03963213161384232,0.5395383628980264,193.953125,0.8364480418997738,0.8378367654644289,low_flow,45302.csv
45302,2023-07-29,nighttime,6,0.26757734047578163,0.6082129414157857,0.3384615384615562,193.953125,0.8364480418997738,0.8378367654644289,low_flow,45302.csv
45302,2023-07-30,daytime,6,-0.02520572879223913,0.9621994137739004,-0.01483679525220448,192.75,0.8383525770741579,0.8383644804189977,low_flow,45302.csv
45302,2023-07-30,nighttime,6,0.9531806248481056,0.00323676553771523,1.2440191387558936,192.75,0.8383525770741579,0.8383644804189977,low_flow,45302.csv
45302,2023-07-31,daytime,6,0.9074800764400216,0.01244392205929578,0.4637718396710936,191.96875,0.8393643613855494,0.8388247430861405,low_flow,45302.csv
45302,2023-07-31,nighttime,6,0.9748609684644638,9.40012791542442e-4,1.348314606741509,191.96875,0.8393643613855494,0.8388247430861405,low_flow,45302.csv
45302,2023-08-01,daytime,6,0.951996298148136,0.00340122429263722,0.9549180327868756,191.375,0.8407332460421378,0.839213585684244,low_flow,45302.csv
45302,2023-08-01,nighttime,6,0.9093103269179836,0.01196398130100725,1.7177419354838224,191.375,0.8407332460421378,0.839213585684244,low_flow,45302.csv
45302,2023-08-02,daytime,6,0.944027258992798,0.00461174176768478,1.1763783295231145,190.8125,0.8416855136293299,0.8396778161330001,low_flow,45302.csv
45302,2023-08-02,nighttime,6,0.9816759037613232,5.005823906171265e-4,1.5272727272727258,190.8125,0.8416855136293299,0.8396778161330001,low_flow,45302.csv
45302,2023-08-03,daytime,6,0.9471200404856138,0.00412050132324309,1.1794741843522305,190.359375,0.8425782644923223,0.8405745347776058,low_flow,45302.csv
45302,2023-08-03,nighttime,6,0.871940463314859,0.02354882754977349,2.1167512690352943,190.359375,0.8425782644923223,0.8405745347776058,low_flow,45302.csv
45302,2023-08-04,daytime,6,0.920754313147826,0.00917099166922705,2.400544649948997,189.828125,0.8433519819069158,0.8416934491925564,low_flow,45302.csv
45302,2023-08-04,nighttime,6,0.40871770339397606,0.4210616240006169,1.245283018867609,189.828125,0.8433519819069158,0.8416934491925564,low_flow,45302.csv
45302,2023-08-05,daytime,6,0.9821175496024724,4.7681380516545246e-4,1.2536630036630585,189.390625,0.8440661825973098,0.842665555687815,low_flow,45302.csv
45302,2023-08-05,nighttime,6,NA,NA,NA,189.390625,0.8440661825973098,0.842665555687815,low_flow,45302.csv
45302,2023-08-06,daytime,6,0.9855873682932604,3.100890046575996e-4,1.626600613675708,189.1875,0.8444827996667064,0.843447208665635,low_flow,45302.csv
45302,2023-08-06,nighttime,6,NA,NA,NA,189.1875,0.8444827996667064,0.843447208665635,low_flow,45302.csv
45302,2023-08-07,daytime,6,0.13834765706632088,0.7938025066124302,0.3098422838891188,189.421875,0.8440066658731104,0.8441574415744157,low_flow,45302.csv
45302,2023-08-07,nighttime,6,0.53452248382485,0.2745766290948468,2.999999999998351,189.421875,0.8440066658731104,0.8441574415744157,low_flow,45302.csv
45302,2023-08-08,daytime,6,0.9549628654575276,0.00299683984241602,0.6597890164443145,189.84375,0.8432329484585168,0.8449033845177162,low_flow,45302.csv
45302,2023-08-08,nighttime,6,-0.7255027517329867,0.10268159815927833,-1.5769230769229154,189.84375,0.8432329484585168,0.8449033845177162,low_flow,45302.csv
45302,2023-08-09,daytime,6,0.8541223984537275,0.03036825423749335,1.6542473919523284,189.6015625,0.8436495655279134,0.8456572630242432,low_flow,45302.csv
45302,2023-08-09,nighttime,6,0.5422080293008549,0.26638970251606564,1.6071428571424002,189.6015625,0.8436495655279134,0.8456572630242432,low_flow,45302.csv
45302,2023-08-10,daytime,6,0.407697410425827,0.4223370409760898,0.39358108108108697,189.125,0.8445423163909058,0.8464071737491569,low_flow,45302.csv
45302,2023-08-10,nighttime,6,-0.4740454631399786,0.34219534047429984,-1.3333333333336053,189.125,0.8445423163909058,0.8464071737491569,low_flow,45302.csv
45302,2023-08-11,daytime,6,0.8464357773054919,0.03356228225356607,0.4209284028324138,188.203125,0.8461492679442923,0.8471015355314844,low_flow,45302.csv
45302,2023-08-11,nighttime,6,-0.3973597071195033,0.4353309425143886,-1.0000000000004896,188.203125,0.8461492679442923,0.8471015355314844,low_flow,45302.csv
45302,2023-08-12,daytime,6,0.9179855018669708,0.00981373660199359,0.5045871559632771,187.296875,0.8473396024282823,0.8477522517160655,low_flow,45302.csv
45302,2023-08-12,nighttime,6,0.06984302957695782,0.89540580448719,0.1999999999998256,187.296875,0.8473396024282823,0.8477522517160655,low_flow,45302.csv
45302,2023-08-13,daytime,6,0.8982309445530453,0.01500840293638743,0.3943804325854039,186.7421875,0.8481728365670753,0.8483315478316074,low_flow,45302.csv
45302,2023-08-13,nighttime,6,0.4535370442245308,0.3663397776820688,0.8514851485148031,186.7421875,0.8481728365670753,0.8483315478316074,low_flow,45302.csv
45302,2023-08-14,daytime,6,0.8816512012201392,0.02018083469249604,0.6053034521158074,186.1640625,0.8490060707058683,0.8489148117287625,low_flow,45302.csv
45302,2023-08-14,nighttime,6,0.9265442454442904,0.00789544745016149,1.904761904761768,186.1640625,0.8490060707058683,0.8489148117287625,low_flow,45302.csv
45302,2023-08-15,daytime,6,0.9672608929262048,0.00159022800623456,1.5952238486660844,185.46875,0.8505535055350554,0.8495813990397968,low_flow,45302.csv
45302,2023-08-15,nighttime,6,0.12325298302457206,0.8160567118495813,0.29032258064527106,185.46875,0.8505535055350554,0.8495813990397968,low_flow,45302.csv
45302,2023-08-16,daytime,6,0.9776450574373836,7.44029317328424e-4,0.7082459787913289,184.5859375,0.8520414236400429,0.8503035352934174,low_flow,45302.csv
45302,2023-08-16,nighttime,6,0.8942647693448607,0.01617885178801593,1.6035502958579948,184.5859375,0.8520414236400429,0.8503035352934174,low_flow,45302.csv
45302,2023-08-17,daytime,6,0.9867357855043246,2.627422304026142e-4,1.266784212667838,183.9765625,0.8529341745030353,0.8510018648573583,low_flow,45302.csv
45302,2023-08-17,nighttime,6,0.97208775877115,0.0011577666968118,3.165890027958985,183.9765625,0.8529341745030353,0.8510018648573583,low_flow,45302.csv
45302,2023-08-18,daytime,6,0.9613826931929168,0.00220814965252803,1.594073053067009,183.96875,0.8529936912272349,0.8516763877316192,low_flow,45302.csv
45302,2023-08-18,nighttime,6,0.8259655309105378,0.04279641695752829,1.9184549356223473,183.96875,0.8529936912272349,0.8516763877316192,low_flow,45302.csv
45302,2023-08-19,daytime,6,0.9598083082300154,0.0023905958624862,1.8115501519756831,183.953125,0.8531127246756338,0.8523072650081339,low_flow,45302.csv
45302,2023-08-19,nighttime,6,0.8622186802845156,0.02716773902108618,1.4868421052631573,183.953125,0.8531127246756338,0.8523072650081339,low_flow,45302.csv
45302,2023-08-20,daytime,6,0.9765536343839492,8.181534814604337e-4,1.545882352941209,184.1484375,0.8527556243304368,0.8529738523191683,low_flow,45302.csv
45302,2023-08-20,nighttime,6,0.6150847891314,0.19372511448907423,1.0416666666666456,184.1484375,0.8527556243304368,0.8529738523191683,low_flow,45302.csv
45302,2023-08-21,daytime,6,0.9654945259767632,0.00176540001911738,0.7854777672658547,183.890625,0.8532317581240328,0.8536206007221363,low_flow,45302.csv
45302,2023-08-21,nighttime,6,0.8067430836895219,0.05241345112206591,0.9512195121952706,183.890625,0.8532317581240328,0.8536206007221363,low_flow,45302.csv
45302,2023-08-22,daytime,6,0.22175110759364391,0.6728254836102869,1.030303030302686,183.1796875,0.8540054755386264,0.8542356068721978,low_flow,45302.csv
45302,2023-08-22,nighttime,6,0.2384158242717188,0.6491522922822501,0.60000000000021,183.1796875,0.8540054755386264,0.8542356068721978,low_flow,45302.csv
45302,2023-08-23,daytime,6,-0.6598567982421667,0.15386925490838932,-0.9644859813082168,183.1328125,0.8540649922628258,0.8547038051025672,low_flow,45302.csv
45302,2023-08-23,nighttime,6,0.20869596778242183,0.6915008211439287,0.1785714285714707,183.1328125,0.8540649922628258,0.8547038051025672,low_flow,45302.csv
45302,2023-08-24,daytime,6,0.9228203450364983,0.00870518071824341,1.0422535211268646,183.0703125,0.8541245089870253,0.8549021941832321,low_flow,45302.csv
45302,2023-08-24,nighttime,6,1.1460728464787515e-14,0.9999999999999828,6.038633565951328e-14,183.0703125,0.8541245089870253,0.8549021941832321,low_flow,45302.csv
45302,2023-08-25,daytime,6,0.27318903146758894,0.6004108084239866,0.1767961836786941,182.7734375,0.8546601595048209,0.8529143355949689,low_flow,45302.csv
45302,2023-08-25,nighttime,6,-0.8675316131034004,0.025159541040688,-1.8421052631577923,182.7734375,0.8546601595048209,0.8529143355949689,low_flow,45302.csv
45302,2023-08-26,daytime,6,0.925323221415612,0.00815670983408121,0.6616934796894262,182.2734375,0.8556124270920129,0.8488473594413364,low_flow,45302.csv
45302,2023-08-26,nighttime,6,0.16818903394598467,0.7500952770304635,0.07586206896550071,182.2734375,0.8556124270920129,0.8488473594413364,low_flow,45302.csv
45302,2023-08-27,daytime,6,0.953154152674394,0.00324039772890436,1.2052649425109645,181.640625,0.8573384120937984,0.843459112010475,low_flow,45302.csv
45302,2023-08-27,nighttime,6,-0.3549999999999976,0.4898694375000032,-0.2839999999999879,181.640625,0.8573384120937984,0.843459112010475,low_flow,45302.csv
45302,2023-08-28,daytime,6,0.9539213171475072,0.00313594935333513,1.4427184466019642,181.3046875,0.8578740626115938,0.8374241161766456,low_flow,45302.csv
45302,2023-08-28,nighttime,6,-0.5766892862845259,0.23086100220632136,-1.775862068965409,181.3046875,0.8578740626115938,0.8374241161766456,low_flow,45302.csv
45302,2023-08-29,daytime,6,0.9437087746566476,0.0046638680153944,0.6568627450980362,181.140625,0.8582311629567908,0.8318573185731857,low_flow,45302.csv
45302,2023-08-29,nighttime,6,0.2903261559143078,0.5767464569887669,2.5999999999989005,181.140625,0.8582311629567908,0.8318573185731857,low_flow,45302.csv
45302,2023-08-30,daytime,6,0.927605106112727,0.00767181942411906,0.5951993490642785,181.5078125,0.8575764789905963,0.8274054676030631,low_flow,45302.csv
45302,2023-08-30,nighttime,6,0.5550662947336032,0.2529081297115483,1.2500000000000286,181.5078125,0.8575764789905963,0.8274054676030631,low_flow,45302.csv
45302,2023-08-31,daytime,6,0.7942098153317113,0.05916683414551128,0.5000000000000009,182.625,0.8550172598500179,0.8245089870253541,low_flow,45302.csv
45302,2023-08-31,nighttime,6,0.6423640548375705,0.1689837648469734,5.59999999999805,182.625,0.8550172598500179,0.8245089870253541,low_flow,45302.csv
45302,2023-09-01,daytime,6,0.9085459126755624,0.01216332099434471,1.1367205542723262,200.1015625,0.8231162956790858,0.8231996190929651,low_flow,45302.csv
45302,2023-09-01,nighttime,6,0.5757953235457631,0.2317566787692242,1.1025641025640696,200.1015625,0.8231162956790858,0.8231996190929651,low_flow,45302.csv
45302,2023-09-02,daytime,6,0.790712754303108,0.06111821566939429,0.5582380891228904,219.6796875,0.7919890489227472,0.8226480974487164,low_flow,45302.csv
45302,2023-09-02,nighttime,6,0.8832706715429394,0.01964334266942529,2.4356435643563956,219.6796875,0.7919890489227472,0.8226480974487164,low_flow,45302.csv
45302,2023-09-03,daytime,6,0.8965056601371857,0.01551234958219273,2.334169672259793,238.984375,0.7722890132127128,0.8224060627703051,low_flow,45302.csv
45302,2023-09-03,nighttime,6,-0.11495937361457416,0.8283205714368962,-0.01710261569415596,238.984375,0.7722890132127128,0.8224060627703051,low_flow,45302.csv
45302,2023-09-04,daytime,6,0.8764224052203303,0.02196353010171048,1.873507297655841,248.921875,0.7622306868229972,0.8222354481609332,low_flow,45302.csv
45302,2023-09-04,nighttime,6,-0.20416291682837304,0.698010634801516,-0.07164179104476642,248.921875,0.7622306868229972,0.8222354481609332,low_flow,45302.csv
45302,2023-09-05,daytime,6,-0.524069002013032,0.28586383216807615,-0.6578421578422633,241.7734375,0.7697297940721343,0.8221521247470539,low_flow,45302.csv
45302,2023-09-05,nighttime,6,0.08451542547284203,0.873528702595997,0.02380952380954994,241.7734375,0.7697297940721343,0.8221521247470539,low_flow,45302.csv
45302,2023-09-06,daytime,6,0.9594379171270054,0.00243455580657753,0.931968772551348,224.7578125,0.7872277109867872,0.8221521247470539,low_flow,45302.csv
45302,2023-09-06,nighttime,6,0.6631976363466174,0.15105102004609783,0.17006802721089162,224.7578125,0.7872277109867872,0.8221521247470539,low_flow,45302.csv
45302,2023-09-07,daytime,6,0.8808200783062871,0.020459373514441,0.3830149239220303,207.1875,0.8106177835971908,0.8222830615402928,low_flow,45302.csv
45302,2023-09-07,nighttime,6,0.18208926018232333,0.7298848308833843,0.34482758620710174,207.1875,0.8106177835971908,0.8222830615402928,low_flow,45302.csv
45302,2023-09-08,daytime,6,0.21492402295542268,0.6825778868699532,0.07878202029968384,195.078125,0.8344839900011903,0.822656033011943,low_flow,45302.csv
45302,2023-09-08,nighttime,6,1.2497135045489682e-14,0.9999999999999812,-1.0050744504482375e-13,195.078125,0.8344839900011903,0.822656033011943,low_flow,45302.csv
45302,2023-09-09,daytime,6,-0.241777051750088,0.6444010993006151,-0.05757341576508208,188.0390625,0.8463873348410903,0.8252469944054279,low_flow,45302.csv
45302,2023-09-09,nighttime,6,0.7071067811865476,0.11611652351681544,0.750000000000041,188.0390625,0.8463873348410903,0.8252469944054279,low_flow,45302.csv
45302,2023-09-10,daytime,6,0.4809551269219291,0.3341940587495454,0.535437983528833,184.59375,0.8519819069158433,0.8299686545252549,low_flow,45302.csv
45302,2023-09-10,nighttime,6,0.17000510022950654,0.7474490707573225,0.24999999999999556,184.59375,0.8519819069158433,0.8299686545252549,low_flow,45302.csv
45302,2023-09-11,daytime,6,0.975872671548398,8.661693708516497e-4,1.4458290946082903,182.703125,0.8547791929532198,0.8360591993016704,low_flow,45302.csv
45302,2023-09-11,nighttime,6,-0.7372097807744884,0.094514073613945,-1.2499999999998277,182.703125,0.8547791929532198,0.8360591993016704,low_flow,45302.csv
45302,2023-09-12,daytime,6,0.8610121467776675,0.02763397751610388,1.4971942221759875,181.875,0.8566242114034044,0.8428282347339602,low_flow,45302.csv
45302,2023-09-12,nighttime,6,0.04756514941547073,0.928706082606902,0.05882352941187811,181.875,0.8566242114034044,0.8428282347339602,low_flow,45302.csv
45302,2023-09-13,daytime,6,0.6236171652532532,0.18583610128098849,0.9055575735560426,181.140625,0.8582311629567908,0.8491330397174939,low_flow,45302.csv
45302,2023-09-13,nighttime,6,0.3912927904356217,0.4430162432794392,0.7272727272727207,181.140625,0.8582311629567908,0.8491330397174939,low_flow,45302.csv
45302,2023-09-14,daytime,6,0.8472657661284692,0.03321014657286271,0.422413793103463,180.4140625,0.8595405308891798,0.8542237035273579,low_flow,45302.csv
45302,2023-09-14,nighttime,6,0.683130051063976,0.13470193531896502,1.1666666666666812,180.4140625,0.8595405308891798,0.8542237035273579,low_flow,45302.csv
45302,2023-09-15,daytime,6,0.9092741760050768,0.01197337263584525,0.7180438448566705,179.6484375,0.8606118319247709,0.8577153513470618,low_flow,45302.csv
45302,2023-09-15,nighttime,6,0.6895844196475471,0.12958126253586358,1.557692307692327,179.6484375,0.8606118319247709,0.8577153513470618,low_flow,45302.csv
45302,2023-09-16,daytime,6,0.9513988675259388,0.0034857054762607,1.1374978489072567,179.0234375,0.8619807165813593,0.8595722731420862,low_flow,45302.csv
45302,2023-09-16,nighttime,6,0.813064197083604,0.04915125632383858,2.7406143344710014,179.0234375,0.8619807165813593,0.8595722731420862,low_flow,45302.csv
45302,2023-09-17,daytime,6,0.981030633025459,5.363423861759751e-4,2.2725958062183684,178.4453125,0.8628139507201523,0.860588025235091,low_flow,45302.csv
45302,2023-09-17,nighttime,6,0.7292928985449773,0.10000447794944102,2.3571428571426796,178.4453125,0.8628139507201523,0.860588025235091,low_flow,45302.csv
45302,2023-09-18,daytime,6,0.6403208686131996,0.17078793761106836,1.7428571428573147,178.0234375,0.8636471848589453,0.8603578939015196,low_flow,45302.csv
45302,2023-09-18,nighttime,6,0.8806003174312645,0.02053332839237571,6.000000000000691,178.0234375,0.8636471848589453,0.8603578939015196,low_flow,45302.csv
45302,2023-09-19,daytime,6,0.9532611786897062,0.00322572524160105,1.7222808870115751,177.859375,0.8637662183073443,0.855271197873269,low_flow,45302.csv
45302,2023-09-19,nighttime,6,-0.5556371806977349,0.2523159059537431,-0.7610619469026818,177.859375,0.8637662183073443,0.855271197873269,low_flow,45302.csv
45302,2023-09-20,daytime,6,0.7321999045351032,0.09797244155084696,2.4333333333331044,177.609375,0.8643018688251398,0.8470023409911518,low_flow,45302.csv
45302,2023-09-20,nighttime,6,0.5996253511966854,0.2083597891504419,1.3333333333330724,177.609375,0.8643018688251398,0.8470023409911518,low_flow,45302.csv
45302,2023-09-21,daytime,6,0.7608672496772264,0.07893936834973107,1.9391727493918216,178.03125,0.8635876681347459,0.8353608697377296,low_flow,45302.csv
45302,2023-09-21,nighttime,6,-0.8086565380764733,0.05141571656212781,-1.3131672597864312,178.03125,0.8635876681347459,0.8353608697377296,low_flow,45302.csv
45302,2023-09-22,daytime,6,0.9441390016350334,0.00459352094952807,2.7668373060309706,178.3515625,0.8629925008927508,0.8213784073324604,low_flow,45302.csv
45302,2023-09-22,nighttime,6,0.28968272975112597,0.577630425502726,1.9999999999995224,178.3515625,0.8629925008927508,0.8213784073324604,low_flow,45302.csv
45302,2023-09-23,daytime,6,-0.4133088416831958,0.41533831330541016,-2.952380952380729,178.80078125,0.8623378169265563,0.8058762845692973,low_flow,45302.csv
45302,2023-09-23,nighttime,6,0.01087534878140314,0.9836876199591064,0.02247191011231917,178.80078125,0.8623378169265563,0.8058762845692973,low_flow,45302.csv
45302,2023-09-24,daytime,6,-0.4079542163820576,0.4220159007234373,-0.8514851485143838,179.12109375,0.8616236162361623,0.7909613934849026,low_flow,45302.csv
45302,2023-09-24,nighttime,6,-0.7315169559594507,0.09844816631753088,-2.051282051281964,179.12109375,0.8616236162361623,0.7909613934849026,low_flow,45302.csv
45302,2023-09-25,daytime,6,-0.7572281660192308,0.08125298205465022,-2.0833333333333397,186.4609375,0.8485299369122723,0.7771971590683648,low_flow,45302.csv
45302,2023-09-25,nighttime,6,-0.6002842255014942,0.20772721623576795,-0.92857142857142,186.4609375,0.8485299369122723,0.7771971590683648,low_flow,45302.csv
45302,2023-09-26,daytime,6,0.8425924320621179,0.03521565879988885,1.0750853242320453,232.234375,0.7784787525294607,0.7644843867793516,low_flow,45302.csv
45302,2023-09-26,nighttime,6,-0.9513029883089904,0.003499358400313,-0.5882352941176262,232.234375,0.7784787525294607,0.7644843867793516,low_flow,45302.csv
45302,2023-09-27,daytime,6,0.7848445874969522,0.06445780608837069,0.5176698402451945,291.4765625,0.7325913581716462,0.7524342340197595,low_flow,45302.csv
45302,2023-09-27,nighttime,6,-0.4780914437337549,0.3375018565403678,-0.714285714285615,291.4765625,0.7325913581716462,0.7524342340197595,low_flow,45302.csv
45302,2024-05-10,daytime,6,NA,NA,-5.92735621422574e-15,2275.328125,0.0935007737174146,0.17552672300916558,high_flow,45302.csv
45302,2024-05-10,nighttime,6,-0.22249707974498648,0.6717617338415542,-0.24999999999993608,2275.328125,0.0935007737174146,0.17552672300916558,high_flow,45302.csv
45302,2024-05-11,daytime,6,NA,NA,-9.414454726640516e-15,1962.421875,0.13379359600047613,0.1852557235249772,high_flow,45302.csv
45302,2024-05-11,nighttime,6,-0.957230167075912,0.00270476937000445,-0.7500000000000326,1962.421875,0.13379359600047613,0.1852557235249772,high_flow,45302.csv
45302,2024-05-12,daytime,6,NA,NA,-1.6944925392742427e-14,1714.25,0.17628853707891917,0.1982502083085347,high_flow,45302.csv
45302,2024-05-12,nighttime,6,-0.9685529083163924,0.00146783004075884,-0.29763912310287916,1714.25,0.17628853707891917,0.1982502083085347,high_flow,45302.csv
45302,2024-05-13,daytime,6,-0.8165797956165751,0.04737905672115495,-0.3147058823529396,1545.734375,0.21390310677300323,0.21903344839900013,high_flow,45302.csv
45302,2024-05-13,nighttime,6,-0.8298585215630703,0.0409595458312817,-0.16277540282801953,1545.734375,0.21390310677300323,0.21903344839900013,high_flow,45302.csv
45302,2024-05-14,daytime,6,0.6652213338946167,0.1493546796020378,0.25015556938390543,1432.953125,0.23973336507558624,0.24755386263540055,high_flow,45302.csv
45302,2024-05-14,nighttime,6,-0.39025188667368943,0.4443391750584932,-0.1015310233682532,1432.953125,0.23973336507558624,0.24755386263540055,high_flow,45302.csv
45302,2024-05-15,daytime,6,0.90243079691359,0.01381520690554864,0.19052912405513717,1327.1875,0.2685394595881443,0.27920088878308136,normal_flow,45302.csv
45302,2024-05-15,nighttime,6,-0.09028938981433064,0.8649339426826386,-0.12500000000002398,1327.1875,0.2685394595881443,0.27920088878308136,normal_flow,45302.csv
45302,2024-05-16,daytime,6,0.9261671962389424,0.00797568261611324,0.15246768507638123,1203.375,0.3020473753124628,0.3112764353449986,normal_flow,45302.csv
45302,2024-05-16,nighttime,6,-0.6520679914138745,0.16052527653348092,-0.2816901408450644,1203.375,0.3020473753124628,0.3112764353449986,normal_flow,45302.csv
45302,2024-05-17,daytime,6,0.17740363352739272,0.736686177649227,0.03710883411799111,1072.515625,0.34817283656707537,0.33996349640915763,normal_flow,45302.csv
45302,2024-05-17,nighttime,6,0.1593132469692951,0.7630518712588658,0.02538071065991582,1072.515625,0.34817283656707537,0.33996349640915763,normal_flow,45302.csv
45302,2024-05-18,daytime,6,0.8406381257761654,0.03607071686484701,0.7470930232558325,956.953125,0.3936436138554934,0.3650716184581201,normal_flow,45302.csv
45302,2024-05-18,nighttime,6,0.6829268292682927,0.1348645550702977,0.3414634146341434,956.953125,0.3936436138554934,0.3650716184581201,normal_flow,45302.csv
45302,2024-05-19,daytime,6,0.9371086323540536,0.00580860831473383,0.4390862944162351,870.171875,0.42887751458159745,0.3890132127127723,normal_flow,45302.csv
45302,2024-05-19,nighttime,6,0.9045340337332876,0.01323559956368358,2.0454545454543633,870.171875,0.42887751458159745,0.3890132127127723,normal_flow,45302.csv
45302,2024-05-20,daytime,6,0.9609814649849254,0.00225396730434633,0.43036211699164406,798.84375,0.460957028925128,0.4124786731738285,normal_flow,45302.csv
45302,2024-05-20,nighttime,6,0.6968731476445639,0.12390229283190458,0.3362068965517326,798.84375,0.460957028925128,0.4124786731738285,normal_flow,45302.csv
45302,2024-05-21,daytime,6,0.4884657718925899,0.3255750181866315,1.1176470588232352,730.375,0.492381859302464,0.4350275760822124,normal_flow,45302.csv
45302,2024-05-21,nighttime,6,0.323910532071565,0.5311262298046031,0.03278688524591005,730.375,0.492381859302464,0.4350275760822124,normal_flow,45302.csv
45302,2024-05-22,daytime,6,0.9619960788855912,0.00213900253609508,0.8252299605781985,676.828125,0.5180335674324485,0.4583343252787367,normal_flow,45302.csv
45302,2024-05-22,nighttime,6,0.37037744077714,0.469837925390916,0.10904007455733251,676.828125,0.5180335674324485,0.4583343252787367,normal_flow,45302.csv
45302,2024-05-23,daytime,6,0.9934918158027842,6.3396860490495e-5,1.389380530973494,652.40625,0.5311867634805381,0.481430782049756,normal_flow,45302.csv
45302,2024-05-23,nighttime,6,0.4786497381671799,0.33685605373795646,0.1008064516129102,652.40625,0.5311867634805381,0.481430782049756,normal_flow,45302.csv
45302,2024-05-24,daytime,6,0.6820550125856156,0.13556314972845898,0.4348277652761264,714.015625,0.4983930484466135,0.5030075784628815,normal_flow,45302.csv
45302,2024-05-24,nighttime,6,0.4620321246520917,0.356267662958412,0.02736842105262969,714.015625,0.4983930484466135,0.5030075784628815,normal_flow,45302.csv
45302,2024-05-25,daytime,6,0.9940357380238573,5.32525497613464e-5,1.2910737386805775,776.921875,0.47012260445185095,0.5222156092528667,normal_flow,45302.csv
45302,2024-05-25,nighttime,6,0.9704565773490996,0.00129632777907619,0.35130111524162916,776.921875,0.47012260445185095,0.5222156092528667,normal_flow,45302.csv
45302,2024-05-26,daytime,6,-0.06387722841660741,0.90431447651255,-0.01795332136464409,728,0.4929175098202595,0.5396936872594532,normal_flow,45302.csv
45302,2024-05-26,nighttime,6,0.9835179177842422,4.052497979825992e-4,0.3415492957746427,728,0.4929175098202595,0.5396936872594532,normal_flow,45302.csv
45302,2024-05-27,daytime,6,0.996798096173322,1.53618689127641e-5,0.31436136098275197,657.421875,0.5282704439947625,0.5548029996428997,normal_flow,45302.csv
45302,2024-05-27,nighttime,6,0.8395557392664805,0.03654843417925603,0.3904208998548532,657.421875,0.5282704439947625,0.5548029996428997,normal_flow,45302.csv
45302,2024-05-28,daytime,6,0.9574908095140178,0.00267213919530229,1.6499442586399078,612.328125,0.552136650398762,0.5585009721064953,normal_flow,45302.csv
45302,2024-05-28,nighttime,6,0.9867724131746062,2.612963706633639e-4,0.623287671232866,612.328125,0.552136650398762,0.5585009721064953,normal_flow,45302.csv
45302,2024-05-29,daytime,6,0.8360002441303885,0.03813841773711994,1.4829099307159666,557.125,0.5893346030234496,0.5445780264254255,normal_flow,45302.csv
45302,2024-05-29,nighttime,6,-0.345952681617799,0.5017733495841393,-0.20814479638009753,557.125,0.5893346030234496,0.5445780264254255,normal_flow,45302.csv
45302,2024-05-30,daytime,6,0.9438589324483856,0.00463925594398142,0.30614334470988636,511.453125,0.6149863111534342,0.5256794826012776,normal_flow,45302.csv
45302,2024-05-30,nighttime,6,0.40533961419994025,0.42528926911610904,0.31034482758623944,511.453125,0.6149863111534342,0.5256794826012776,normal_flow,45302.csv
45302,2024-05-31,daytime,6,0.5047357639682354,0.3071891392365869,0.18503489693231223,490.71875,0.6256993215093442,0.5088322818712058,normal_flow,45302.csv
45302,2024-05-31,nighttime,6,0.9189796261475442,0.00958053040908046,0.7859922178988028,490.71875,0.6256993215093442,0.5088322818712058,normal_flow,45302.csv
45302,2024-06-01,daytime,6,0.8936537792746204,0.01636291570986293,1.3083382070348573,471.640625,0.6362932984168551,0.4981470459865889,normal_flow,45302.csv
45302,2024-06-01,nighttime,6,0.7660273114941466,0.0757106193904389,0.6277372262773796,471.640625,0.6362932984168551,0.4981470459865889,normal_flow,45302.csv
45302,2024-06-02,daytime,6,0.7023867907443444,0.11968009348763568,1.8504672897196035,438.296875,0.6558147839542912,0.4935364837519343,normal_flow,45302.csv
45302,2024-06-02,nighttime,6,0.6000683634087117,0.2079343753339963,0.9137931034483062,438.296875,0.6558147839542912,0.4935364837519343,normal_flow,45302.csv
45302,2024-06-03,daytime,6,0.920058912898034,0.009330431258002,0.7599496221661274,438.765625,0.6555172003332936,0.4913740427726858,normal_flow,45302.csv
45302,2024-06-03,nighttime,6,0.640141215449129,0.17094695874379018,2.2500000000000133,438.765625,0.6555172003332936,0.4913740427726858,normal_flow,45302.csv
45302,2024-06-04,daytime,6,0.0909911635331256,0.8638899304487964,0.05494505494526087,678.953125,0.516426615879062,0.490318612863548,normal_flow,45302.csv
45302,2024-06-04,nighttime,6,0.8031745051446081,0.0542978761969181,0.3035714285714437,678.953125,0.516426615879062,0.490318612863548,normal_flow,45302.csv
45302,2024-06-05,daytime,6,-0.01523922871960548,0.9771429264548136,-0.00836042731078525,1269.375,0.2835376740864183,0.4909812323929691,normal_flow,45302.csv
45302,2024-06-05,nighttime,6,-0.7632443433541838,0.0774444004961169,-0.3163265306122406,1269.375,0.2835376740864183,0.4909812323929691,normal_flow,45302.csv
45302,2024-06-06,daytime,6,0.7814706883080548,0.06641464989953857,0.3849206349205971,1454.09375,0.23455541007022973,0.4919334999801611,normal_flow,45302.csv
45302,2024-06-06,nighttime,6,-0.8755169146059131,0.02227956047885027,-0.21188630490955812,1454.09375,0.23455541007022973,0.4919334999801611,normal_flow,45302.csv
45302,2024-06-07,daytime,6,-0.6356698078402176,0.17492477812150514,-0.17572954086907497,1288.640625,0.2784787525294608,0.4931833511883506,normal_flow,45302.csv
45302,2024-06-07,nighttime,6,-0.12584028419428672,0.8122359630555627,-0.03870967741934363,1288.640625,0.2784787525294608,0.4931833511883506,normal_flow,45302.csv
45302,2024-06-08,daytime,6,0.2259615742537442,0.6668262831697781,0.04854755272582571,1100.671875,0.33811451017735983,0.49563544022537,normal_flow,45302.csv
45302,2024-06-08,nighttime,6,NA,NA,-0,1100.671875,0.33811451017735983,0.49563544022537,normal_flow,45302.csv
45302,2024-06-09,daytime,6,0.22820951314013307,0.6636282583033624,0.0101453730949929,938.75,0.4009641709320319,0.4986628575963179,normal_flow,45302.csv
45302,2024-06-09,nighttime,6,0.5843817042692162,0.22321119705242357,0.4363636363636385,938.75,0.4009641709320319,0.4986628575963179,normal_flow,45302.csv
45302,2024-06-10,daytime,6,0.7472402944937038,0.08775711420087516,0.1166739225076118,799.953125,0.4604808951315319,0.5005197793913423,normal_flow,45302.csv
45302,2024-06-10,nighttime,6,0.831632035280784,0.04013522901596846,0.3815789473684236,799.953125,0.4604808951315319,0.5005197793913423,normal_flow,45302.csv
45302,2024-06-11,daytime,6,0.16930896599428785,0.7484632162890658,0.03239259243965462,684.234375,0.5124389953576955,0.5017101138753323,normal_flow,45302.csv
45302,2024-06-11,nighttime,6,NA,NA,5.435345895250143e-15,684.234375,0.5124389953576955,0.5017101138753323,normal_flow,45302.csv
45302,2024-06-12,daytime,6,0.886386650002412,0.01862872976636404,0.2618937644341847,595.84375,0.5620759433400786,0.511796214736341,normal_flow,45302.csv
45302,2024-06-12,nighttime,6,-0.3855883998474547,0.4502817361205623,-0.0991189427312711,595.84375,0.5620759433400786,0.511796214736341,normal_flow,45302.csv
45302,2024-06-13,daytime,6,0.7820919376346078,0.06605232056839178,0.7101449275362246,532.15625,0.6036186168313296,0.5376225052573106,normal_flow,45302.csv
45302,2024-06-13,nighttime,6,0.7184212081070991,0.10776720928634435,0.12903225806452684,532.15625,0.6036186168313296,0.5376225052573106,normal_flow,45302.csv
45302,2024-06-14,daytime,6,0.9672076192518488,0.00159537886948546,0.9388549937317328,476.59375,0.6337340792762767,0.5675752886561124,normal_flow,45302.csv
45302,2024-06-14,nighttime,6,0.41693635027110815,0.4108347316457286,1.3658536585367278,476.59375,0.6337340792762767,0.5675752886561124,normal_flow,45302.csv
45302,2024-06-15,daytime,6,0.97439471022797,9.750524873323612e-4,1.3882854100106796,424.71875,0.6624806570646352,0.595873507122168,normal_flow,45302.csv
45302,2024-06-15,nighttime,6,0.6204366813009224,0.1887609458705831,0.8048780487805317,424.71875,0.6624806570646352,0.595873507122168,normal_flow,45302.csv
45302,2024-06-16,daytime,6,0.9015970184478884,0.01404829491061986,2.040065861690582,385.71875,0.6817045589810736,0.6212038249414752,normal_flow,45302.csv
45302,2024-06-16,nighttime,6,-0.2729077673021106,0.6008012500138938,-0.2830188679246213,385.71875,0.6817045589810736,0.6212038249414752,normal_flow,45302.csv
45302,2024-06-17,daytime,6,0.8672460860528337,0.0252656014527817,1.955980066445156,381.5,0.6836686108796571,0.6431535928262508,normal_flow,45302.csv
45302,2024-06-17,nighttime,6,-0.549313786382811,0.25890583931894934,-0.08229426433913938,381.5,0.6836686108796571,0.6431535928262508,normal_flow,45302.csv
45302,2024-06-18,daytime,6,-0.2766591879921999,0.5955990075065859,-0.12444977991198304,401.578125,0.6733722175931437,0.6617426496845614,normal_flow,45302.csv
45302,2024-06-18,nighttime,6,0.0377964473009236,0.9433323265109724,0.02000000000003406,401.578125,0.6733722175931437,0.6617426496845614,normal_flow,45302.csv
45302,2024-06-19,daytime,6,0.630127981870947,0.17990773667999027,0.1441243489583304,414.765625,0.6677181287941911,0.6774391937467762,normal_flow,45302.csv
45302,2024-06-19,nighttime,6,-0.21838505052336907,0.6776300374373969,-0.2446808510637075,414.765625,0.6677181287941911,0.6774391937467762,normal_flow,45302.csv
45302,2024-06-20,daytime,6,0.8297110733652024,0.04102843153292602,0.28083745874587723,407.671875,0.6709320319009642,0.6902551283577352,normal_flow,45302.csv
45302,2024-06-20,nighttime,6,0.9065195959149338,0.01269943564908967,0.7166666666666595,407.671875,0.6709320319009642,0.6902551283577352,normal_flow,45302.csv
45302,2024-06-21,daytime,6,0.836616429525793,0.03786059052485734,0.5179548938033959,381.328125,0.6838471610522557,0.7005515216442487,normal_flow,45302.csv
45302,2024-06-21,nighttime,6,0.5042194840896133,0.30776647099561655,0.9999999999999188,381.328125,0.6838471610522557,0.7005515216442487,normal_flow,45302.csv
45302,2024-06-22,daytime,6,0.810391432813871,0.05051876557482424,0.6575706310268978,346.453125,0.7029520295202952,0.7089116375034719,normal_flow,45302.csv
45302,2024-06-22,nighttime,6,0.7451347036974597,0.08915692311169014,0.609090909090908,346.453125,0.7029520295202952,0.7089116375034719,normal_flow,45302.csv
45302,2024-06-23,daytime,6,0.99681989230569,1.515354707148845e-5,1.312417488545487,316.40625,0.7180692774669682,0.7154822838550966,normal_flow,45302.csv
45302,2024-06-23,nighttime,6,0.7035770217013044,0.11877703612111326,0.8149466192171267,316.40625,0.7180692774669682,0.7154822838550966,normal_flow,45302.csv
45302,2024-06-24,daytime,6,0.5288863495014304,0.2806407243925568,0.5996409335726919,295.171875,0.7302106892036663,0.721187953815022,normal_flow,45302.csv
45302,2024-06-24,nighttime,6,0.04559607525877068,0.9316532842794728,0.02702702702703623,295.171875,0.7302106892036663,0.721187953815022,normal_flow,45302.csv
45302,2024-06-26,daytime,6,-0.1578324578971486,0.7652172020230167,-0.19523809523816776,268.609375,0.7478871562909177,0.7337102725865968,normal_flow,45302.csv
45302,2024-06-26,nighttime,6,-0.05458155346042146,0.9182089730171042,-0.02830188679244491,268.609375,0.7478871562909177,0.7337102725865968,normal_flow,45302.csv
45302,2024-06-27,daytime,6,0.02612649721367145,0.9608191710727398,0.00682593856653842,259.46875,0.7543149625044637,0.7409752807205492,normal_flow,45302.csv
45302,2024-06-27,nighttime,6,-0.02789641763258593,0.9581662281883322,-0.00389105058365592,259.46875,0.7543149625044637,0.7409752807205492,normal_flow,45302.csv
45302,2024-06-28,daytime,6,0.8370619794453799,0.03766029347209729,0.9773031759792336,254.390625,0.7580645161290323,0.7482839344522477,normal_flow,45302.csv
45302,2024-06-28,nighttime,6,0.8697613117304256,0.02433861201927853,0.35537190082643255,254.390625,0.7580645161290323,0.7482839344522477,normal_flow,45302.csv
45302,2024-06-29,daytime,6,0.6875020826579278,0.13122393852701056,0.4643343934574879,252.625,0.7591358171646233,0.7550291631948578,low_flow,45302.csv
45302,2024-06-29,nighttime,6,-0.4117643769835386,0.4172607394384433,-0.4342857142857134,252.625,0.7591358171646233,0.7550291631948578,low_flow,45302.csv
45302,2024-06-30,daytime,6,0.8439412685106341,0.03463113876955913,0.9176976305305528,250.109375,0.7610403523390072,0.7607070586834901,low_flow,45302.csv
45302,2024-06-30,nighttime,6,0.8313132454509864,0.04028282228666777,0.5797665369649753,250.109375,0.7610403523390072,0.7607070586834901,low_flow,45302.csv
45302,2024-07-01,daytime,6,-0.00347208596433837,0.994791891982152,-7.40544829406152e-4,243.96875,0.7672896083799547,0.7655041066539697,low_flow,45302.csv
45302,2024-07-01,nighttime,6,0.9810077663422246,5.376321127228442e-4,1.0693069306930836,243.96875,0.7672896083799547,0.7655041066539697,low_flow,45302.csv
45302,2024-07-02,daytime,6,0.07531111616925591,0.8872468991930942,0.06298517995762458,240.171875,0.7712772289013212,0.769646470658255,low_flow,45302.csv
45302,2024-07-02,nighttime,6,-0.3156679052661072,0.5422256998809014,-0.12264150943396594,240.171875,0.7712772289013212,0.769646470658255,low_flow,45302.csv
45302,2024-07-03,daytime,6,0.8443312873571394,0.03446298179388567,0.3411624203821868,237.890625,0.7735983811451018,0.7733007975241043,low_flow,45302.csv
45302,2024-07-03,nighttime,6,0.3692744729379978,0.4712660955660486,0.06818181818183389,237.890625,0.7735983811451018,0.7733007975241043,low_flow,45302.csv
45302,2024-07-04,daytime,6,0.8611106777716542,0.02759576129805582,0.34559412235669035,234.21875,0.7766932508034757,0.776510732849264,low_flow,45302.csv
45302,2024-07-04,nighttime,6,0.3977854030886937,0.4347933293412554,0.4213197969543193,234.21875,0.7766932508034757,0.776510732849264,low_flow,45302.csv
45302,2024-07-05,daytime,6,-0.21665583414570797,0.6801011341777048,-0.0584941505849422,230.328125,0.7805618378764433,0.7794032456453597,low_flow,45302.csv
45302,2024-07-05,nighttime,6,0.8789604249176567,0.0210892181917065,1.2480000000000315,230.328125,0.7805618378764433,0.7794032456453597,low_flow,45302.csv
45302,2024-07-06,daytime,6,0.9738219212886275,0.00101896789612219,0.8160621761657855,226.796875,0.7850255921914058,0.7821291116136968,low_flow,45302.csv
45302,2024-07-06,nighttime,6,0.9170950169471924,0.01002494155651876,1.7381974248926575,226.796875,0.7850255921914058,0.7821291116136968,low_flow,45302.csv
45302,2024-07-07,daytime,6,0.980506609310852,5.662847518477386e-4,1.0610932475884285,223.6875,0.7881204618497798,0.7848629131452605,low_flow,45302.csv
45302,2024-07-07,nighttime,6,0.935352658142176,0.00613382858097213,1.955882352941144,223.6875,0.7881204618497798,0.7848629131452605,low_flow,45302.csv
45302,2024-07-08,daytime,6,0.9805820325936918,5.619253425719263e-4,0.989459815546774,221.328125,0.7900249970241638,0.7875729079871444,low_flow,45302.csv
45302,2024-07-08,nighttime,6,0.9931521876431854,7.017824547407685e-5,1.5868512110726685,221.328125,0.7900249970241638,0.7875729079871444,low_flow,45302.csv
45302,2024-07-09,daytime,6,0.9638556683339586,0.00193600936020707,0.9252234575975812,219.421875,0.7923461492679443,0.7899416736102844,low_flow,45302.csv
45302,2024-07-09,nighttime,6,0.9910165228632992,1.2069179604301952e-4,2.248357424441547,219.421875,0.7923461492679443,0.7899416736102844,low_flow,45302.csv
45302,2024-07-10,daytime,6,0.9668930463984546,0.00162596178960836,1.6774143058381603,217.703125,0.7941316509939292,0.792104114589533,low_flow,45302.csv
45302,2024-07-10,nighttime,6,0.998920444247911,1.7475318537389526e-6,1.7149844375277927,217.703125,0.7941316509939292,0.792104114589533,low_flow,45302.csv
45302,2024-07-11,daytime,6,0.9321949269213866,0.00674042404398068,0.9535839477819972,216.25,0.7960361861683133,0.7941713288100622,low_flow,45302.csv
45302,2024-07-11,nighttime,6,0.2171945885116616,0.6793310305287863,0.4074074074073238,216.25,0.7960361861683133,0.7941713288100622,low_flow,45302.csv
45302,2024-07-12,daytime,6,0.9635587097870252,0.00196775502163675,1.4417679095099027,215.09375,0.7977026544458993,0.7960877673292862,low_flow,45302.csv
45302,2024-07-12,nighttime,6,-0.6269417919404279,0.18279893186146373,-0.9302325581393338,215.09375,0.7977026544458993,0.7960877673292862,low_flow,45302.csv
45302,2024-07-13,daytime,6,0.8832424607887517,0.01965264620257234,0.7357692307692388,214.296875,0.7989525056540888,0.7977899456413919,low_flow,45302.csv
45302,2024-07-13,nighttime,6,-0.14784091590688395,0.7798543008890179,-0.17187499999992706,214.296875,0.7989525056540888,0.7977899456413919,low_flow,45302.csv
45302,2024-07-14,daytime,6,0.381377148522027,0.4556696499194274,0.29493249167104685,213.65625,0.8001428401380788,0.7992183470221799,low_flow,45302.csv
45302,2024-07-14,nighttime,6,0.14418745018212897,0.78521765477028,0.10810810810812024,213.65625,0.8001428401380788,0.7992183470221799,low_flow,45302.csv
45302,2024-07-15,daytime,6,0.1912277882252771,0.7166547329471252,0.1892725030826316,213,0.8016902749672657,0.8004801015752093,low_flow,45302.csv
45302,2024-07-15,nighttime,6,-0.2315842933279285,0.6588336416169003,-0.1340782122904776,213,0.8016902749672657,0.8004801015752093,low_flow,45302.csv
45302,2024-07-16,daytime,6,0.5230240339256051,0.287001644028205,0.24344258717759745,212.328125,0.8028210927270563,0.8016744038408126,low_flow,45302.csv
45302,2024-07-16,nighttime,6,0.6923947930993508,0.12737849447016333,0.5566037735848841,212.328125,0.8028210927270563,0.8016744038408126,low_flow,45302.csv
45302,2024-07-17,daytime,6,0.9652539608462466,0.00178995663051012,0.5868536943402362,211.8125,0.8037138435900488,0.8027933182557632,low_flow,45302.csv
45302,2024-07-17,nighttime,6,0.8162184781611502,0.04755980168002843,0.5875912408758874,211.8125,0.8037138435900488,0.8027933182557632,low_flow,45302.csv
45302,2024-07-18,daytime,6,0.9956168867835368,2.877541871502332e-5,0.8040366262574006,211.203125,0.8046065944530413,0.8038447803832877,low_flow,45302.csv
45302,2024-07-18,nighttime,6,0.8307331442245924,0.04055204763269188,1.0109289617486357,211.203125,0.8046065944530413,0.8038447803832877,low_flow,45302.csv
45302,2024-07-19,daytime,6,0.686107851275556,0.1323287946248232,0.9318004338394243,210.6875,0.8054398285918343,0.804789112407253,low_flow,45302.csv
45302,2024-07-19,nighttime,6,0.7796834155304505,0.06746207896564821,1.0087719298245357,210.6875,0.8054398285918343,0.804789112407253,low_flow,45302.csv
45302,2024-07-20,daytime,6,0.7999826454916379,0.05600937179592765,1.1294669009959144,210.296875,0.8060945125580288,0.8056858310518589,low_flow,45302.csv
45302,2024-07-20,nighttime,6,0.8652822998360525,0.02600080185133916,0.94848824188129,210.296875,0.8060945125580288,0.8056858310518589,low_flow,45302.csv
45302,2024-07-21,daytime,6,0.9474304341168188,0.0040726993304989,1.7055198042237056,209.84375,0.8064516129032258,0.8065666785700115,low_flow,45302.csv
45302,2024-07-21,nighttime,6,0.8771635143167231,0.02170647560389541,1.462184873949553,209.84375,0.8064516129032258,0.8065666785700115,low_flow,45302.csv
45302,2024-07-22,daytime,6,0.8353475846787407,0.03843372891526205,1.7381951731374603,209.25,0.8070467801452208,0.8074118160536444,low_flow,45302.csv
45302,2024-07-22,nighttime,6,0.965113499955635,0.00180437220860016,2.567999999999851,209.25,0.8070467801452208,0.8074118160536444,low_flow,45302.csv
45302,2024-07-23,daytime,6,0.8749272411103017,0.02248652374515299,2.805911879531709,208.5625,0.8079395310082134,0.8079117565369202,low_flow,45302.csv
45302,2024-07-23,nighttime,6,0.8790953229099038,0.02104322269871761,1.6744186046511662,208.5625,0.8079395310082134,0.8079117565369202,low_flow,45302.csv
45302,2024-07-24,daytime,6,0.9602007712237172,0.00234444735321866,1.874115267947428,208.0625,0.8091298654922033,0.8080466611117724,low_flow,45302.csv
45302,2024-07-24,nighttime,6,0.3042694414803969,0.557680453949976,0.14195583596213815,208.0625,0.8091298654922033,0.8080466611117724,low_flow,45302.csv
45302,2024-07-25,daytime,6,0.9571015367384564,0.00272094467299428,3.442755825734554,207.65625,0.8099035829067968,0.8078879498472404,low_flow,45302.csv
45302,2024-07-25,nighttime,6,-0.06743640944974656,0.8989987250705153,-0.05343511450381602,207.65625,0.8099035829067968,0.8078879498472404,low_flow,45302.csv
45302,2024-07-26,daytime,6,0.92100282162888,0.00911433819963314,2.0112520458264345,207.46875,0.8102011665277943,0.8076260762607625,low_flow,45302.csv
45302,2024-07-26,nighttime,6,-0.867257512634128,0.02526135291873888,-3.0959999999998207,207.46875,0.8102011665277943,0.8076260762607625,low_flow,45302.csv
45302,2024-07-27,daytime,6,0.899347552701468,0.01468652201930671,2.21599105395582,206.890625,0.8111534341149863,0.8076855929849621,low_flow,45302.csv
45302,2024-07-27,nighttime,6,-0.7995540996441842,0.05624102474036473,-3.681818181818013,206.890625,0.8111534341149863,0.8076855929849621,low_flow,45302.csv
45302,2024-07-28,daytime,6,0.953971922833593,0.00312911866012324,2.5067584799795646,206.28125,0.8121652184263778,0.8079950799507996,low_flow,45302.csv
45302,2024-07-28,nighttime,6,-0.0458831467741049,0.9312235778880784,-0.02105263157892706,206.28125,0.8121652184263778,0.8079950799507996,low_flow,45302.csv
45302,2024-07-29,daytime,6,0.9106832687735276,0.01160995656497612,13.650000000014252,206.046875,0.8128199023925723,0.8084672459627822,low_flow,45302.csv
45302,2024-07-29,nighttime,6,0.5191741316511597,0.2912083620449787,0.2380952380952378,206.046875,0.8128199023925723,0.8084672459627822,low_flow,45302.csv
45302,2024-07-30,daytime,6,0.9443102291865926,0.0045656691085566,0.451347928351731,207.921875,0.8091893822164028,0.8089513153196048,low_flow,45302.csv
45302,2024-07-30,nighttime,6,0.33396519335287667,0.5176762382421373,0.4482758620689769,207.921875,0.8091893822164028,0.8089513153196048,low_flow,45302.csv
45302,2024-07-31,daytime,6,0.10259087250639697,0.846653569916824,0.02866229533943323,211.078125,0.8048446613498393,0.809455223584494,low_flow,45302.csv
45302,2024-07-31,nighttime,6,-0.6429989066362565,0.16842481547154864,-0.6054054054054124,211.078125,0.8048446613498393,0.809455223584494,low_flow,45302.csv
45302,2024-08-01,daytime,6,0.857591797809102,0.02897611806740733,0.2646238890609597,213.0859375,0.8013331746220688,0.8100067452287426,low_flow,45302.csv
45302,2024-08-01,nighttime,6,-7.251952480885026e-15,0.9999999999999892,2.6004656346949203e-14,213.0859375,0.8013331746220688,0.8100067452287426,low_flow,45302.csv
45302,2024-08-02,daytime,6,0.992030159722996,9.50244154932502e-5,1.3530122722201694,213.3515625,0.8006784906558743,0.8106019124707377,low_flow,45302.csv
45302,2024-08-02,nighttime,6,0.9628935884422828,0.00203978302284998,1.342517814726811,213.3515625,0.8006784906558743,0.8106019124707377,low_flow,45302.csv
45302,2024-08-03,daytime,6,0.8685452779912914,0.02478472450326252,1.1486364457288132,210.0859375,0.8063325794548268,0.8112248541840257,low_flow,45302.csv
45302,2024-08-03,nighttime,6,0.7938841860374501,0.05934730898083979,0.8823529411764581,210.0859375,0.8063325794548268,0.8112248541840257,low_flow,45302.csv
45302,2024-08-04,daytime,6,0.8674636320285997,0.02518477369938217,1.1216069489685443,207.09375,0.8107368170455899,0.8118477958973138,low_flow,45302.csv
45302,2024-08-04,nighttime,6,0.950108338729042,0.00367167218713769,1.0944309927360247,207.09375,0.8107368170455899,0.8118477958973138,low_flow,45302.csv
45302,2024-08-05,daytime,6,0.9523238818733,0.00335533415942655,0.9972129319955528,205.5703125,0.8135341030829664,0.8124548664841487,low_flow,45302.csv
45302,2024-08-05,nighttime,6,0.9379037232623616,0.00566420138286406,0.9739130434782725,205.5703125,0.8135341030829664,0.8124548664841487,low_flow,45302.csv
45302,2024-08-06,daytime,6,0.7637143982760072,0.07715031117583265,1.1484752197416723,205.046875,0.8143078204975598,0.8130460659445304,low_flow,45302.csv
45302,2024-08-06,nighttime,6,0.927402433163694,0.00771430071411598,1.1987577639751217,205.046875,0.8143078204975598,0.8130460659445304,low_flow,45302.csv
45302,2024-08-07,daytime,6,0.9448662969582802,0.00447579216308041,0.7706715958102456,204.25,0.8154981549815498,0.8138554933936436,low_flow,45302.csv
45302,2024-08-07,nighttime,6,0.2696799449852975,0.6052866259760646,0.5333333333336494,204.25,0.8154981549815498,0.8138554933936436,low_flow,45302.csv
45302,2024-08-08,daytime,6,0.929876407763944,0.00720356727437473,0.652823734989031,203.2578125,0.8174026901559338,0.8149267944292347,low_flow,45302.csv
45302,2024-08-08,nighttime,6,-0.38729833462074587,0.4480998731654377,-0.5999999999999172,203.2578125,0.8174026901559338,0.8149267944292347,low_flow,45302.csv
45302,2024-08-09,daytime,6,0.9443465416866262,0.00455977319860401,2.5006756756753883,202.59375,0.8188310915367218,0.8162440979248502,low_flow,45302.csv
45302,2024-08-09,nighttime,6,0.9802189128062224,5.830670310964379e-4,2.636363636363781,202.59375,0.8188310915367218,0.8162440979248502,low_flow,45302.csv
45302,2024-08-10,daytime,6,0.741926633085387,0.09130871058970629,0.91828172739302,202.1640625,0.8195452922271158,0.817628853707892,low_flow,45302.csv
45302,2024-08-10,nighttime,6,0.4381871654989375,0.38478697063715633,0.4025974025974878,202.1640625,0.8195452922271158,0.817628853707892,low_flow,45302.csv
45302,2024-08-11,daytime,6,0.9182191233023208,0.00975868786720167,1.114803625377654,201.609375,0.8204975598143078,0.8186088957663771,low_flow,45302.csv
45302,2024-08-11,nighttime,6,0.7859683383739653,0.0638119809820582,0.8428571428571744,201.609375,0.8204975598143078,0.8186088957663771,low_flow,45302.csv
45302,2024-08-12,daytime,6,0.9538863286022822,0.00314067634935242,3.582682753726066,201.2890625,0.8212712772289014,0.817537594730786,low_flow,45302.csv
45302,2024-08-12,nighttime,6,-0.16430115259475417,0.7557659151322574,-0.09243697478991872,201.2890625,0.8212712772289014,0.817537594730786,low_flow,45302.csv
45302,2024-08-13,daytime,6,0.6976634140402943,0.12329321449636724,3.004032258063929,201.046875,0.8216878942982978,0.8155894139586557,low_flow,45302.csv
45302,2024-08-13,nighttime,6,0.12230612010593445,0.8174555954417686,0.06624605678235308,201.046875,0.8216878942982978,0.8155894139586557,low_flow,45302.csv
45302,2024-08-14,daytime,6,0.5993055850257505,0.20866707219879244,0.18344283837055184,201.265625,0.8213307939531008,0.8131373249216363,low_flow,45302.csv
45302,2024-08-14,nighttime,6,0.8507064103225319,0.03176909312431927,0.6621621621621584,201.265625,0.8213307939531008,0.8131373249216363,low_flow,45302.csv
45302,2024-08-15,daytime,6,0.9343416536633136,0.0063250004944833,1.028058821119875,201.3515625,0.8209141768837043,0.8111415307701464,low_flow,45302.csv
45302,2024-08-15,nighttime,6,-0.4438077013204867,0.3779958011548565,-0.6521739130434462,201.3515625,0.8209141768837043,0.8111415307701464,low_flow,45302.csv
45302,2024-08-16,daytime,6,-0.411911495790103,0.4170774905673828,-0.5480399692544212,201.3203125,0.8210927270563029,0.8098321628377574,low_flow,45302.csv
45302,2024-08-16,nighttime,6,-0.44919791404358145,0.371522429323128,-0.7857142857142881,201.3203125,0.8210927270563029,0.8098321628377574,low_flow,45302.csv
45302,2024-08-17,daytime,6,0.9755884120823992,8.866146915987762e-4,0.8617857644251321,201.25,0.8214498274014999,0.8081577589969449,low_flow,45302.csv
45302,2024-08-17,nighttime,6,0.9019120678598672,0.01395999975992723,1.2571428571428147,201.25,0.8214498274014999,0.8081577589969449,low_flow,45302.csv
45302,2024-08-18,daytime,6,0.9325429842813368,0.00667219360066503,2.236723549487875,201.328125,0.8210332103321033,0.8059477046383368,low_flow,45302.csv
45302,2024-08-18,nighttime,6,0.8261259293022762,0.04271999150684023,1.5583756345177546,201.328125,0.8210332103321033,0.8059477046383368,low_flow,45302.csv
45302,2024-08-19,daytime,6,0.994519159900753,4.497709114569453e-5,1.659384830478895,217.2265625,0.7946673015117248,0.8022933777724874,low_flow,45302.csv
45302,2024-08-19,nighttime,6,-0.08135460473892998,0.8782373185343972,-0.17241379310328214,217.2265625,0.7946673015117248,0.8022933777724874,low_flow,45302.csv
45302,2024-08-20,daytime,6,0.8623288422721146,0.02712535684692105,0.986432768752146,227.328125,0.7843113915010118,0.7970757449509979,low_flow,45302.csv
45302,2024-08-20,nighttime,6,0.7984066752013769,0.05686343978947916,1.110047846889966,227.328125,0.7843113915010118,0.7970757449509979,low_flow,45302.csv
45302,2024-08-21,daytime,6,0.9710468891706392,0.00124528849514731,2.3312994937038174,233.4375,0.7775264849422687,0.7913819783359124,low_flow,45302.csv
45302,2024-08-21,nighttime,6,0.8692671206561832,0.02451944518723664,1.9487179487179416,233.4375,0.7775264849422687,0.7913819783359124,low_flow,45302.csv
45302,2024-08-22,daytime,6,0.9802455197916752,5.815047433275708e-4,2.013617960986382,226.203125,0.7855612427092012,0.7866166726183391,low_flow,45302.csv
45302,2024-08-22,nighttime,6,0.8709722735407875,0.02389819455007334,1.7475728155339614,226.203125,0.7855612427092012,0.7866166726183391,low_flow,45302.csv
45302,2024-08-23,daytime,6,0.6507765636931436,0.1616403899098584,1.3452380952380392,215.0703125,0.7977621711700988,0.7832758004999405,low_flow,45302.csv
45302,2024-08-23,nighttime,6,0.7831108474983026,0.06546002575733599,1.0461538461538962,215.0703125,0.7977621711700988,0.7832758004999405,low_flow,45302.csv
45302,2024-08-24,daytime,6,0.6486323078014641,0.1634990859051927,0.7776412776410477,218.2265625,0.7937150339245328,0.7812839741300639,low_flow,45302.csv
45302,2024-08-24,nighttime,6,0.7442084075352531,0.08977587078380711,0.3076923076923174,218.2265625,0.7937150339245328,0.7812839741300639,low_flow,45302.csv
45302,2024-08-25,daytime,6,0.8138451440424236,0.04875497480743724,1.5175166297118103,225.390625,0.7863944768479942,0.780438836646431,low_flow,45302.csv
45302,2024-08-25,nighttime,6,-0.38729833462073165,0.44809987316545585,-0.19999999999996057,225.390625,0.7863944768479942,0.780438836646431,low_flow,45302.csv
45302,2024-08-26,daytime,6,0.6622124784790951,0.1518797672451168,0.3233400868739499,245.09375,0.7656826568265682,0.780307899853192,low_flow,45302.csv
45302,2024-08-26,nighttime,6,0.31941363828742614,0.537173642342636,0.07540983606557249,245.09375,0.7656826568265682,0.780307899853192,low_flow,45302.csv
45302,2024-08-27,daytime,6,0.6254001057430706,0.1842047409555676,0.4733743644635351,275.1953125,0.7430067849065587,0.7822322739356425,low_flow,45302.csv
45302,2024-08-27,nighttime,6,0.25478258003662174,0.6260956289215764,0.6874999999996438,275.1953125,0.7430067849065587,0.7822322739356425,low_flow,45302.csv
45302,2024-08-28,daytime,6,0.5532093469138651,0.25483823474313777,0.35893648449040516,285.15625,0.7362813950720153,0.7850335277546324,low_flow,45302.csv
45302,2024-08-28,nighttime,6,-0.12215256429482996,0.8176824879694601,-0.13636363636364773,285.15625,0.7362813950720153,0.7850335277546324,low_flow,45302.csv
45302,2024-08-29,daytime,6,0.5783373959620873,0.22921335866081224,0.18161696895173393,265.703125,0.7498512081895012,0.7883743998730309,low_flow,45302.csv
45302,2024-08-29,nighttime,6,0.46621069810424337,0.35134996341578945,0.41860465116277934,265.703125,0.7498512081895012,0.7883743998730309,low_flow,45302.csv
45302,2024-08-30,daytime,6,0.8885676452967609,0.01793391728426151,0.28967132358879727,240.40625,0.7708010951077253,0.7912669126691266,low_flow,45302.csv
45302,2024-08-30,nighttime,6,-0.10092946653787468,0.8491198721789497,-0.12903225806444474,240.40625,0.7708010951077253,0.7912669126691266,low_flow,45302.csv
45302,2024-08-31,daytime,6,0.9199169584902916,0.00936314227988193,0.34765875561257065,220.4140625,0.7912153315081538,0.7935166448438677,low_flow,45302.csv
45302,2024-08-31,nighttime,6,0.5118116071924118,0.2993174013995512,0.45199409158050446,220.4140625,0.7912153315081538,0.7935166448438677,low_flow,45302.csv
45302,2024-09-01,daytime,6,0.8828859614766388,0.01977039663577629,0.9188260817162996,208.2421875,0.8087727651470064,0.7961393484902591,low_flow,45302.csv
45302,2024-09-01,nighttime,6,0.7901684055074377,0.06142457816411092,1.089041095890409,208.2421875,0.8087727651470064,0.7961393484902591,low_flow,45302.csv
45302,2024-09-02,daytime,6,0.992128827949311,9.268919356982478e-5,3.396592244417897,202.515625,0.8190691584335198,0.799325477125739,low_flow,45302.csv
45302,2024-09-02,nighttime,6,0.24558907380839232,0.6390226181480636,0.37600000000011113,202.515625,0.8190691584335198,0.799325477125739,low_flow,45302.csv
45302,2024-09-03,daytime,6,0.9599539129858604,0.00237342289139241,1.1104190260475917,199.921875,0.8235329127484823,0.8039201682339404,low_flow,45302.csv
45302,2024-09-03,nighttime,6,0.7689364932156927,0.07391723617531502,3.509433962263797,199.921875,0.8235329127484823,0.8039201682339404,low_flow,45302.csv
45302,2024-09-04,daytime,6,0.5891152676879599,0.21855532787993415,0.405714285714265,198.640625,0.8263301987858588,0.8100702297345554,low_flow,45302.csv
45302,2024-09-04,nighttime,6,0.9843907173408284,3.635729591422437e-4,2.086206896551744,198.640625,0.8263301987858588,0.8100702297345554,low_flow,45302.csv
45302,2024-09-05,daytime,6,0.9639900962321046,0.00192172249583778,0.6949138150632148,197.890625,0.8276395667182478,0.8143474983136928,low_flow,45302.csv
45302,2024-09-05,nighttime,6,0.8675884710612686,0.02513844620614725,1.5957446808510087,197.890625,0.8276395667182478,0.8143474983136928,low_flow,45302.csv
45302,2024-09-06,daytime,6,0.8937493968404657,0.01633404434861825,0.88992552582044,197.2421875,0.8289489346506368,0.8153473792802444,low_flow,45302.csv
45302,2024-09-06,nighttime,6,0.8172363249345844,0.04705145398964518,2.9666666666666592,197.2421875,0.8289489346506368,0.8153473792802444,low_flow,45302.csv
45302,2024-09-07,daytime,6,0.9653629435277123,0.00177881103851351,1.352785438499743,196.359375,0.8315081537912153,0.8125977066222275,low_flow,45302.csv
45302,2024-09-07,nighttime,6,0.6048299975956433,0.20338425463648813,1.80769230769237,196.359375,0.8315081537912153,0.8125977066222275,low_flow,45302.csv
45302,2024-09-08,daytime,6,0.7812939448715011,0.0665178967888986,1.0231281392360314,195.859375,0.8330555886204023,0.8075308495020433,low_flow,45302.csv
45302,2024-09-08,nighttime,6,0.9528015444353084,0.0032889694485015,0.7454545454545608,195.859375,0.8330555886204023,0.8075308495020433,low_flow,45302.csv
45302,2024-09-09,daytime,6,0.8179691210598546,0.04668704282024005,0.98452722063036,195.2734375,0.8341864063801928,0.8017101138753323,low_flow,45302.csv
45302,2024-09-09,nighttime,6,0.4543694673976568,0.3653484536026287,0.05161290322582973,195.2734375,0.8341864063801928,0.8017101138753323,low_flow,45302.csv
45302,2024-09-10,daytime,6,0.7796580066508385,0.06747702371585526,1.3927879022876926,195.0234375,0.8346030234495894,0.7966432567551481,low_flow,45302.csv
45302,2024-09-10,nighttime,6,0.7744030926623615,0.07060018639247026,1.379310344827466,195.0234375,0.8346030234495894,0.7966432567551481,low_flow,45302.csv
45302,2024-09-11,daytime,6,0.9333917923285994,0.00650722123063608,3.087975361542441,194.6328125,0.8352577074157839,0.7929294131650994,low_flow,45302.csv
45302,2024-09-11,nighttime,6,0.259005943391245,0.6201786724597982,0.2884615384615182,194.6328125,0.8352577074157839,0.7929294131650994,low_flow,45302.csv
45302,2024-09-12,daytime,6,0.5601240069586961,0.2476803353535693,1.0492866407263368,213.46875,0.8004404237590763,0.7904892274729198,low_flow,45302.csv
45302,2024-09-12,nighttime,6,-0.1019294382875271,0.847635346144229,-0.8000000000014421,213.46875,0.8004404237590763,0.7904892274729198,low_flow,45302.csv
45302,2024-09-13,daytime,6,0.4444250215016759,0.3772524606524286,0.3471196454948575,246.1171875,0.7648494226877752,0.7888425981034004,low_flow,45302.csv
45302,2024-09-13,nighttime,6,-0.08102546544402352,0.8787277730309317,-0.0210084033613401,246.1171875,0.7648494226877752,0.7888425981034004,low_flow,45302.csv
45302,2024-09-14,daytime,6,0.6287718310321446,0.18113598756755356,0.1988750502209745,296.1484375,0.7295560052374718,0.7874141967226124,low_flow,45302.csv
45302,2024-09-14,nighttime,6,-0.5625439504630191,0.2451941930496218,-0.6250000000000354,296.1484375,0.7295560052374718,0.7874141967226124,low_flow,45302.csv
45302,2024-09-15,daytime,6,0.77192102508322,0.07209769191720974,1.2413793103448238,322.765625,0.7152124747053922,0.7863984446296076,low_flow,45302.csv
45302,2024-09-15,nighttime,6,-0.6356788735227216,0.1749166745146226,-0.7236842105263053,322.765625,0.7152124747053922,0.7863984446296076,low_flow,45302.csv
45302,2024-09-16,daytime,6,0.6383576814807026,0.17252902438756462,0.893033075299125,309.3671875,0.7214617307463397,0.7858310518589057,low_flow,45302.csv
45302,2024-09-16,nighttime,6,-0.3637488574870639,0.4784411071315117,-0.2079207920791378,309.3671875,0.7214617307463397,0.7858310518589057,low_flow,45302.csv
