file_name,daynight_file
10129900.csv,D:/Python/R/6 DO-WT/revised_Figure3/global/10129900.csv
10133650.csv,D:/Python/R/6 DO-WT/revised_Figure3/global/10133650.csv
10133800.csv,D:/Python/R/6 DO-WT/revised_Figure3/global/10133800.csv
10133980.csv,D:/Python/R/6 DO-WT/revised_Figure3/global/10133980.csv
1021050.csv,D:/Python/R/6 DO-WT/revised_Figure3/global/1021050.csv
1043110325021_.csv,D:/Python/R/6 DO-WT/revised_Figure3/global/1043110325021_.csv
1043110332180_.csv,D:/Python/R/6 DO-WT/revised_Figure3/global/1043110332180_.csv
1043110332210_.csv,D:/Python/R/6 DO-WT/revised_Figure3/global/1043110332210_.csv
11044000.csv,D:/Python/R/6 DO-WT/revised_Figure3/global/11044000.csv
1104430.csv,D:/Python/R/6 DO-WT/revised_Figure3/global/1104430.csv
1108000.csv,D:/Python/R/6 DO-WT/revised_Figure3/global/1108000.csv
1108410.csv,D:/Python/R/6 DO-WT/revised_Figure3/global/1108410.csv
11092450.csv,D:/Python/R/6 DO-WT/revised_Figure3/global/11092450.csv
11126000.csv,D:/Python/R/6 DO-WT/revised_Figure3/global/11126000.csv
11126400.csv,D:/Python/R/6 DO-WT/revised_Figure3/global/11126400.csv
11128500.csv,D:/Python/R/6 DO-WT/revised_Figure3/global/11128500.csv
11152850.csv,D:/Python/R/6 DO-WT/revised_Figure3/global/11152850.csv
11152880.csv,D:/Python/R/6 DO-WT/revised_Figure3/global/11152880.csv
11152890.csv,D:/Python/R/6 DO-WT/revised_Figure3/global/11152890.csv
11152900.csv,D:/Python/R/6 DO-WT/revised_Figure3/global/11152900.csv
11153000.csv,D:/Python/R/6 DO-WT/revised_Figure3/global/11153000.csv
11173200.csv,D:/Python/R/6 DO-WT/revised_Figure3/global/11173200.csv
1124149.csv,D:/Python/R/6 DO-WT/revised_Figure3/global/1124149.csv
11273400.csv,D:/Python/R/6 DO-WT/revised_Figure3/global/11273400.csv
11337190.csv,D:/Python/R/6 DO-WT/revised_Figure3/global/11337190.csv
11447650.csv,D:/Python/R/6 DO-WT/revised_Figure3/global/11447650.csv
11447890.csv,D:/Python/R/6 DO-WT/revised_Figure3/global/11447890.csv
11453590.csv,D:/Python/R/6 DO-WT/revised_Figure3/global/11453590.csv
11455095.csv,D:/Python/R/6 DO-WT/revised_Figure3/global/11455095.csv
11455136.csv,D:/Python/R/6 DO-WT/revised_Figure3/global/11455136.csv
11455338.csv,D:/Python/R/6 DO-WT/revised_Figure3/global/11455338.csv
11455478.csv,D:/Python/R/6 DO-WT/revised_Figure3/global/11455478.csv
11455485.csv,D:/Python/R/6 DO-WT/revised_Figure3/global/11455485.csv
11461500.csv,D:/Python/R/6 DO-WT/revised_Figure3/global/11461500.csv
11462500.csv,D:/Python/R/6 DO-WT/revised_Figure3/global/11462500.csv
11463000.csv,D:/Python/R/6 DO-WT/revised_Figure3/global/11463000.csv
11463682.csv,D:/Python/R/6 DO-WT/revised_Figure3/global/11463682.csv
11463980.csv,D:/Python/R/6 DO-WT/revised_Figure3/global/11463980.csv
11465240.csv,D:/Python/R/6 DO-WT/revised_Figure3/global/11465240.csv
11467000.csv,D:/Python/R/6 DO-WT/revised_Figure3/global/11467000.csv
11509370.csv,D:/Python/R/6 DO-WT/revised_Figure3/global/11509370.csv
11509500.csv,D:/Python/R/6 DO-WT/revised_Figure3/global/11509500.csv
11510700.csv,D:/Python/R/6 DO-WT/revised_Figure3/global/11510700.csv
11511990.csv,D:/Python/R/6 DO-WT/revised_Figure3/global/11511990.csv
1161280.csv,D:/Python/R/6 DO-WT/revised_Figure3/global/1161280.csv
1184000.csv,D:/Python/R/6 DO-WT/revised_Figure3/global/1184000.csv
1191000.csv,D:/Python/R/6 DO-WT/revised_Figure3/global/1191000.csv
12090400.csv,D:/Python/R/6 DO-WT/revised_Figure3/global/12090400.csv
12090500.csv,D:/Python/R/6 DO-WT/revised_Figure3/global/12090500.csv
12098700.csv,D:/Python/R/6 DO-WT/revised_Figure3/global/12098700.csv
12100490.csv,D:/Python/R/6 DO-WT/revised_Figure3/global/12100490.csv
12101102.csv,D:/Python/R/6 DO-WT/revised_Figure3/global/12101102.csv
12102078.csv,D:/Python/R/6 DO-WT/revised_Figure3/global/12102078.csv
12442500.csv,D:/Python/R/6 DO-WT/revised_Figure3/global/12442500.csv
12492900.csv,D:/Python/R/6 DO-WT/revised_Figure3/global/12492900.csv
12507573.csv,D:/Python/R/6 DO-WT/revised_Figure3/global/12507573.csv
12509489.csv,D:/Python/R/6 DO-WT/revised_Figure3/global/12509489.csv
12510500.csv,D:/Python/R/6 DO-WT/revised_Figure3/global/12510500.csv
12511800.csv,D:/Python/R/6 DO-WT/revised_Figure3/global/12511800.csv
13013650.csv,D:/Python/R/6 DO-WT/revised_Figure3/global/13013650.csv
13018750.csv,D:/Python/R/6 DO-WT/revised_Figure3/global/13018750.csv
1302020.csv,D:/Python/R/6 DO-WT/revised_Figure3/global/1302020.csv
13213000.csv,D:/Python/R/6 DO-WT/revised_Figure3/global/13213000.csv
1342732.csv,D:/Python/R/6 DO-WT/revised_Figure3/global/1342732.csv
1354330.csv,D:/Python/R/6 DO-WT/revised_Figure3/global/1354330.csv
1355475.csv,D:/Python/R/6 DO-WT/revised_Figure3/global/1355475.csv
135749950.csv,D:/Python/R/6 DO-WT/revised_Figure3/global/135749950.csv
135980207.csv,D:/Python/R/6 DO-WT/revised_Figure3/global/135980207.csv
1363121256010_.csv,D:/Python/R/6 DO-WT/revised_Figure3/global/1363121256010_.csv
1376307.csv,D:/Python/R/6 DO-WT/revised_Figure3/global/1376307.csv
1376515.csv,D:/Python/R/6 DO-WT/revised_Figure3/global/1376515.csv
1376520.csv,D:/Python/R/6 DO-WT/revised_Figure3/global/1376520.csv
1388000.csv,D:/Python/R/6 DO-WT/revised_Figure3/global/1388000.csv
1400500.csv,D:/Python/R/6 DO-WT/revised_Figure3/global/1400500.csv
1402000.csv,D:/Python/R/6 DO-WT/revised_Figure3/global/1402000.csv
14078260.csv,D:/Python/R/6 DO-WT/revised_Figure3/global/14078260.csv
14149011.csv,D:/Python/R/6 DO-WT/revised_Figure3/global/14149011.csv
14150000.csv,D:/Python/R/6 DO-WT/revised_Figure3/global/14150000.csv
14151000.csv,D:/Python/R/6 DO-WT/revised_Figure3/global/14151000.csv
14152000.csv,D:/Python/R/6 DO-WT/revised_Figure3/global/14152000.csv
14158100.csv,D:/Python/R/6 DO-WT/revised_Figure3/global/14158100.csv
14158850.csv,D:/Python/R/6 DO-WT/revised_Figure3/global/14158850.csv
14159500.csv,D:/Python/R/6 DO-WT/revised_Figure3/global/14159500.csv
14162200.csv,D:/Python/R/6 DO-WT/revised_Figure3/global/14162200.csv
14162450.csv,D:/Python/R/6 DO-WT/revised_Figure3/global/14162450.csv
14162500.csv,D:/Python/R/6 DO-WT/revised_Figure3/global/14162500.csv
14163000.csv,D:/Python/R/6 DO-WT/revised_Figure3/global/14163000.csv
14163900.csv,D:/Python/R/6 DO-WT/revised_Figure3/global/14163900.csv
14164550.csv,D:/Python/R/6 DO-WT/revised_Figure3/global/14164550.csv
14181500.csv,D:/Python/R/6 DO-WT/revised_Figure3/global/14181500.csv
14182500.csv,D:/Python/R/6 DO-WT/revised_Figure3/global/14182500.csv
14183020.csv,D:/Python/R/6 DO-WT/revised_Figure3/global/14183020.csv
14185000.csv,D:/Python/R/6 DO-WT/revised_Figure3/global/14185000.csv
14185900.csv,D:/Python/R/6 DO-WT/revised_Figure3/global/14185900.csv
14186200.csv,D:/Python/R/6 DO-WT/revised_Figure3/global/14186200.csv
14187200.csv,D:/Python/R/6 DO-WT/revised_Figure3/global/14187200.csv
14187500.csv,D:/Python/R/6 DO-WT/revised_Figure3/global/14187500.csv
14202650.csv,D:/Python/R/6 DO-WT/revised_Figure3/global/14202650.csv
14202980.csv,D:/Python/R/6 DO-WT/revised_Figure3/global/14202980.csv
14203500.csv,D:/Python/R/6 DO-WT/revised_Figure3/global/14203500.csv
14206241.csv,D:/Python/R/6 DO-WT/revised_Figure3/global/14206241.csv
14206694.csv,D:/Python/R/6 DO-WT/revised_Figure3/global/14206694.csv
14206950.csv,D:/Python/R/6 DO-WT/revised_Figure3/global/14206950.csv
14207200.csv,D:/Python/R/6 DO-WT/revised_Figure3/global/14207200.csv
14209700.csv,D:/Python/R/6 DO-WT/revised_Figure3/global/14209700.csv
14209710.csv,D:/Python/R/6 DO-WT/revised_Figure3/global/14209710.csv
14210000.csv,D:/Python/R/6 DO-WT/revised_Figure3/global/14210000.csv
14211010.csv,D:/Python/R/6 DO-WT/revised_Figure3/global/14211010.csv
1427207.csv,D:/Python/R/6 DO-WT/revised_Figure3/global/1427207.csv
1427510.csv,D:/Python/R/6 DO-WT/revised_Figure3/global/1427510.csv
14316460.csv,D:/Python/R/6 DO-WT/revised_Figure3/global/14316460.csv
14317450.csv,D:/Python/R/6 DO-WT/revised_Figure3/global/14317450.csv
1433005.csv,D:/Python/R/6 DO-WT/revised_Figure3/global/1433005.csv
1433500.csv,D:/Python/R/6 DO-WT/revised_Figure3/global/1433500.csv
1438500.csv,D:/Python/R/6 DO-WT/revised_Figure3/global/1438500.csv
1454700.csv,D:/Python/R/6 DO-WT/revised_Figure3/global/1454700.csv
1458500.csv,D:/Python/R/6 DO-WT/revised_Figure3/global/1458500.csv
1465798.csv,D:/Python/R/6 DO-WT/revised_Figure3/global/1465798.csv
14670261.csv,D:/Python/R/6 DO-WT/revised_Figure3/global/14670261.csv
1467042.csv,D:/Python/R/6 DO-WT/revised_Figure3/global/1467042.csv
1467048.csv,D:/Python/R/6 DO-WT/revised_Figure3/global/1467048.csv
1467086.csv,D:/Python/R/6 DO-WT/revised_Figure3/global/1467086.csv
1467087.csv,D:/Python/R/6 DO-WT/revised_Figure3/global/1467087.csv
1467200.csv,D:/Python/R/6 DO-WT/revised_Figure3/global/1467200.csv
1473500.csv,D:/Python/R/6 DO-WT/revised_Figure3/global/1473500.csv
1473900.csv,D:/Python/R/6 DO-WT/revised_Figure3/global/1473900.csv
1474000.csv,D:/Python/R/6 DO-WT/revised_Figure3/global/1474000.csv
1474500.csv,D:/Python/R/6 DO-WT/revised_Figure3/global/1474500.csv
1475530.csv,D:/Python/R/6 DO-WT/revised_Figure3/global/1475530.csv
1475548.csv,D:/Python/R/6 DO-WT/revised_Figure3/global/1475548.csv
1477050.csv,D:/Python/R/6 DO-WT/revised_Figure3/global/1477050.csv
1480617.csv,D:/Python/R/6 DO-WT/revised_Figure3/global/1480617.csv
1480870.csv,D:/Python/R/6 DO-WT/revised_Figure3/global/1480870.csv
1481000.csv,D:/Python/R/6 DO-WT/revised_Figure3/global/1481000.csv
1481500.csv,D:/Python/R/6 DO-WT/revised_Figure3/global/1481500.csv
1484272.csv,D:/Python/R/6 DO-WT/revised_Figure3/global/1484272.csv
1484525.csv,D:/Python/R/6 DO-WT/revised_Figure3/global/1484525.csv
1487165.csv,D:/Python/R/6 DO-WT/revised_Figure3/global/1487165.csv
1491000.csv,D:/Python/R/6 DO-WT/revised_Figure3/global/1491000.csv
15008000.csv,D:/Python/R/6 DO-WT/revised_Figure3/global/15008000.csv
15015595.csv,D:/Python/R/6 DO-WT/revised_Figure3/global/15015595.csv
15024800.csv,D:/Python/R/6 DO-WT/revised_Figure3/global/15024800.csv
15041200.csv,D:/Python/R/6 DO-WT/revised_Figure3/global/15041200.csv
15319015.csv,D:/Python/R/6 DO-WT/revised_Figure3/global/15319015.csv
1540008.csv,D:/Python/R/6 DO-WT/revised_Figure3/global/1540008.csv
1542500.csv,D:/Python/R/6 DO-WT/revised_Figure3/global/1542500.csv
1544500.csv,D:/Python/R/6 DO-WT/revised_Figure3/global/1544500.csv
1548030.csv,D:/Python/R/6 DO-WT/revised_Figure3/global/1548030.csv
1549700.csv,D:/Python/R/6 DO-WT/revised_Figure3/global/1549700.csv
1552044.csv,D:/Python/R/6 DO-WT/revised_Figure3/global/1552044.csv
1552046.csv,D:/Python/R/6 DO-WT/revised_Figure3/global/1552046.csv
1552048.csv,D:/Python/R/6 DO-WT/revised_Figure3/global/1552048.csv
1573208.csv,D:/Python/R/6 DO-WT/revised_Figure3/global/1573208.csv
1573660.csv,D:/Python/R/6 DO-WT/revised_Figure3/global/1573660.csv
1573684.csv,D:/Python/R/6 DO-WT/revised_Figure3/global/1573684.csv
1573816.csv,D:/Python/R/6 DO-WT/revised_Figure3/global/1573816.csv
1574000.csv,D:/Python/R/6 DO-WT/revised_Figure3/global/1574000.csv
1575598.csv,D:/Python/R/6 DO-WT/revised_Figure3/global/1575598.csv
1575900.csv,D:/Python/R/6 DO-WT/revised_Figure3/global/1575900.csv
1576007.csv,D:/Python/R/6 DO-WT/revised_Figure3/global/1576007.csv
1576045.csv,D:/Python/R/6 DO-WT/revised_Figure3/global/1576045.csv
1576381.csv,D:/Python/R/6 DO-WT/revised_Figure3/global/1576381.csv
1577500.csv,D:/Python/R/6 DO-WT/revised_Figure3/global/1577500.csv
1579550.csv,D:/Python/R/6 DO-WT/revised_Figure3/global/1579550.csv
1584376.csv,D:/Python/R/6 DO-WT/revised_Figure3/global/1584376.csv
1584377.csv,D:/Python/R/6 DO-WT/revised_Figure3/global/1584377.csv
1594441.csv,D:/Python/R/6 DO-WT/revised_Figure3/global/1594441.csv
1608500.csv,D:/Python/R/6 DO-WT/revised_Figure3/global/1608500.csv
1611500.csv,D:/Python/R/6 DO-WT/revised_Figure3/global/1611500.csv
163287828.csv,D:/Python/R/6 DO-WT/revised_Figure3/global/163287828.csv
1632900.csv,D:/Python/R/6 DO-WT/revised_Figure3/global/1632900.csv
1633000.csv,D:/Python/R/6 DO-WT/revised_Figure3/global/1633000.csv
1634000.csv,D:/Python/R/6 DO-WT/revised_Figure3/global/1634000.csv
1638500.csv,D:/Python/R/6 DO-WT/revised_Figure3/global/1638500.csv
1643580.csv,D:/Python/R/6 DO-WT/revised_Figure3/global/1643580.csv
1645704.csv,D:/Python/R/6 DO-WT/revised_Figure3/global/1645704.csv
1645762.csv,D:/Python/R/6 DO-WT/revised_Figure3/global/1645762.csv
164578734.csv,D:/Python/R/6 DO-WT/revised_Figure3/global/164578734.csv
164579522.csv,D:/Python/R/6 DO-WT/revised_Figure3/global/164579522.csv
1646000.csv,D:/Python/R/6 DO-WT/revised_Figure3/global/1646000.csv
1646305.csv,D:/Python/R/6 DO-WT/revised_Figure3/global/1646305.csv
1649190.csv,D:/Python/R/6 DO-WT/revised_Figure3/global/1649190.csv
1649500.csv,D:/Python/R/6 DO-WT/revised_Figure3/global/1649500.csv
1650800.csv,D:/Python/R/6 DO-WT/revised_Figure3/global/1650800.csv
1654000.csv,D:/Python/R/6 DO-WT/revised_Figure3/global/1654000.csv
1654107.csv,D:/Python/R/6 DO-WT/revised_Figure3/global/1654107.csv
1654500.csv,D:/Python/R/6 DO-WT/revised_Figure3/global/1654500.csv
1654670.csv,D:/Python/R/6 DO-WT/revised_Figure3/global/1654670.csv
1656903.csv,D:/Python/R/6 DO-WT/revised_Figure3/global/1656903.csv
1668000.csv,D:/Python/R/6 DO-WT/revised_Figure3/global/1668000.csv
16701405.csv,D:/Python/R/6 DO-WT/revised_Figure3/global/16701405.csv
1670200.csv,D:/Python/R/6 DO-WT/revised_Figure3/global/1670200.csv
1673000.csv,D:/Python/R/6 DO-WT/revised_Figure3/global/1673000.csv
1674500.csv,D:/Python/R/6 DO-WT/revised_Figure3/global/1674500.csv
2035000.csv,D:/Python/R/6 DO-WT/revised_Figure3/global/2035000.csv
204001.csv,D:/Python/R/6 DO-WT/revised_Figure3/global/204001.csv
204025.csv,D:/Python/R/6 DO-WT/revised_Figure3/global/204025.csv
2041650.csv,D:/Python/R/6 DO-WT/revised_Figure3/global/2041650.csv
205373035.csv,D:/Python/R/6 DO-WT/revised_Figure3/global/205373035.csv
205373075.csv,D:/Python/R/6 DO-WT/revised_Figure3/global/205373075.csv
205373228.csv,D:/Python/R/6 DO-WT/revised_Figure3/global/205373228.csv
205373422.csv,D:/Python/R/6 DO-WT/revised_Figure3/global/205373422.csv
205450393.csv,D:/Python/R/6 DO-WT/revised_Figure3/global/205450393.csv
205450495.csv,D:/Python/R/6 DO-WT/revised_Figure3/global/205450495.csv
2054550.csv,D:/Python/R/6 DO-WT/revised_Figure3/global/2054550.csv
2054750.csv,D:/Python/R/6 DO-WT/revised_Figure3/global/2054750.csv
205551460.csv,D:/Python/R/6 DO-WT/revised_Figure3/global/205551460.csv
205551614.csv,D:/Python/R/6 DO-WT/revised_Figure3/global/205551614.csv
205696042.csv,D:/Python/R/6 DO-WT/revised_Figure3/global/205696042.csv
205696095.csv,D:/Python/R/6 DO-WT/revised_Figure3/global/205696095.csv
2079500.csv,D:/Python/R/6 DO-WT/revised_Figure3/global/2079500.csv
208062765.csv,D:/Python/R/6 DO-WT/revised_Figure3/global/208062765.csv
2081094.csv,D:/Python/R/6 DO-WT/revised_Figure3/global/2081094.csv
210150.csv,D:/Python/R/6 DO-WT/revised_Figure3/global/210150.csv
2101726.csv,D:/Python/R/6 DO-WT/revised_Figure3/global/2101726.csv
2102500.csv,D:/Python/R/6 DO-WT/revised_Figure3/global/2102500.csv
2110400.csv,D:/Python/R/6 DO-WT/revised_Figure3/global/2110400.csv
2110500.csv,D:/Python/R/6 DO-WT/revised_Figure3/global/2110500.csv
2110701.csv,D:/Python/R/6 DO-WT/revised_Figure3/global/2110701.csv
2110704.csv,D:/Python/R/6 DO-WT/revised_Figure3/global/2110704.csv
212011.csv,D:/Python/R/6 DO-WT/revised_Figure3/global/212011.csv
212042.csv,D:/Python/R/6 DO-WT/revised_Figure3/global/212042.csv
212054.csv,D:/Python/R/6 DO-WT/revised_Figure3/global/212054.csv
212058.csv,D:/Python/R/6 DO-WT/revised_Figure3/global/212058.csv
212203.csv,D:/Python/R/6 DO-WT/revised_Figure3/global/212203.csv
212209.csv,D:/Python/R/6 DO-WT/revised_Figure3/global/212209.csv
2122322.csv,D:/Python/R/6 DO-WT/revised_Figure3/global/2122322.csv
212233.csv,D:/Python/R/6 DO-WT/revised_Figure3/global/212233.csv
212244.csv,D:/Python/R/6 DO-WT/revised_Figure3/global/212244.csv
212250.csv,D:/Python/R/6 DO-WT/revised_Figure3/global/212250.csv
2122518.csv,D:/Python/R/6 DO-WT/revised_Figure3/global/2122518.csv
2122520.csv,D:/Python/R/6 DO-WT/revised_Figure3/global/2122520.csv
212270.csv,D:/Python/R/6 DO-WT/revised_Figure3/global/212270.csv
2122711.csv,D:/Python/R/6 DO-WT/revised_Figure3/global/2122711.csv
2122713.csv,D:/Python/R/6 DO-WT/revised_Figure3/global/2122713.csv
212274.csv,D:/Python/R/6 DO-WT/revised_Figure3/global/212274.csv
212378405.csv,D:/Python/R/6 DO-WT/revised_Figure3/global/212378405.csv
212880025.csv,D:/Python/R/6 DO-WT/revised_Figure3/global/212880025.csv
2129375.csv,D:/Python/R/6 DO-WT/revised_Figure3/global/2129375.csv
213211.csv,D:/Python/R/6 DO-WT/revised_Figure3/global/213211.csv
2135000.csv,D:/Python/R/6 DO-WT/revised_Figure3/global/2135000.csv
2138520.csv,D:/Python/R/6 DO-WT/revised_Figure3/global/2138520.csv
2141500.csv,D:/Python/R/6 DO-WT/revised_Figure3/global/2141500.csv
214196125.csv,D:/Python/R/6 DO-WT/revised_Figure3/global/214196125.csv
214244102.csv,D:/Python/R/6 DO-WT/revised_Figure3/global/214244102.csv
214264790.csv,D:/Python/R/6 DO-WT/revised_Figure3/global/214264790.csv
214267602.csv,D:/Python/R/6 DO-WT/revised_Figure3/global/214267602.csv
2145910.csv,D:/Python/R/6 DO-WT/revised_Figure3/global/2145910.csv
2147310.csv,D:/Python/R/6 DO-WT/revised_Figure3/global/2147310.csv
21474095.csv,D:/Python/R/6 DO-WT/revised_Figure3/global/21474095.csv
2147505.csv,D:/Python/R/6 DO-WT/revised_Figure3/global/2147505.csv
2147801.csv,D:/Python/R/6 DO-WT/revised_Figure3/global/2147801.csv
215207.csv,D:/Python/R/6 DO-WT/revised_Figure3/global/215207.csv
2152131.csv,D:/Python/R/6 DO-WT/revised_Figure3/global/2152131.csv
215215.csv,D:/Python/R/6 DO-WT/revised_Figure3/global/215215.csv
215216.csv,D:/Python/R/6 DO-WT/revised_Figure3/global/215216.csv
215220.csv,D:/Python/R/6 DO-WT/revised_Figure3/global/215220.csv
2152201.csv,D:/Python/R/6 DO-WT/revised_Figure3/global/2152201.csv
215233.csv,D:/Python/R/6 DO-WT/revised_Figure3/global/215233.csv
2156500.csv,D:/Python/R/6 DO-WT/revised_Figure3/global/2156500.csv
2160105.csv,D:/Python/R/6 DO-WT/revised_Figure3/global/2160105.csv
2160700.csv,D:/Python/R/6 DO-WT/revised_Figure3/global/2160700.csv
2160991.csv,D:/Python/R/6 DO-WT/revised_Figure3/global/2160991.csv
2162035.csv,D:/Python/R/6 DO-WT/revised_Figure3/global/2162035.csv
2167600.csv,D:/Python/R/6 DO-WT/revised_Figure3/global/2167600.csv
2167716.csv,D:/Python/R/6 DO-WT/revised_Figure3/global/2167716.csv
2168504.csv,D:/Python/R/6 DO-WT/revised_Figure3/global/2168504.csv
2169000.csv,D:/Python/R/6 DO-WT/revised_Figure3/global/2169000.csv
2171500.csv,D:/Python/R/6 DO-WT/revised_Figure3/global/2171500.csv
2171560.csv,D:/Python/R/6 DO-WT/revised_Figure3/global/2171560.csv
2171645.csv,D:/Python/R/6 DO-WT/revised_Figure3/global/2171645.csv
2172002.csv,D:/Python/R/6 DO-WT/revised_Figure3/global/2172002.csv
2203603.csv,D:/Python/R/6 DO-WT/revised_Figure3/global/2203603.csv
2203655.csv,D:/Python/R/6 DO-WT/revised_Figure3/global/2203655.csv
2203800.csv,D:/Python/R/6 DO-WT/revised_Figure3/global/2203800.csv
2203831.csv,D:/Python/R/6 DO-WT/revised_Figure3/global/2203831.csv
2203863.csv,D:/Python/R/6 DO-WT/revised_Figure3/global/2203863.csv
2203873.csv,D:/Python/R/6 DO-WT/revised_Figure3/global/2203873.csv
2203900.csv,D:/Python/R/6 DO-WT/revised_Figure3/global/2203900.csv
2203950.csv,D:/Python/R/6 DO-WT/revised_Figure3/global/2203950.csv
2203960.csv,D:/Python/R/6 DO-WT/revised_Figure3/global/2203960.csv
2204037.csv,D:/Python/R/6 DO-WT/revised_Figure3/global/2204037.csv
2207135.csv,D:/Python/R/6 DO-WT/revised_Figure3/global/2207135.csv
2207160.csv,D:/Python/R/6 DO-WT/revised_Figure3/global/2207160.csv
2207385.csv,D:/Python/R/6 DO-WT/revised_Figure3/global/2207385.csv
2207400.csv,D:/Python/R/6 DO-WT/revised_Figure3/global/2207400.csv
2207418.csv,D:/Python/R/6 DO-WT/revised_Figure3/global/2207418.csv
2207435.csv,D:/Python/R/6 DO-WT/revised_Figure3/global/2207435.csv
2207448.csv,D:/Python/R/6 DO-WT/revised_Figure3/global/2207448.csv
2208450.csv,D:/Python/R/6 DO-WT/revised_Figure3/global/2208450.csv
2208493.csv,D:/Python/R/6 DO-WT/revised_Figure3/global/2208493.csv
221208.csv,D:/Python/R/6 DO-WT/revised_Figure3/global/221208.csv
221210.csv,D:/Python/R/6 DO-WT/revised_Figure3/global/221210.csv
221224.csv,D:/Python/R/6 DO-WT/revised_Figure3/global/221224.csv
221225.csv,D:/Python/R/6 DO-WT/revised_Figure3/global/221225.csv
2217643.csv,D:/Python/R/6 DO-WT/revised_Figure3/global/2217643.csv
222201.csv,D:/Python/R/6 DO-WT/revised_Figure3/global/222201.csv
222203.csv,D:/Python/R/6 DO-WT/revised_Figure3/global/222203.csv
222223.csv,D:/Python/R/6 DO-WT/revised_Figure3/global/222223.csv
223209.csv,D:/Python/R/6 DO-WT/revised_Figure3/global/223209.csv
223210.csv,D:/Python/R/6 DO-WT/revised_Figure3/global/223210.csv
223218.csv,D:/Python/R/6 DO-WT/revised_Figure3/global/223218.csv
2239501.csv,D:/Python/R/6 DO-WT/revised_Figure3/global/2239501.csv
224203.csv,D:/Python/R/6 DO-WT/revised_Figure3/global/224203.csv
224215.csv,D:/Python/R/6 DO-WT/revised_Figure3/global/224215.csv
224217.csv,D:/Python/R/6 DO-WT/revised_Figure3/global/224217.csv
224602.csv,D:/Python/R/6 DO-WT/revised_Figure3/global/224602.csv
225200.csv,D:/Python/R/6 DO-WT/revised_Figure3/global/225200.csv
225212.csv,D:/Python/R/6 DO-WT/revised_Figure3/global/225212.csv
225231.csv,D:/Python/R/6 DO-WT/revised_Figure3/global/225231.csv
225232.csv,D:/Python/R/6 DO-WT/revised_Figure3/global/225232.csv
225236.csv,D:/Python/R/6 DO-WT/revised_Figure3/global/225236.csv
225256.csv,D:/Python/R/6 DO-WT/revised_Figure3/global/225256.csv
226027.csv,D:/Python/R/6 DO-WT/revised_Figure3/global/226027.csv
226226.csv,D:/Python/R/6 DO-WT/revised_Figure3/global/226226.csv
2264000.csv,D:/Python/R/6 DO-WT/revised_Figure3/global/2264000.csv
2264051.csv,D:/Python/R/6 DO-WT/revised_Figure3/global/2264051.csv
2264100.csv,D:/Python/R/6 DO-WT/revised_Figure3/global/2264100.csv
226415.csv,D:/Python/R/6 DO-WT/revised_Figure3/global/226415.csv
226614.csv,D:/Python/R/6 DO-WT/revised_Figure3/global/226614.csv
2266200.csv,D:/Python/R/6 DO-WT/revised_Figure3/global/2266200.csv
2266291.csv,D:/Python/R/6 DO-WT/revised_Figure3/global/2266291.csv
2266300.csv,D:/Python/R/6 DO-WT/revised_Figure3/global/2266300.csv
2266495.csv,D:/Python/R/6 DO-WT/revised_Figure3/global/2266495.csv
227264.csv,D:/Python/R/6 DO-WT/revised_Figure3/global/227264.csv
227270.csv,D:/Python/R/6 DO-WT/revised_Figure3/global/227270.csv
227273.csv,D:/Python/R/6 DO-WT/revised_Figure3/global/227273.csv
229143.csv,D:/Python/R/6 DO-WT/revised_Figure3/global/229143.csv
229147.csv,D:/Python/R/6 DO-WT/revised_Figure3/global/229147.csv
229200.csv,D:/Python/R/6 DO-WT/revised_Figure3/global/229200.csv
229653.csv,D:/Python/R/6 DO-WT/revised_Figure3/global/229653.csv
2301500.csv,D:/Python/R/6 DO-WT/revised_Figure3/global/2301500.csv
2301635.csv,D:/Python/R/6 DO-WT/revised_Figure3/global/2301635.csv
230220.csv,D:/Python/R/6 DO-WT/revised_Figure3/global/230220.csv
230240.csv,D:/Python/R/6 DO-WT/revised_Figure3/global/230240.csv
2304000.csv,D:/Python/R/6 DO-WT/revised_Figure3/global/2304000.csv
2313700.csv,D:/Python/R/6 DO-WT/revised_Figure3/global/2313700.csv
2318500.csv,D:/Python/R/6 DO-WT/revised_Figure3/global/2318500.csv
232242.csv,D:/Python/R/6 DO-WT/revised_Figure3/global/232242.csv
2322700.csv,D:/Python/R/6 DO-WT/revised_Figure3/global/2322700.csv
2326516.csv,D:/Python/R/6 DO-WT/revised_Figure3/global/2326516.csv
2326526.csv,D:/Python/R/6 DO-WT/revised_Figure3/global/2326526.csv
233217.csv,D:/Python/R/6 DO-WT/revised_Figure3/global/233217.csv
2334430.csv,D:/Python/R/6 DO-WT/revised_Figure3/global/2334430.csv
2334500.csv,D:/Python/R/6 DO-WT/revised_Figure3/global/2334500.csv
2336120.csv,D:/Python/R/6 DO-WT/revised_Figure3/global/2336120.csv
2336152.csv,D:/Python/R/6 DO-WT/revised_Figure3/global/2336152.csv
23362095.csv,D:/Python/R/6 DO-WT/revised_Figure3/global/23362095.csv
2336240.csv,D:/Python/R/6 DO-WT/revised_Figure3/global/2336240.csv
2336300.csv,D:/Python/R/6 DO-WT/revised_Figure3/global/2336300.csv
2336313.csv,D:/Python/R/6 DO-WT/revised_Figure3/global/2336313.csv
2336340.csv,D:/Python/R/6 DO-WT/revised_Figure3/global/2336340.csv
2336360.csv,D:/Python/R/6 DO-WT/revised_Figure3/global/2336360.csv
2336410.csv,D:/Python/R/6 DO-WT/revised_Figure3/global/2336410.csv
2336526.csv,D:/Python/R/6 DO-WT/revised_Figure3/global/2336526.csv
2336728.csv,D:/Python/R/6 DO-WT/revised_Figure3/global/2336728.csv
2337170.csv,D:/Python/R/6 DO-WT/revised_Figure3/global/2337170.csv
23432415.csv,D:/Python/R/6 DO-WT/revised_Figure3/global/23432415.csv
2343805.csv,D:/Python/R/6 DO-WT/revised_Figure3/global/2343805.csv
2344630.csv,D:/Python/R/6 DO-WT/revised_Figure3/global/2344630.csv
2344673.csv,D:/Python/R/6 DO-WT/revised_Figure3/global/2344673.csv
2356000.csv,D:/Python/R/6 DO-WT/revised_Figure3/global/2356000.csv
2357150.csv,D:/Python/R/6 DO-WT/revised_Figure3/global/2357150.csv
2358000.csv,D:/Python/R/6 DO-WT/revised_Figure3/global/2358000.csv
2359170.csv,D:/Python/R/6 DO-WT/revised_Figure3/global/2359170.csv
2359223.csv,D:/Python/R/6 DO-WT/revised_Figure3/global/2359223.csv
2388985.csv,D:/Python/R/6 DO-WT/revised_Figure3/global/2388985.csv
2394682.csv,D:/Python/R/6 DO-WT/revised_Figure3/global/2394682.csv
2397530.csv,D:/Python/R/6 DO-WT/revised_Figure3/global/2397530.csv
2413205.csv,D:/Python/R/6 DO-WT/revised_Figure3/global/2413205.csv
2413210.csv,D:/Python/R/6 DO-WT/revised_Figure3/global/2413210.csv
2413215.csv,D:/Python/R/6 DO-WT/revised_Figure3/global/2413215.csv
2423130.csv,D:/Python/R/6 DO-WT/revised_Figure3/global/2423130.csv
2423160.csv,D:/Python/R/6 DO-WT/revised_Figure3/global/2423160.csv
2423380.csv,D:/Python/R/6 DO-WT/revised_Figure3/global/2423380.csv
2423555.csv,D:/Python/R/6 DO-WT/revised_Figure3/global/2423555.csv
2423571.csv,D:/Python/R/6 DO-WT/revised_Figure3/global/2423571.csv
2423647.csv,D:/Python/R/6 DO-WT/revised_Figure3/global/2423647.csv
2469100.csv,D:/Python/R/6 DO-WT/revised_Figure3/global/2469100.csv
2469525.csv,D:/Python/R/6 DO-WT/revised_Figure3/global/2469525.csv
29033.csv,D:/Python/R/6 DO-WT/revised_Figure3/global/29033.csv
29040.csv,D:/Python/R/6 DO-WT/revised_Figure3/global/29040.csv
29041.csv,D:/Python/R/6 DO-WT/revised_Figure3/global/29041.csv
29043.csv,D:/Python/R/6 DO-WT/revised_Figure3/global/29043.csv
29044.csv,D:/Python/R/6 DO-WT/revised_Figure3/global/29044.csv
3007800.csv,D:/Python/R/6 DO-WT/revised_Figure3/global/3007800.csv
3012545.csv,D:/Python/R/6 DO-WT/revised_Figure3/global/3012545.csv
3012550.csv,D:/Python/R/6 DO-WT/revised_Figure3/global/3012550.csv
3034000.csv,D:/Python/R/6 DO-WT/revised_Figure3/global/3034000.csv
3036000.csv,D:/Python/R/6 DO-WT/revised_Figure3/global/3036000.csv
3049640.csv,D:/Python/R/6 DO-WT/revised_Figure3/global/3049640.csv
3058000.csv,D:/Python/R/6 DO-WT/revised_Figure3/global/3058000.csv
3061000.csv,D:/Python/R/6 DO-WT/revised_Figure3/global/3061000.csv
3067510.csv,D:/Python/R/6 DO-WT/revised_Figure3/global/3067510.csv
3072655.csv,D:/Python/R/6 DO-WT/revised_Figure3/global/3072655.csv
3073000.csv,D:/Python/R/6 DO-WT/revised_Figure3/global/3073000.csv
3075070.csv,D:/Python/R/6 DO-WT/revised_Figure3/global/3075070.csv
3077100.csv,D:/Python/R/6 DO-WT/revised_Figure3/global/3077100.csv
3081000.csv,D:/Python/R/6 DO-WT/revised_Figure3/global/3081000.csv
3083500.csv,D:/Python/R/6 DO-WT/revised_Figure3/global/3083500.csv
3085000.csv,D:/Python/R/6 DO-WT/revised_Figure3/global/3085000.csv
3098600.csv,D:/Python/R/6 DO-WT/revised_Figure3/global/3098600.csv
3099500.csv,D:/Python/R/6 DO-WT/revised_Figure3/global/3099500.csv
3105500.csv,D:/Python/R/6 DO-WT/revised_Figure3/global/3105500.csv
3106000.csv,D:/Python/R/6 DO-WT/revised_Figure3/global/3106000.csv
3108500.csv,D:/Python/R/6 DO-WT/revised_Figure3/global/3108500.csv
3123499.csv,D:/Python/R/6 DO-WT/revised_Figure3/global/3123499.csv
3145483.csv,D:/Python/R/6 DO-WT/revised_Figure3/global/3145483.csv
317154954.csv,D:/Python/R/6 DO-WT/revised_Figure3/global/317154954.csv
317155123.csv,D:/Python/R/6 DO-WT/revised_Figure3/global/317155123.csv
3171597.csv,D:/Python/R/6 DO-WT/revised_Figure3/global/3171597.csv
317159760.csv,D:/Python/R/6 DO-WT/revised_Figure3/global/317159760.csv
3179000.csv,D:/Python/R/6 DO-WT/revised_Figure3/global/3179000.csv
3183500.csv,D:/Python/R/6 DO-WT/revised_Figure3/global/3183500.csv
3185400.csv,D:/Python/R/6 DO-WT/revised_Figure3/global/3185400.csv
3191982.csv,D:/Python/R/6 DO-WT/revised_Figure3/global/3191982.csv
3197937.csv,D:/Python/R/6 DO-WT/revised_Figure3/global/3197937.csv
3197950.csv,D:/Python/R/6 DO-WT/revised_Figure3/global/3197950.csv
3216070.csv,D:/Python/R/6 DO-WT/revised_Figure3/global/3216070.csv
3219500.csv,D:/Python/R/6 DO-WT/revised_Figure3/global/3219500.csv
3220510.csv,D:/Python/R/6 DO-WT/revised_Figure3/global/3220510.csv
3228300.csv,D:/Python/R/6 DO-WT/revised_Figure3/global/3228300.csv
3254520.csv,D:/Python/R/6 DO-WT/revised_Figure3/global/3254520.csv
3275500.csv,D:/Python/R/6 DO-WT/revised_Figure3/global/3275500.csv
3284533.csv,D:/Python/R/6 DO-WT/revised_Figure3/global/3284533.csv
3287590.csv,D:/Python/R/6 DO-WT/revised_Figure3/global/3287590.csv
3287600.csv,D:/Python/R/6 DO-WT/revised_Figure3/global/3287600.csv
3289193.csv,D:/Python/R/6 DO-WT/revised_Figure3/global/3289193.csv
3289200.csv,D:/Python/R/6 DO-WT/revised_Figure3/global/3289200.csv
3290500.csv,D:/Python/R/6 DO-WT/revised_Figure3/global/3290500.csv
3292470.csv,D:/Python/R/6 DO-WT/revised_Figure3/global/3292470.csv
329247350.csv,D:/Python/R/6 DO-WT/revised_Figure3/global/329247350.csv
3292474.csv,D:/Python/R/6 DO-WT/revised_Figure3/global/3292474.csv
3292475.csv,D:/Python/R/6 DO-WT/revised_Figure3/global/3292475.csv
3292480.csv,D:/Python/R/6 DO-WT/revised_Figure3/global/3292480.csv
3292500.csv,D:/Python/R/6 DO-WT/revised_Figure3/global/3292500.csv
3292900.csv,D:/Python/R/6 DO-WT/revised_Figure3/global/3292900.csv
3293000.csv,D:/Python/R/6 DO-WT/revised_Figure3/global/3293000.csv
3293500.csv,D:/Python/R/6 DO-WT/revised_Figure3/global/3293500.csv
3293510.csv,D:/Python/R/6 DO-WT/revised_Figure3/global/3293510.csv
3293530.csv,D:/Python/R/6 DO-WT/revised_Figure3/global/3293530.csv
3293532.csv,D:/Python/R/6 DO-WT/revised_Figure3/global/3293532.csv
3294570.csv,D:/Python/R/6 DO-WT/revised_Figure3/global/3294570.csv
3297800.csv,D:/Python/R/6 DO-WT/revised_Figure3/global/3297800.csv
3297900.csv,D:/Python/R/6 DO-WT/revised_Figure3/global/3297900.csv
3298000.csv,D:/Python/R/6 DO-WT/revised_Figure3/global/3298000.csv
3298135.csv,D:/Python/R/6 DO-WT/revised_Figure3/global/3298135.csv
3298150.csv,D:/Python/R/6 DO-WT/revised_Figure3/global/3298150.csv
3298200.csv,D:/Python/R/6 DO-WT/revised_Figure3/global/3298200.csv
3298250.csv,D:/Python/R/6 DO-WT/revised_Figure3/global/3298250.csv
3298300.csv,D:/Python/R/6 DO-WT/revised_Figure3/global/3298300.csv
3301900.csv,D:/Python/R/6 DO-WT/revised_Figure3/global/3301900.csv
3301940.csv,D:/Python/R/6 DO-WT/revised_Figure3/global/3301940.csv
3302000.csv,D:/Python/R/6 DO-WT/revised_Figure3/global/3302000.csv
3302030.csv,D:/Python/R/6 DO-WT/revised_Figure3/global/3302030.csv
3302050.csv,D:/Python/R/6 DO-WT/revised_Figure3/global/3302050.csv
3302058.csv,D:/Python/R/6 DO-WT/revised_Figure3/global/3302058.csv
3303280.csv,D:/Python/R/6 DO-WT/revised_Figure3/global/3303280.csv
3321500.csv,D:/Python/R/6 DO-WT/revised_Figure3/global/3321500.csv
3353200.csv,D:/Python/R/6 DO-WT/revised_Figure3/global/3353200.csv
3353415.csv,D:/Python/R/6 DO-WT/revised_Figure3/global/3353415.csv
3353420.csv,D:/Python/R/6 DO-WT/revised_Figure3/global/3353420.csv
3374100.csv,D:/Python/R/6 DO-WT/revised_Figure3/global/3374100.csv
3378500.csv,D:/Python/R/6 DO-WT/revised_Figure3/global/3378500.csv
3400800.csv,D:/Python/R/6 DO-WT/revised_Figure3/global/3400800.csv
3414000.csv,D:/Python/R/6 DO-WT/revised_Figure3/global/3414000.csv
3414002.csv,D:/Python/R/6 DO-WT/revised_Figure3/global/3414002.csv
3417500.csv,D:/Python/R/6 DO-WT/revised_Figure3/global/3417500.csv
3418420.csv,D:/Python/R/6 DO-WT/revised_Figure3/global/3418420.csv
3428180.csv,D:/Python/R/6 DO-WT/revised_Figure3/global/3428180.csv
3430200.csv,D:/Python/R/6 DO-WT/revised_Figure3/global/3430200.csv
3431083.csv,D:/Python/R/6 DO-WT/revised_Figure3/global/3431083.csv
3431091.csv,D:/Python/R/6 DO-WT/revised_Figure3/global/3431091.csv
3431514.csv,D:/Python/R/6 DO-WT/revised_Figure3/global/3431514.csv
343233905.csv,D:/Python/R/6 DO-WT/revised_Figure3/global/343233905.csv
34324146.csv,D:/Python/R/6 DO-WT/revised_Figure3/global/34324146.csv
3447687.csv,D:/Python/R/6 DO-WT/revised_Figure3/global/3447687.csv
3447890.csv,D:/Python/R/6 DO-WT/revised_Figure3/global/3447890.csv
3448050.csv,D:/Python/R/6 DO-WT/revised_Figure3/global/3448050.csv
344878100.csv,D:/Python/R/6 DO-WT/revised_Figure3/global/344878100.csv
3451200.csv,D:/Python/R/6 DO-WT/revised_Figure3/global/3451200.csv
3451500.csv,D:/Python/R/6 DO-WT/revised_Figure3/global/3451500.csv
3460795.csv,D:/Python/R/6 DO-WT/revised_Figure3/global/3460795.csv
3512000.csv,D:/Python/R/6 DO-WT/revised_Figure3/global/3512000.csv
3538830.csv,D:/Python/R/6 DO-WT/revised_Figure3/global/3538830.csv
35541.csv,D:/Python/R/6 DO-WT/revised_Figure3/global/35541.csv
3612600.csv,D:/Python/R/6 DO-WT/revised_Figure3/global/3612600.csv
37531.csv,D:/Python/R/6 DO-WT/revised_Figure3/global/37531.csv
38051.csv,D:/Python/R/6 DO-WT/revised_Figure3/global/38051.csv
38071.csv,D:/Python/R/6 DO-WT/revised_Figure3/global/38071.csv
38171.csv,D:/Python/R/6 DO-WT/revised_Figure3/global/38171.csv
39021.csv,D:/Python/R/6 DO-WT/revised_Figure3/global/39021.csv
39191.csv,D:/Python/R/6 DO-WT/revised_Figure3/global/39191.csv
39321.csv,D:/Python/R/6 DO-WT/revised_Figure3/global/39321.csv
39531.csv,D:/Python/R/6 DO-WT/revised_Figure3/global/39531.csv
401011281104040_.csv,D:/Python/R/6 DO-WT/revised_Figure3/global/401011281104040_.csv
401031281101030_.csv,D:/Python/R/6 DO-WT/revised_Figure3/global/401031281101030_.csv
401031281101050_.csv,D:/Python/R/6 DO-WT/revised_Figure3/global/401031281101050_.csv
401031281104010_.csv,D:/Python/R/6 DO-WT/revised_Figure3/global/401031281104010_.csv
401061281105020_.csv,D:/Python/R/6 DO-WT/revised_Figure3/global/401061281105020_.csv
401081281107070_.csv,D:/Python/R/6 DO-WT/revised_Figure3/global/401081281107070_.csv
401081281107090_.csv,D:/Python/R/6 DO-WT/revised_Figure3/global/401081281107090_.csv
401101281108020_.csv,D:/Python/R/6 DO-WT/revised_Figure3/global/401101281108020_.csv
401101281108051_.csv,D:/Python/R/6 DO-WT/revised_Figure3/global/401101281108051_.csv
401111281108070_.csv,D:/Python/R/6 DO-WT/revised_Figure3/global/401111281108070_.csv
40151.csv,D:/Python/R/6 DO-WT/revised_Figure3/global/40151.csv
401549.csv,D:/Python/R/6 DO-WT/revised_Figure3/global/401549.csv
402011282206020_.csv,D:/Python/R/6 DO-WT/revised_Figure3/global/402011282206020_.csv
402011282218040_.csv,D:/Python/R/6 DO-WT/revised_Figure3/global/402011282218040_.csv
402011282218070_.csv,D:/Python/R/6 DO-WT/revised_Figure3/global/402011282218070_.csv
402011282218090_.csv,D:/Python/R/6 DO-WT/revised_Figure3/global/402011282218090_.csv
402011282228040_.csv,D:/Python/R/6 DO-WT/revised_Figure3/global/402011282228040_.csv
402011282228070_.csv,D:/Python/R/6 DO-WT/revised_Figure3/global/402011282228070_.csv
402011282228160_.csv,D:/Python/R/6 DO-WT/revised_Figure3/global/402011282228160_.csv
402021282206050_.csv,D:/Python/R/6 DO-WT/revised_Figure3/global/402021282206050_.csv
402031282207080_.csv,D:/Python/R/6 DO-WT/revised_Figure3/global/402031282207080_.csv
402031282207090_.csv,D:/Python/R/6 DO-WT/revised_Figure3/global/402031282207090_.csv
402041282204010_.csv,D:/Python/R/6 DO-WT/revised_Figure3/global/402041282204010_.csv
402041282204050_.csv,D:/Python/R/6 DO-WT/revised_Figure3/global/402041282204050_.csv
402041282204090_.csv,D:/Python/R/6 DO-WT/revised_Figure3/global/402041282204090_.csv
402041282204110_.csv,D:/Python/R/6 DO-WT/revised_Figure3/global/402041282204110_.csv
402041282207090_.csv,D:/Python/R/6 DO-WT/revised_Figure3/global/402041282207090_.csv
402041282220220_.csv,D:/Python/R/6 DO-WT/revised_Figure3/global/402041282220220_.csv
402051282201010_.csv,D:/Python/R/6 DO-WT/revised_Figure3/global/402051282201010_.csv
402071282201010_.csv,D:/Python/R/6 DO-WT/revised_Figure3/global/402071282201010_.csv
402071282201080_.csv,D:/Python/R/6 DO-WT/revised_Figure3/global/402071282201080_.csv
402081282211040_.csv,D:/Python/R/6 DO-WT/revised_Figure3/global/402081282211040_.csv
402091282209020_.csv,D:/Python/R/6 DO-WT/revised_Figure3/global/402091282209020_.csv
402091282210020_.csv,D:/Python/R/6 DO-WT/revised_Figure3/global/402091282210020_.csv
402101282209020_.csv,D:/Python/R/6 DO-WT/revised_Figure3/global/402101282209020_.csv
402111282214070_.csv,D:/Python/R/6 DO-WT/revised_Figure3/global/402111282214070_.csv
402111282216010_.csv,D:/Python/R/6 DO-WT/revised_Figure3/global/402111282216010_.csv
4024000.csv,D:/Python/R/6 DO-WT/revised_Figure3/global/4024000.csv
4026561.csv,D:/Python/R/6 DO-WT/revised_Figure3/global/4026561.csv
4027000.csv,D:/Python/R/6 DO-WT/revised_Figure3/global/4027000.csv
403011283322030_.csv,D:/Python/R/6 DO-WT/revised_Figure3/global/403011283322030_.csv
403021283322090_.csv,D:/Python/R/6 DO-WT/revised_Figure3/global/403021283322090_.csv
403021283322111_.csv,D:/Python/R/6 DO-WT/revised_Figure3/global/403021283322111_.csv
403031283301050_.csv,D:/Python/R/6 DO-WT/revised_Figure3/global/403031283301050_.csv
403031283301060_.csv,D:/Python/R/6 DO-WT/revised_Figure3/global/403031283301060_.csv
403031283301222_.csv,D:/Python/R/6 DO-WT/revised_Figure3/global/403031283301222_.csv
403031283302041_.csv,D:/Python/R/6 DO-WT/revised_Figure3/global/403031283302041_.csv
403031283302051_.csv,D:/Python/R/6 DO-WT/revised_Figure3/global/403031283302051_.csv
403031283302091_.csv,D:/Python/R/6 DO-WT/revised_Figure3/global/403031283302091_.csv
403031283302231_.csv,D:/Python/R/6 DO-WT/revised_Figure3/global/403031283302231_.csv
403031283303010_.csv,D:/Python/R/6 DO-WT/revised_Figure3/global/403031283303010_.csv
403031283303041_.csv,D:/Python/R/6 DO-WT/revised_Figure3/global/403031283303041_.csv
403031283303071_.csv,D:/Python/R/6 DO-WT/revised_Figure3/global/403031283303071_.csv
403031283303091_.csv,D:/Python/R/6 DO-WT/revised_Figure3/global/403031283303091_.csv
403031283303100_.csv,D:/Python/R/6 DO-WT/revised_Figure3/global/403031283303100_.csv
403031283303160_.csv,D:/Python/R/6 DO-WT/revised_Figure3/global/403031283303160_.csv
403031283303181_.csv,D:/Python/R/6 DO-WT/revised_Figure3/global/403031283303181_.csv
403031283303191_.csv,D:/Python/R/6 DO-WT/revised_Figure3/global/403031283303191_.csv
403031283305030_.csv,D:/Python/R/6 DO-WT/revised_Figure3/global/403031283305030_.csv
403031283305120_.csv,D:/Python/R/6 DO-WT/revised_Figure3/global/403031283305120_.csv
403031283305140_.csv,D:/Python/R/6 DO-WT/revised_Figure3/global/403031283305140_.csv
403031283305470_.csv,D:/Python/R/6 DO-WT/revised_Figure3/global/403031283305470_.csv
403031283306041_.csv,D:/Python/R/6 DO-WT/revised_Figure3/global/403031283306041_.csv
403031283307130_.csv,D:/Python/R/6 DO-WT/revised_Figure3/global/403031283307130_.csv
403031283323030_.csv,D:/Python/R/6 DO-WT/revised_Figure3/global/403031283323030_.csv
403041283309010_.csv,D:/Python/R/6 DO-WT/revised_Figure3/global/403041283309010_.csv
403051283310040_.csv,D:/Python/R/6 DO-WT/revised_Figure3/global/403051283310040_.csv
403051283310050_.csv,D:/Python/R/6 DO-WT/revised_Figure3/global/403051283310050_.csv
403051283310100_.csv,D:/Python/R/6 DO-WT/revised_Figure3/global/403051283310100_.csv
403051283310140_.csv,D:/Python/R/6 DO-WT/revised_Figure3/global/403051283310140_.csv
403051283310180_.csv,D:/Python/R/6 DO-WT/revised_Figure3/global/403051283310180_.csv
403061283310030_.csv,D:/Python/R/6 DO-WT/revised_Figure3/global/403061283310030_.csv
403071283310010_.csv,D:/Python/R/6 DO-WT/revised_Figure3/global/403071283310010_.csv
403081283324004_.csv,D:/Python/R/6 DO-WT/revised_Figure3/global/403081283324004_.csv
403081283324009_.csv,D:/Python/R/6 DO-WT/revised_Figure3/global/403081283324009_.csv
4032150.csv,D:/Python/R/6 DO-WT/revised_Figure3/global/4032150.csv
40325155.csv,D:/Python/R/6 DO-WT/revised_Figure3/global/40325155.csv
4040000.csv,D:/Python/R/6 DO-WT/revised_Figure3/global/4040000.csv
404021284402300_.csv,D:/Python/R/6 DO-WT/revised_Figure3/global/404021284402300_.csv
404021284415300_.csv,D:/Python/R/6 DO-WT/revised_Figure3/global/404021284415300_.csv
404031284401300_.csv,D:/Python/R/6 DO-WT/revised_Figure3/global/404031284401300_.csv
404031284403300_.csv,D:/Python/R/6 DO-WT/revised_Figure3/global/404031284403300_.csv
404031284416160_.csv,D:/Python/R/6 DO-WT/revised_Figure3/global/404031284416160_.csv
404031284416300_.csv,D:/Python/R/6 DO-WT/revised_Figure3/global/404031284416300_.csv
404031284416310_.csv,D:/Python/R/6 DO-WT/revised_Figure3/global/404031284416310_.csv
404071284408030_.csv,D:/Python/R/6 DO-WT/revised_Figure3/global/404071284408030_.csv
404081284408040_.csv,D:/Python/R/6 DO-WT/revised_Figure3/global/404081284408040_.csv
404101284408300_.csv,D:/Python/R/6 DO-WT/revised_Figure3/global/404101284408300_.csv
404121284412020_.csv,D:/Python/R/6 DO-WT/revised_Figure3/global/404121284412020_.csv
4043016.csv,D:/Python/R/6 DO-WT/revised_Figure3/global/4043016.csv
405011285508040_.csv,D:/Python/R/6 DO-WT/revised_Figure3/global/405011285508040_.csv
405061285512050_.csv,D:/Python/R/6 DO-WT/revised_Figure3/global/405061285512050_.csv
405071285512021_.csv,D:/Python/R/6 DO-WT/revised_Figure3/global/405071285512021_.csv
405071285512040_.csv,D:/Python/R/6 DO-WT/revised_Figure3/global/405071285512040_.csv
405081285505021_.csv,D:/Python/R/6 DO-WT/revised_Figure3/global/405081285505021_.csv
405081285505031_.csv,D:/Python/R/6 DO-WT/revised_Figure3/global/405081285505031_.csv
405081285505035_.csv,D:/Python/R/6 DO-WT/revised_Figure3/global/405081285505035_.csv
405081285511070_.csv,D:/Python/R/6 DO-WT/revised_Figure3/global/405081285511070_.csv
405091285502090_.csv,D:/Python/R/6 DO-WT/revised_Figure3/global/405091285502090_.csv
405091285502120_.csv,D:/Python/R/6 DO-WT/revised_Figure3/global/405091285502120_.csv
405091285502200_.csv,D:/Python/R/6 DO-WT/revised_Figure3/global/405091285502200_.csv
405091285502850_.csv,D:/Python/R/6 DO-WT/revised_Figure3/global/405091285502850_.csv
405091285515010_.csv,D:/Python/R/6 DO-WT/revised_Figure3/global/405091285515010_.csv
405091285515020_.csv,D:/Python/R/6 DO-WT/revised_Figure3/global/405091285515020_.csv
405091285515070_.csv,D:/Python/R/6 DO-WT/revised_Figure3/global/405091285515070_.csv
405091285515090_.csv,D:/Python/R/6 DO-WT/revised_Figure3/global/405091285515090_.csv
405091285515110_.csv,D:/Python/R/6 DO-WT/revised_Figure3/global/405091285515110_.csv
405091285515160_.csv,D:/Python/R/6 DO-WT/revised_Figure3/global/405091285515160_.csv
405091285515170_.csv,D:/Python/R/6 DO-WT/revised_Figure3/global/405091285515170_.csv
405101285514051_.csv,D:/Python/R/6 DO-WT/revised_Figure3/global/405101285514051_.csv
405111285514021_.csv,D:/Python/R/6 DO-WT/revised_Figure3/global/405111285514021_.csv
405131285514021_.csv,D:/Python/R/6 DO-WT/revised_Figure3/global/405131285514021_.csv
4057800.csv,D:/Python/R/6 DO-WT/revised_Figure3/global/4057800.csv
4057801.csv,D:/Python/R/6 DO-WT/revised_Figure3/global/4057801.csv
4059500.csv,D:/Python/R/6 DO-WT/revised_Figure3/global/4059500.csv
406021286614020_.csv,D:/Python/R/6 DO-WT/revised_Figure3/global/406021286614020_.csv
406021286614090_.csv,D:/Python/R/6 DO-WT/revised_Figure3/global/406021286614090_.csv
406021286614111_.csv,D:/Python/R/6 DO-WT/revised_Figure3/global/406021286614111_.csv
406031286607040_.csv,D:/Python/R/6 DO-WT/revised_Figure3/global/406031286607040_.csv
406031286607060_.csv,D:/Python/R/6 DO-WT/revised_Figure3/global/406031286607060_.csv
406031286607070_.csv,D:/Python/R/6 DO-WT/revised_Figure3/global/406031286607070_.csv
406041286603170_.csv,D:/Python/R/6 DO-WT/revised_Figure3/global/406041286603170_.csv
406041286603270_.csv,D:/Python/R/6 DO-WT/revised_Figure3/global/406041286603270_.csv
406041286603310_.csv,D:/Python/R/6 DO-WT/revised_Figure3/global/406041286603310_.csv
406041286603390_.csv,D:/Python/R/6 DO-WT/revised_Figure3/global/406041286603390_.csv
406041286603430_.csv,D:/Python/R/6 DO-WT/revised_Figure3/global/406041286603430_.csv
406041286603450_.csv,D:/Python/R/6 DO-WT/revised_Figure3/global/406041286603450_.csv
406041286603480_.csv,D:/Python/R/6 DO-WT/revised_Figure3/global/406041286603480_.csv
406041286603500_.csv,D:/Python/R/6 DO-WT/revised_Figure3/global/406041286603500_.csv
406041286603520_.csv,D:/Python/R/6 DO-WT/revised_Figure3/global/406041286603520_.csv
406041286606050_.csv,D:/Python/R/6 DO-WT/revised_Figure3/global/406041286606050_.csv
406041286606060_.csv,D:/Python/R/6 DO-WT/revised_Figure3/global/406041286606060_.csv
406041286606190_.csv,D:/Python/R/6 DO-WT/revised_Figure3/global/406041286606190_.csv
406041286606240_.csv,D:/Python/R/6 DO-WT/revised_Figure3/global/406041286606240_.csv
406041286608010_.csv,D:/Python/R/6 DO-WT/revised_Figure3/global/406041286608010_.csv
406041286608040_.csv,D:/Python/R/6 DO-WT/revised_Figure3/global/406041286608040_.csv
406041286618020_.csv,D:/Python/R/6 DO-WT/revised_Figure3/global/406041286618020_.csv
406041286618030_.csv,D:/Python/R/6 DO-WT/revised_Figure3/global/406041286618030_.csv
406051286611030_.csv,D:/Python/R/6 DO-WT/revised_Figure3/global/406051286611030_.csv
406051286611060_.csv,D:/Python/R/6 DO-WT/revised_Figure3/global/406051286611060_.csv
406061286611050_.csv,D:/Python/R/6 DO-WT/revised_Figure3/global/406061286611050_.csv
406071286601060_.csv,D:/Python/R/6 DO-WT/revised_Figure3/global/406071286601060_.csv
406091286605020_.csv,D:/Python/R/6 DO-WT/revised_Figure3/global/406091286605020_.csv
406091286605050_.csv,D:/Python/R/6 DO-WT/revised_Figure3/global/406091286605050_.csv
406101286610020_.csv,D:/Python/R/6 DO-WT/revised_Figure3/global/406101286610020_.csv
4067500.csv,D:/Python/R/6 DO-WT/revised_Figure3/global/4067500.csv
407041287705100_.csv,D:/Python/R/6 DO-WT/revised_Figure3/global/407041287705100_.csv
407051287711030_.csv,D:/Python/R/6 DO-WT/revised_Figure3/global/407051287711030_.csv
407071287715050_.csv,D:/Python/R/6 DO-WT/revised_Figure3/global/407071287715050_.csv
407091287712070_.csv,D:/Python/R/6 DO-WT/revised_Figure3/global/407091287712070_.csv
408011288805002_.csv,D:/Python/R/6 DO-WT/revised_Figure3/global/408011288805002_.csv
408041288808020_.csv,D:/Python/R/6 DO-WT/revised_Figure3/global/408041288808020_.csv
408071288801030_.csv,D:/Python/R/6 DO-WT/revised_Figure3/global/408071288801030_.csv
4085108.csv,D:/Python/R/6 DO-WT/revised_Figure3/global/4085108.csv
40851385.csv,D:/Python/R/6 DO-WT/revised_Figure3/global/40851385.csv
4087119.csv,D:/Python/R/6 DO-WT/revised_Figure3/global/4087119.csv
40871488.csv,D:/Python/R/6 DO-WT/revised_Figure3/global/40871488.csv
4087170.csv,D:/Python/R/6 DO-WT/revised_Figure3/global/4087170.csv
409001.csv,D:/Python/R/6 DO-WT/revised_Figure3/global/409001.csv
409003.csv,D:/Python/R/6 DO-WT/revised_Figure3/global/409003.csv
409005.csv,D:/Python/R/6 DO-WT/revised_Figure3/global/409005.csv
409013.csv,D:/Python/R/6 DO-WT/revised_Figure3/global/409013.csv
409014.csv,D:/Python/R/6 DO-WT/revised_Figure3/global/409014.csv
409016.csv,D:/Python/R/6 DO-WT/revised_Figure3/global/409016.csv
409025.csv,D:/Python/R/6 DO-WT/revised_Figure3/global/409025.csv
409036.csv,D:/Python/R/6 DO-WT/revised_Figure3/global/409036.csv
409044.csv,D:/Python/R/6 DO-WT/revised_Figure3/global/409044.csv
409047.csv,D:/Python/R/6 DO-WT/revised_Figure3/global/409047.csv
409048.csv,D:/Python/R/6 DO-WT/revised_Figure3/global/409048.csv
409061289901500_.csv,D:/Python/R/6 DO-WT/revised_Figure3/global/409061289901500_.csv
409062.csv,D:/Python/R/6 DO-WT/revised_Figure3/global/409062.csv
409086.csv,D:/Python/R/6 DO-WT/revised_Figure3/global/409086.csv
410040.csv,D:/Python/R/6 DO-WT/revised_Figure3/global/410040.csv
410130.csv,D:/Python/R/6 DO-WT/revised_Figure3/global/410130.csv
4101500.csv,D:/Python/R/6 DO-WT/revised_Figure3/global/4101500.csv
4108660.csv,D:/Python/R/6 DO-WT/revised_Figure3/global/4108660.csv
41141.csv,D:/Python/R/6 DO-WT/revised_Figure3/global/41141.csv
4118564.csv,D:/Python/R/6 DO-WT/revised_Figure3/global/4118564.csv
4119400.csv,D:/Python/R/6 DO-WT/revised_Figure3/global/4119400.csv
412004.csv,D:/Python/R/6 DO-WT/revised_Figure3/global/412004.csv
412005.csv,D:/Python/R/6 DO-WT/revised_Figure3/global/412005.csv
412006.csv,D:/Python/R/6 DO-WT/revised_Figure3/global/412006.csv
412011.csv,D:/Python/R/6 DO-WT/revised_Figure3/global/412011.csv
412038.csv,D:/Python/R/6 DO-WT/revised_Figure3/global/412038.csv
412039.csv,D:/Python/R/6 DO-WT/revised_Figure3/global/412039.csv
412047.csv,D:/Python/R/6 DO-WT/revised_Figure3/global/412047.csv
41211.csv,D:/Python/R/6 DO-WT/revised_Figure3/global/41211.csv
4121650.csv,D:/Python/R/6 DO-WT/revised_Figure3/global/4121650.csv
4121660.csv,D:/Python/R/6 DO-WT/revised_Figure3/global/4121660.csv
4121680.csv,D:/Python/R/6 DO-WT/revised_Figure3/global/4121680.csv
4121944.csv,D:/Python/R/6 DO-WT/revised_Figure3/global/4121944.csv
4121970.csv,D:/Python/R/6 DO-WT/revised_Figure3/global/4121970.csv
4124000.csv,D:/Python/R/6 DO-WT/revised_Figure3/global/4124000.csv
4124200.csv,D:/Python/R/6 DO-WT/revised_Figure3/global/4124200.csv
4125460.csv,D:/Python/R/6 DO-WT/revised_Figure3/global/4125460.csv
4125550.csv,D:/Python/R/6 DO-WT/revised_Figure3/global/4125550.csv
41310024.csv,D:/Python/R/6 DO-WT/revised_Figure3/global/41310024.csv
4136000.csv,D:/Python/R/6 DO-WT/revised_Figure3/global/4136000.csv
41361.csv,D:/Python/R/6 DO-WT/revised_Figure3/global/41361.csv
4136500.csv,D:/Python/R/6 DO-WT/revised_Figure3/global/4136500.csv
4136900.csv,D:/Python/R/6 DO-WT/revised_Figure3/global/4136900.csv
4137005.csv,D:/Python/R/6 DO-WT/revised_Figure3/global/4137005.csv
4137020.csv,D:/Python/R/6 DO-WT/revised_Figure3/global/4137020.csv
4137025.csv,D:/Python/R/6 DO-WT/revised_Figure3/global/4137025.csv
4137030.csv,D:/Python/R/6 DO-WT/revised_Figure3/global/4137030.csv
4137500.csv,D:/Python/R/6 DO-WT/revised_Figure3/global/4137500.csv
4157005.csv,D:/Python/R/6 DO-WT/revised_Figure3/global/4157005.csv
4161820.csv,D:/Python/R/6 DO-WT/revised_Figure3/global/4161820.csv
4165500.csv,D:/Python/R/6 DO-WT/revised_Figure3/global/4165500.csv
4166500.csv,D:/Python/R/6 DO-WT/revised_Figure3/global/4166500.csv
4168400.csv,D:/Python/R/6 DO-WT/revised_Figure3/global/4168400.csv
4176500.csv,D:/Python/R/6 DO-WT/revised_Figure3/global/4176500.csv
4183038.csv,D:/Python/R/6 DO-WT/revised_Figure3/global/4183038.csv
4183500.csv,D:/Python/R/6 DO-WT/revised_Figure3/global/4183500.csv
4188496.csv,D:/Python/R/6 DO-WT/revised_Figure3/global/4188496.csv
419020.csv,D:/Python/R/6 DO-WT/revised_Figure3/global/419020.csv
419043.csv,D:/Python/R/6 DO-WT/revised_Figure3/global/419043.csv
419056.csv,D:/Python/R/6 DO-WT/revised_Figure3/global/419056.csv
4193500.csv,D:/Python/R/6 DO-WT/revised_Figure3/global/4193500.csv
42001.csv,D:/Python/R/6 DO-WT/revised_Figure3/global/42001.csv
42071.csv,D:/Python/R/6 DO-WT/revised_Figure3/global/42071.csv
42081.csv,D:/Python/R/6 DO-WT/revised_Figure3/global/42081.csv
4213152.csv,D:/Python/R/6 DO-WT/revised_Figure3/global/4213152.csv
4213500.csv,D:/Python/R/6 DO-WT/revised_Figure3/global/4213500.csv
4218601.csv,D:/Python/R/6 DO-WT/revised_Figure3/global/4218601.csv
4219768.csv,D:/Python/R/6 DO-WT/revised_Figure3/global/4219768.csv
4219915.csv,D:/Python/R/6 DO-WT/revised_Figure3/global/4219915.csv
422001.csv,D:/Python/R/6 DO-WT/revised_Figure3/global/422001.csv
422002.csv,D:/Python/R/6 DO-WT/revised_Figure3/global/422002.csv
422003.csv,D:/Python/R/6 DO-WT/revised_Figure3/global/422003.csv
4220045.csv,D:/Python/R/6 DO-WT/revised_Figure3/global/4220045.csv
422016550.csv,D:/Python/R/6 DO-WT/revised_Figure3/global/422016550.csv
422018610.csv,D:/Python/R/6 DO-WT/revised_Figure3/global/422018610.csv
4220223.csv,D:/Python/R/6 DO-WT/revised_Figure3/global/4220223.csv
422027.csv,D:/Python/R/6 DO-WT/revised_Figure3/global/422027.csv
4226000.csv,D:/Python/R/6 DO-WT/revised_Figure3/global/4226000.csv
4231600.csv,D:/Python/R/6 DO-WT/revised_Figure3/global/4231600.csv
4249000.csv,D:/Python/R/6 DO-WT/revised_Figure3/global/4249000.csv
425001.csv,D:/Python/R/6 DO-WT/revised_Figure3/global/425001.csv
425003.csv,D:/Python/R/6 DO-WT/revised_Figure3/global/425003.csv
425004.csv,D:/Python/R/6 DO-WT/revised_Figure3/global/425004.csv
425007.csv,D:/Python/R/6 DO-WT/revised_Figure3/global/425007.csv
425012.csv,D:/Python/R/6 DO-WT/revised_Figure3/global/425012.csv
425039.csv,D:/Python/R/6 DO-WT/revised_Figure3/global/425039.csv
45271.csv,D:/Python/R/6 DO-WT/revised_Figure3/global/45271.csv
45301.csv,D:/Python/R/6 DO-WT/revised_Figure3/global/45301.csv
45302.csv,D:/Python/R/6 DO-WT/revised_Figure3/global/45302.csv
45303.csv,D:/Python/R/6 DO-WT/revised_Figure3/global/45303.csv
45304.csv,D:/Python/R/6 DO-WT/revised_Figure3/global/45304.csv
50048565.csv,D:/Python/R/6 DO-WT/revised_Figure3/global/50048565.csv
50048580.csv,D:/Python/R/6 DO-WT/revised_Figure3/global/50048580.csv
5051522.csv,D:/Python/R/6 DO-WT/revised_Figure3/global/5051522.csv
5054000.csv,D:/Python/R/6 DO-WT/revised_Figure3/global/5054000.csv
5057000.csv,D:/Python/R/6 DO-WT/revised_Figure3/global/5057000.csv
5062130.csv,D:/Python/R/6 DO-WT/revised_Figure3/global/5062130.csv
5082500.csv,D:/Python/R/6 DO-WT/revised_Figure3/global/5082500.csv
5114000.csv,D:/Python/R/6 DO-WT/revised_Figure3/global/5114000.csv
5117500.csv,D:/Python/R/6 DO-WT/revised_Figure3/global/5117500.csv
5124000.csv,D:/Python/R/6 DO-WT/revised_Figure3/global/5124000.csv
5357206.csv,D:/Python/R/6 DO-WT/revised_Figure3/global/5357206.csv
5406457.csv,D:/Python/R/6 DO-WT/revised_Figure3/global/5406457.csv
5406469.csv,D:/Python/R/6 DO-WT/revised_Figure3/global/5406469.csv
5406479.csv,D:/Python/R/6 DO-WT/revised_Figure3/global/5406479.csv
5420400.csv,D:/Python/R/6 DO-WT/revised_Figure3/global/5420400.csv
5435943.csv,D:/Python/R/6 DO-WT/revised_Figure3/global/5435943.csv
5435950.csv,D:/Python/R/6 DO-WT/revised_Figure3/global/5435950.csv
5474500.csv,D:/Python/R/6 DO-WT/revised_Figure3/global/5474500.csv
5515500.csv,D:/Python/R/6 DO-WT/revised_Figure3/global/5515500.csv
5517500.csv,D:/Python/R/6 DO-WT/revised_Figure3/global/5517500.csv
5518000.csv,D:/Python/R/6 DO-WT/revised_Figure3/global/5518000.csv
5524500.csv,D:/Python/R/6 DO-WT/revised_Figure3/global/5524500.csv
5537980.csv,D:/Python/R/6 DO-WT/revised_Figure3/global/5537980.csv
5538020.csv,D:/Python/R/6 DO-WT/revised_Figure3/global/5538020.csv
5543010.csv,D:/Python/R/6 DO-WT/revised_Figure3/global/5543010.csv
5545750.csv,D:/Python/R/6 DO-WT/revised_Figure3/global/5545750.csv
5549500.csv,D:/Python/R/6 DO-WT/revised_Figure3/global/5549500.csv
5558300.csv,D:/Python/R/6 DO-WT/revised_Figure3/global/5558300.csv
5559900.csv,D:/Python/R/6 DO-WT/revised_Figure3/global/5559900.csv
5567500.csv,D:/Python/R/6 DO-WT/revised_Figure3/global/5567500.csv
5568705.csv,D:/Python/R/6 DO-WT/revised_Figure3/global/5568705.csv
5586300.csv,D:/Python/R/6 DO-WT/revised_Figure3/global/5586300.csv
5587498.csv,D:/Python/R/6 DO-WT/revised_Figure3/global/5587498.csv
5599490.csv,D:/Python/R/6 DO-WT/revised_Figure3/global/5599490.csv
6076590.csv,D:/Python/R/6 DO-WT/revised_Figure3/global/6076590.csv
613.csv,D:/Python/R/6 DO-WT/revised_Figure3/global/613.csv
616.csv,D:/Python/R/6 DO-WT/revised_Figure3/global/616.csv
6174500.csv,D:/Python/R/6 DO-WT/revised_Figure3/global/6174500.csv
6177000.csv,D:/Python/R/6 DO-WT/revised_Figure3/global/6177000.csv
6336000.csv,D:/Python/R/6 DO-WT/revised_Figure3/global/6336000.csv
6340590.csv,D:/Python/R/6 DO-WT/revised_Figure3/global/6340590.csv
6354890.csv,D:/Python/R/6 DO-WT/revised_Figure3/global/6354890.csv
6354980.csv,D:/Python/R/6 DO-WT/revised_Figure3/global/6354980.csv
6427850.csv,D:/Python/R/6 DO-WT/revised_Figure3/global/6427850.csv
6461500.csv,D:/Python/R/6 DO-WT/revised_Figure3/global/6461500.csv
6478522.csv,D:/Python/R/6 DO-WT/revised_Figure3/global/6478522.csv
6610505.csv,D:/Python/R/6 DO-WT/revised_Figure3/global/6610505.csv
6670500.csv,D:/Python/R/6 DO-WT/revised_Figure3/global/6670500.csv
6707525.csv,D:/Python/R/6 DO-WT/revised_Figure3/global/6707525.csv
6711565.csv,D:/Python/R/6 DO-WT/revised_Figure3/global/6711565.csv
6729470.csv,D:/Python/R/6 DO-WT/revised_Figure3/global/6729470.csv
6796500.csv,D:/Python/R/6 DO-WT/revised_Figure3/global/6796500.csv
6800500.csv,D:/Python/R/6 DO-WT/revised_Figure3/global/6800500.csv
6801000.csv,D:/Python/R/6 DO-WT/revised_Figure3/global/6801000.csv
6805000.csv,D:/Python/R/6 DO-WT/revised_Figure3/global/6805000.csv
6805500.csv,D:/Python/R/6 DO-WT/revised_Figure3/global/6805500.csv
6818000.csv,D:/Python/R/6 DO-WT/revised_Figure3/global/6818000.csv
6819550.csv,D:/Python/R/6 DO-WT/revised_Figure3/global/6819550.csv
6856600.csv,D:/Python/R/6 DO-WT/revised_Figure3/global/6856600.csv
6879150.csv,D:/Python/R/6 DO-WT/revised_Figure3/global/6879150.csv
6887000.csv,D:/Python/R/6 DO-WT/revised_Figure3/global/6887000.csv
6888990.csv,D:/Python/R/6 DO-WT/revised_Figure3/global/6888990.csv
6889110.csv,D:/Python/R/6 DO-WT/revised_Figure3/global/6889110.csv
6889160.csv,D:/Python/R/6 DO-WT/revised_Figure3/global/6889160.csv
6892495.csv,D:/Python/R/6 DO-WT/revised_Figure3/global/6892495.csv
6892518.csv,D:/Python/R/6 DO-WT/revised_Figure3/global/6892518.csv
6892900.csv,D:/Python/R/6 DO-WT/revised_Figure3/global/6892900.csv
6893100.csv,D:/Python/R/6 DO-WT/revised_Figure3/global/6893100.csv
6893620.csv,D:/Python/R/6 DO-WT/revised_Figure3/global/6893620.csv
6893820.csv,D:/Python/R/6 DO-WT/revised_Figure3/global/6893820.csv
6894000.csv,D:/Python/R/6 DO-WT/revised_Figure3/global/6894000.csv
6894650.csv,D:/Python/R/6 DO-WT/revised_Figure3/global/6894650.csv
6899900.csv,D:/Python/R/6 DO-WT/revised_Figure3/global/6899900.csv
6900050.csv,D:/Python/R/6 DO-WT/revised_Figure3/global/6900050.csv
6901500.csv,D:/Python/R/6 DO-WT/revised_Figure3/global/6901500.csv
6902000.csv,D:/Python/R/6 DO-WT/revised_Figure3/global/6902000.csv
6914950.csv,D:/Python/R/6 DO-WT/revised_Figure3/global/6914950.csv
6914990.csv,D:/Python/R/6 DO-WT/revised_Figure3/global/6914990.csv
6934500.csv,D:/Python/R/6 DO-WT/revised_Figure3/global/6934500.csv
7020850.csv,D:/Python/R/6 DO-WT/revised_Figure3/global/7020850.csv
7048600.csv,D:/Python/R/6 DO-WT/revised_Figure3/global/7048600.csv
7049000.csv,D:/Python/R/6 DO-WT/revised_Figure3/global/7049000.csv
7049691.csv,D:/Python/R/6 DO-WT/revised_Figure3/global/7049691.csv
7054501.csv,D:/Python/R/6 DO-WT/revised_Figure3/global/7054501.csv
7054502.csv,D:/Python/R/6 DO-WT/revised_Figure3/global/7054502.csv
7054527.csv,D:/Python/R/6 DO-WT/revised_Figure3/global/7054527.csv
7061270.csv,D:/Python/R/6 DO-WT/revised_Figure3/global/7061270.csv
7061290.csv,D:/Python/R/6 DO-WT/revised_Figure3/global/7061290.csv
7075270.csv,D:/Python/R/6 DO-WT/revised_Figure3/global/7075270.csv
7076000.csv,D:/Python/R/6 DO-WT/revised_Figure3/global/7076000.csv
7099400.csv,D:/Python/R/6 DO-WT/revised_Figure3/global/7099400.csv
7106000.csv,D:/Python/R/6 DO-WT/revised_Figure3/global/7106000.csv
7109500.csv,D:/Python/R/6 DO-WT/revised_Figure3/global/7109500.csv
7143672.csv,D:/Python/R/6 DO-WT/revised_Figure3/global/7143672.csv
7144100.csv,D:/Python/R/6 DO-WT/revised_Figure3/global/7144100.csv
7144780.csv,D:/Python/R/6 DO-WT/revised_Figure3/global/7144780.csv
7164500.csv,D:/Python/R/6 DO-WT/revised_Figure3/global/7164500.csv
7177500.csv,D:/Python/R/6 DO-WT/revised_Figure3/global/7177500.csv
7178200.csv,D:/Python/R/6 DO-WT/revised_Figure3/global/7178200.csv
7191288.csv,D:/Python/R/6 DO-WT/revised_Figure3/global/7191288.csv
7198000.csv,D:/Python/R/6 DO-WT/revised_Figure3/global/7198000.csv
7214550.csv,D:/Python/R/6 DO-WT/revised_Figure3/global/7214550.csv
7218525.csv,D:/Python/R/6 DO-WT/revised_Figure3/global/7218525.csv
7239000.csv,D:/Python/R/6 DO-WT/revised_Figure3/global/7239000.csv
7239450.csv,D:/Python/R/6 DO-WT/revised_Figure3/global/7239450.csv
7241000.csv,D:/Python/R/6 DO-WT/revised_Figure3/global/7241000.csv
7241520.csv,D:/Python/R/6 DO-WT/revised_Figure3/global/7241520.csv
7241550.csv,D:/Python/R/6 DO-WT/revised_Figure3/global/7241550.csv
7263296.csv,D:/Python/R/6 DO-WT/revised_Figure3/global/7263296.csv
72632966.csv,D:/Python/R/6 DO-WT/revised_Figure3/global/72632966.csv
7288068.csv,D:/Python/R/6 DO-WT/revised_Figure3/global/7288068.csv
7288150.csv,D:/Python/R/6 DO-WT/revised_Figure3/global/7288150.csv
7288500.csv,D:/Python/R/6 DO-WT/revised_Figure3/global/7288500.csv
7288521.csv,D:/Python/R/6 DO-WT/revised_Figure3/global/7288521.csv
7332605.csv,D:/Python/R/6 DO-WT/revised_Figure3/global/7332605.csv
7332622.csv,D:/Python/R/6 DO-WT/revised_Figure3/global/7332622.csv
7374000.csv,D:/Python/R/6 DO-WT/revised_Figure3/global/7374000.csv
7380255.csv,D:/Python/R/6 DO-WT/revised_Figure3/global/7380255.csv
7381600.csv,D:/Python/R/6 DO-WT/revised_Figure3/global/7381600.csv
8047050.csv,D:/Python/R/6 DO-WT/revised_Figure3/global/8047050.csv
8048000.csv,D:/Python/R/6 DO-WT/revised_Figure3/global/8048000.csv
8049500.csv,D:/Python/R/6 DO-WT/revised_Figure3/global/8049500.csv
8052700.csv,D:/Python/R/6 DO-WT/revised_Figure3/global/8052700.csv
8052745.csv,D:/Python/R/6 DO-WT/revised_Figure3/global/8052745.csv
8057000.csv,D:/Python/R/6 DO-WT/revised_Figure3/global/8057000.csv
8057410.csv,D:/Python/R/6 DO-WT/revised_Figure3/global/8057410.csv
8062500.csv,D:/Python/R/6 DO-WT/revised_Figure3/global/8062500.csv
8065350.csv,D:/Python/R/6 DO-WT/revised_Figure3/global/8065350.csv
8067000.csv,D:/Python/R/6 DO-WT/revised_Figure3/global/8067000.csv
8068000.csv,D:/Python/R/6 DO-WT/revised_Figure3/global/8068000.csv
8068500.csv,D:/Python/R/6 DO-WT/revised_Figure3/global/8068500.csv
8069500.csv,D:/Python/R/6 DO-WT/revised_Figure3/global/8069500.csv
8070200.csv,D:/Python/R/6 DO-WT/revised_Figure3/global/8070200.csv
8180800.csv,D:/Python/R/6 DO-WT/revised_Figure3/global/8180800.csv
8181500.csv,D:/Python/R/6 DO-WT/revised_Figure3/global/8181500.csv
8181800.csv,D:/Python/R/6 DO-WT/revised_Figure3/global/8181800.csv
8188060.csv,D:/Python/R/6 DO-WT/revised_Figure3/global/8188060.csv
8188500.csv,D:/Python/R/6 DO-WT/revised_Figure3/global/8188500.csv
8211200.csv,D:/Python/R/6 DO-WT/revised_Figure3/global/8211200.csv
8317400.csv,D:/Python/R/6 DO-WT/revised_Figure3/global/8317400.csv
8371500.csv,D:/Python/R/6 DO-WT/revised_Figure3/global/8371500.csv
8374200.csv,D:/Python/R/6 DO-WT/revised_Figure3/global/8374200.csv
8374510.csv,D:/Python/R/6 DO-WT/revised_Figure3/global/8374510.csv
8375300.csv,D:/Python/R/6 DO-WT/revised_Figure3/global/8375300.csv
8377200.csv,D:/Python/R/6 DO-WT/revised_Figure3/global/8377200.csv
8380500.csv,D:/Python/R/6 DO-WT/revised_Figure3/global/8380500.csv
8405400.csv,D:/Python/R/6 DO-WT/revised_Figure3/global/8405400.csv
8412500.csv,D:/Python/R/6 DO-WT/revised_Figure3/global/8412500.csv
8437710.csv,D:/Python/R/6 DO-WT/revised_Figure3/global/8437710.csv
8446500.csv,D:/Python/R/6 DO-WT/revised_Figure3/global/8446500.csv
8447000.csv,D:/Python/R/6 DO-WT/revised_Figure3/global/8447000.csv
8447300.csv,D:/Python/R/6 DO-WT/revised_Figure3/global/8447300.csv
8447410.csv,D:/Python/R/6 DO-WT/revised_Figure3/global/8447410.csv
8449000.csv,D:/Python/R/6 DO-WT/revised_Figure3/global/8449000.csv
8474115.csv,D:/Python/R/6 DO-WT/revised_Figure3/global/8474115.csv
8474320.csv,D:/Python/R/6 DO-WT/revised_Figure3/global/8474320.csv
9010500.csv,D:/Python/R/6 DO-WT/revised_Figure3/global/9010500.csv
9013500.csv,D:/Python/R/6 DO-WT/revised_Figure3/global/9013500.csv
9020500.csv,D:/Python/R/6 DO-WT/revised_Figure3/global/9020500.csv
9027100.csv,D:/Python/R/6 DO-WT/revised_Figure3/global/9027100.csv
9034250.csv,D:/Python/R/6 DO-WT/revised_Figure3/global/9034250.csv
9037500.csv,D:/Python/R/6 DO-WT/revised_Figure3/global/9037500.csv
9040500.csv,D:/Python/R/6 DO-WT/revised_Figure3/global/9040500.csv
9041400.csv,D:/Python/R/6 DO-WT/revised_Figure3/global/9041400.csv
9058000.csv,D:/Python/R/6 DO-WT/revised_Figure3/global/9058000.csv
9060799.csv,D:/Python/R/6 DO-WT/revised_Figure3/global/9060799.csv
9070500.csv,D:/Python/R/6 DO-WT/revised_Figure3/global/9070500.csv
9071750.csv,D:/Python/R/6 DO-WT/revised_Figure3/global/9071750.csv
9085000.csv,D:/Python/R/6 DO-WT/revised_Figure3/global/9085000.csv
9085150.csv,D:/Python/R/6 DO-WT/revised_Figure3/global/9085150.csv
9085160.csv,D:/Python/R/6 DO-WT/revised_Figure3/global/9085160.csv
9092570.csv,D:/Python/R/6 DO-WT/revised_Figure3/global/9092570.csv
9095500.csv,D:/Python/R/6 DO-WT/revised_Figure3/global/9095500.csv
9114500.csv,D:/Python/R/6 DO-WT/revised_Figure3/global/9114500.csv
9136100.csv,D:/Python/R/6 DO-WT/revised_Figure3/global/9136100.csv
9144250.csv,D:/Python/R/6 DO-WT/revised_Figure3/global/9144250.csv
9149500.csv,D:/Python/R/6 DO-WT/revised_Figure3/global/9149500.csv
9152500.csv,D:/Python/R/6 DO-WT/revised_Figure3/global/9152500.csv
9163500.csv,D:/Python/R/6 DO-WT/revised_Figure3/global/9163500.csv
9180500.csv,D:/Python/R/6 DO-WT/revised_Figure3/global/9180500.csv
9261000.csv,D:/Python/R/6 DO-WT/revised_Figure3/global/9261000.csv
9315000.csv,D:/Python/R/6 DO-WT/revised_Figure3/global/9315000.csv
9379500.csv,D:/Python/R/6 DO-WT/revised_Figure3/global/9379500.csv
9380000.csv,D:/Python/R/6 DO-WT/revised_Figure3/global/9380000.csv
9406000.csv,D:/Python/R/6 DO-WT/revised_Figure3/global/9406000.csv
9429490.csv,D:/Python/R/6 DO-WT/revised_Figure3/global/9429490.csv
9504950.csv,D:/Python/R/6 DO-WT/revised_Figure3/global/9504950.csv
9510000.csv,D:/Python/R/6 DO-WT/revised_Figure3/global/9510000.csv
A2390542.csv,D:/Python/R/6 DO-WT/revised_Figure3/global/A2390542.csv
A2391077.csv,D:/Python/R/6 DO-WT/revised_Figure3/global/A2391077.csv
A2391078.csv,D:/Python/R/6 DO-WT/revised_Figure3/global/A2391078.csv
A2391081.csv,D:/Python/R/6 DO-WT/revised_Figure3/global/A2391081.csv
A2391082.csv,D:/Python/R/6 DO-WT/revised_Figure3/global/A2391082.csv
A2391085.csv,D:/Python/R/6 DO-WT/revised_Figure3/global/A2391085.csv
A2391086.csv,D:/Python/R/6 DO-WT/revised_Figure3/global/A2391086.csv
A2391101.csv,D:/Python/R/6 DO-WT/revised_Figure3/global/A2391101.csv
A2391140.csv,D:/Python/R/6 DO-WT/revised_Figure3/global/A2391140.csv
A2391149.csv,D:/Python/R/6 DO-WT/revised_Figure3/global/A2391149.csv
A2391152.csv,D:/Python/R/6 DO-WT/revised_Figure3/global/A2391152.csv
A2391185.csv,D:/Python/R/6 DO-WT/revised_Figure3/global/A2391185.csv
A4260554.csv,D:/Python/R/6 DO-WT/revised_Figure3/global/A4260554.csv
A4260573.csv,D:/Python/R/6 DO-WT/revised_Figure3/global/A4260573.csv
A4260580.csv,D:/Python/R/6 DO-WT/revised_Figure3/global/A4260580.csv
A4260594.csv,D:/Python/R/6 DO-WT/revised_Figure3/global/A4260594.csv
A4260633.csv,D:/Python/R/6 DO-WT/revised_Figure3/global/A4260633.csv
A4260644.csv,D:/Python/R/6 DO-WT/revised_Figure3/global/A4260644.csv
A4260645.csv,D:/Python/R/6 DO-WT/revised_Figure3/global/A4260645.csv
A4260652.csv,D:/Python/R/6 DO-WT/revised_Figure3/global/A4260652.csv
A4260702.csv,D:/Python/R/6 DO-WT/revised_Figure3/global/A4260702.csv
A4260703.csv,D:/Python/R/6 DO-WT/revised_Figure3/global/A4260703.csv
A4260704.csv,D:/Python/R/6 DO-WT/revised_Figure3/global/A4260704.csv
A4261022.csv,D:/Python/R/6 DO-WT/revised_Figure3/global/A4261022.csv
A4261023.csv,D:/Python/R/6 DO-WT/revised_Figure3/global/A4261023.csv
A4261024.csv,D:/Python/R/6 DO-WT/revised_Figure3/global/A4261024.csv
A4261053.csv,D:/Python/R/6 DO-WT/revised_Figure3/global/A4261053.csv
A4261055.csv,D:/Python/R/6 DO-WT/revised_Figure3/global/A4261055.csv
A4261107.csv,D:/Python/R/6 DO-WT/revised_Figure3/global/A4261107.csv
A4261108.csv,D:/Python/R/6 DO-WT/revised_Figure3/global/A4261108.csv
A4261124.csv,D:/Python/R/6 DO-WT/revised_Figure3/global/A4261124.csv
A4261134.csv,D:/Python/R/6 DO-WT/revised_Figure3/global/A4261134.csv
A4261135.csv,D:/Python/R/6 DO-WT/revised_Figure3/global/A4261135.csv
A4261139.csv,D:/Python/R/6 DO-WT/revised_Figure3/global/A4261139.csv
A4261165.csv,D:/Python/R/6 DO-WT/revised_Figure3/global/A4261165.csv
A4261168.csv,D:/Python/R/6 DO-WT/revised_Figure3/global/A4261168.csv
A4261173.csv,D:/Python/R/6 DO-WT/revised_Figure3/global/A4261173.csv
A4261204.csv,D:/Python/R/6 DO-WT/revised_Figure3/global/A4261204.csv
A4261224.csv,D:/Python/R/6 DO-WT/revised_Figure3/global/A4261224.csv
A4261255.csv,D:/Python/R/6 DO-WT/revised_Figure3/global/A4261255.csv
A4261262.csv,D:/Python/R/6 DO-WT/revised_Figure3/global/A4261262.csv
A4261263.csv,D:/Python/R/6 DO-WT/revised_Figure3/global/A4261263.csv
A4261264.csv,D:/Python/R/6 DO-WT/revised_Figure3/global/A4261264.csv
A4261265.csv,D:/Python/R/6 DO-WT/revised_Figure3/global/A4261265.csv
A4261268.csv,D:/Python/R/6 DO-WT/revised_Figure3/global/A4261268.csv
A4261270.csv,D:/Python/R/6 DO-WT/revised_Figure3/global/A4261270.csv
A4261271.csv,D:/Python/R/6 DO-WT/revised_Figure3/global/A4261271.csv
A4261278.csv,D:/Python/R/6 DO-WT/revised_Figure3/global/A4261278.csv
A4261536.csv,D:/Python/R/6 DO-WT/revised_Figure3/global/A4261536.csv
A4261539.csv,D:/Python/R/6 DO-WT/revised_Figure3/global/A4261539.csv
A4261789.csv,D:/Python/R/6 DO-WT/revised_Figure3/global/A4261789.csv
A4261791.csv,D:/Python/R/6 DO-WT/revised_Figure3/global/A4261791.csv
A4261809.csv,D:/Python/R/6 DO-WT/revised_Figure3/global/A4261809.csv
A5011036.csv,D:/Python/R/6 DO-WT/revised_Figure3/global/A5011036.csv
A5011038.csv,D:/Python/R/6 DO-WT/revised_Figure3/global/A5011038.csv
A5011039.csv,D:/Python/R/6 DO-WT/revised_Figure3/global/A5011039.csv
A5011040.csv,D:/Python/R/6 DO-WT/revised_Figure3/global/A5011040.csv
A5040517.csv,D:/Python/R/6 DO-WT/revised_Figure3/global/A5040517.csv
AND.csv,D:/Python/R/6 DO-WT/revised_Figure3/global/AND.csv
ANU.csv,D:/Python/R/6 DO-WT/revised_Figure3/global/ANU.csv
ardevel_amont_vernus.csv,D:/Python/R/6 DO-WT/revised_Figure3/global/ardevel_amont_vernus.csv
ardieres_amont_morcilles.csv,D:/Python/R/6 DO-WT/revised_Figure3/global/ardieres_amont_morcilles.csv
ardieres_amont_rochefort.csv,D:/Python/R/6 DO-WT/revised_Figure3/global/ardieres_amont_rochefort.csv
ardieres_amont_st_didier.csv,D:/Python/R/6 DO-WT/revised_Figure3/global/ardieres_amont_st_didier.csv
Avon_Knapp_Mill.csv,D:/Python/R/6 DO-WT/revised_Figure3/global/Avon_Knapp_Mill.csv
Carrat.csv,D:/Python/R/6 DO-WT/revised_Figure3/global/Carrat.csv
Caversham.csv,D:/Python/R/6 DO-WT/revised_Figure3/global/Caversham.csv
charbonnieres.csv,D:/Python/R/6 DO-WT/revised_Figure3/global/charbonnieres.csv
Charpassonne Château de Donzy.csv,D:/Python/R/6 DO-WT/revised_Figure3/global/Charpassonne Château de Donzy.csv
Charpassonne_Chanin.csv,D:/Python/R/6 DO-WT/revised_Figure3/global/Charpassonne_Chanin.csv
Charpassonne_la_Jamarie.csv,D:/Python/R/6 DO-WT/revised_Figure3/global/Charpassonne_la_Jamarie.csv
Charpassonne_la_Valette.csv,D:/Python/R/6 DO-WT/revised_Figure3/global/Charpassonne_la_Valette.csv
Charpassonne_le_Tél.csv,D:/Python/R/6 DO-WT/revised_Figure3/global/Charpassonne_le_Tél.csv
Charpassonne_Moulin_de_Ronzy.csv,D:/Python/R/6 DO-WT/revised_Figure3/global/Charpassonne_Moulin_de_Ronzy.csv
Charpassonne_Moulin_Marcel.csv,D:/Python/R/6 DO-WT/revised_Figure3/global/Charpassonne_Moulin_Marcel.csv
Coise le Nézel.csv,D:/Python/R/6 DO-WT/revised_Figure3/global/Coise le Nézel.csv
Coise_amont_St_Symphorien.csv,D:/Python/R/6 DO-WT/revised_Figure3/global/Coise_amont_St_Symphorien.csv
Coise_la_Bruyere.csv,D:/Python/R/6 DO-WT/revised_Figure3/global/Coise_la_Bruyere.csv
Coise_Vaudragon.csv,D:/Python/R/6 DO-WT/revised_Figure3/global/Coise_Vaudragon.csv
Coizet.csv,D:/Python/R/6 DO-WT/revised_Figure3/global/Coizet.csv
Curraize.csv,D:/Python/R/6 DO-WT/revised_Figure3/global/Curraize.csv
Doise.csv,D:/Python/R/6 DO-WT/revised_Figure3/global/Doise.csv
FED.csv,D:/Python/R/6 DO-WT/revised_Figure3/global/FED.csv
FEU.csv,D:/Python/R/6 DO-WT/revised_Figure3/global/FEU.csv
Fontbonne_aval.csv,D:/Python/R/6 DO-WT/revised_Figure3/global/Fontbonne_aval.csv
Fontbonne_Bessenay.csv,D:/Python/R/6 DO-WT/revised_Figure3/global/Fontbonne_Bessenay.csv
Fowey_Restormel.csv,D:/Python/R/6 DO-WT/revised_Figure3/global/Fowey_Restormel.csv
FP01.csv,D:/Python/R/6 DO-WT/revised_Figure3/global/FP01.csv
FP02.csv,D:/Python/R/6 DO-WT/revised_Figure3/global/FP02.csv
FP06.csv,D:/Python/R/6 DO-WT/revised_Figure3/global/FP06.csv
FP11.csv,D:/Python/R/6 DO-WT/revised_Figure3/global/FP11.csv
FP12.csv,D:/Python/R/6 DO-WT/revised_Figure3/global/FP12.csv
FP15.csv,D:/Python/R/6 DO-WT/revised_Figure3/global/FP15.csv
FP21.csv,D:/Python/R/6 DO-WT/revised_Figure3/global/FP21.csv
FP22.csv,D:/Python/R/6 DO-WT/revised_Figure3/global/FP22.csv
FP23.csv,D:/Python/R/6 DO-WT/revised_Figure3/global/FP23.csv
FP26.csv,D:/Python/R/6 DO-WT/revised_Figure3/global/FP26.csv
FP31.csv,D:/Python/R/6 DO-WT/revised_Figure3/global/FP31.csv
FR.csv,D:/Python/R/6 DO-WT/revised_Figure3/global/FR.csv
FUI.csv,D:/Python/R/6 DO-WT/revised_Figure3/global/FUI.csv
Le_Potensinet.csv,D:/Python/R/6 DO-WT/revised_Figure3/global/Le_Potensinet.csv
Le_Rieu.csv,D:/Python/R/6 DO-WT/revised_Figure3/global/Le_Rieu.csv
les_presles.csv,D:/Python/R/6 DO-WT/revised_Figure3/global/les_presles.csv
Leven_Newby_Bridge.csv,D:/Python/R/6 DO-WT/revised_Figure3/global/Leven_Newby_Bridge.csv
Lignon_St_Etienne_le_Molard.csv,D:/Python/R/6 DO-WT/revised_Figure3/global/Lignon_St_Etienne_le_Molard.csv
Loise_amont_Doise_Salt.csv,D:/Python/R/6 DO-WT/revised_Figure3/global/Loise_amont_Doise_Salt.csv
Loise_Essertine_en_Donzy.csv,D:/Python/R/6 DO-WT/revised_Figure3/global/Loise_Essertine_en_Donzy.csv
M1.csv,D:/Python/R/6 DO-WT/revised_Figure3/global/M1.csv
M10.csv,D:/Python/R/6 DO-WT/revised_Figure3/global/M10.csv
M16.csv,D:/Python/R/6 DO-WT/revised_Figure3/global/M16.csv
M17.csv,D:/Python/R/6 DO-WT/revised_Figure3/global/M17.csv
M6.csv,D:/Python/R/6 DO-WT/revised_Figure3/global/M6.csv
M9.csv,D:/Python/R/6 DO-WT/revised_Figure3/global/M9.csv
Mare_Pont_du_diable.csv,D:/Python/R/6 DO-WT/revised_Figure3/global/Mare_Pont_du_diable.csv
mercier_amont_presles.csv,D:/Python/R/6 DO-WT/revised_Figure3/global/mercier_amont_presles.csv
mercier_amont_ratier.csv,D:/Python/R/6 DO-WT/revised_Figure3/global/mercier_amont_ratier.csv
miloniere.csv,D:/Python/R/6 DO-WT/revised_Figure3/global/miloniere.csv
morcilles.csv,D:/Python/R/6 DO-WT/revised_Figure3/global/morcilles.csv
Moulin_Piquet_aval.csv,D:/Python/R/6 DO-WT/revised_Figure3/global/Moulin_Piquet_aval.csv
PEU.csv,D:/Python/R/6 DO-WT/revised_Figure3/global/PEU.csv
PL09.csv,D:/Python/R/6 DO-WT/revised_Figure3/global/PL09.csv
PL15.csv,D:/Python/R/6 DO-WT/revised_Figure3/global/PL15.csv
PL17.csv,D:/Python/R/6 DO-WT/revised_Figure3/global/PL17.csv
PL18.csv,D:/Python/R/6 DO-WT/revised_Figure3/global/PL18.csv
PL19.csv,D:/Python/R/6 DO-WT/revised_Figure3/global/PL19.csv
PL20.csv,D:/Python/R/6 DO-WT/revised_Figure3/global/PL20.csv
ratier.csv,D:/Python/R/6 DO-WT/revised_Figure3/global/ratier.csv
ratier_amont_charbonnieres.csv,D:/Python/R/6 DO-WT/revised_Figure3/global/ratier_amont_charbonnieres.csv
ratier_amont_ribes.csv,D:/Python/R/6 DO-WT/revised_Figure3/global/ratier_amont_ribes.csv
ribes.csv,D:/Python/R/6 DO-WT/revised_Figure3/global/ribes.csv
RIC.csv,D:/Python/R/6 DO-WT/revised_Figure3/global/RIC.csv
rochefort.csv,D:/Python/R/6 DO-WT/revised_Figure3/global/rochefort.csv
Ruisseau_de_Violay.csv,D:/Python/R/6 DO-WT/revised_Figure3/global/Ruisseau_de_Violay.csv
sallarin.csv,D:/Python/R/6 DO-WT/revised_Figure3/global/sallarin.csv
samsons_amont_thielas.csv,D:/Python/R/6 DO-WT/revised_Figure3/global/samsons_amont_thielas.csv
st didier.csv,D:/Python/R/6 DO-WT/revised_Figure3/global/st didier.csv
Stour_Wixoe.csv,D:/Python/R/6 DO-WT/revised_Figure3/global/Stour_Wixoe.csv
Taplow.csv,D:/Python/R/6 DO-WT/revised_Figure3/global/Taplow.csv
TE03.csv,D:/Python/R/6 DO-WT/revised_Figure3/global/TE03.csv
TE05.csv,D:/Python/R/6 DO-WT/revised_Figure3/global/TE05.csv
TE09.csv,D:/Python/R/6 DO-WT/revised_Figure3/global/TE09.csv
TE16.csv,D:/Python/R/6 DO-WT/revised_Figure3/global/TE16.csv
TE20.csv,D:/Python/R/6 DO-WT/revised_Figure3/global/TE20.csv
TE22.csv,D:/Python/R/6 DO-WT/revised_Figure3/global/TE22.csv
Thames_Taplow.csv,D:/Python/R/6 DO-WT/revised_Figure3/global/Thames_Taplow.csv
thielas.csv,D:/Python/R/6 DO-WT/revised_Figure3/global/thielas.csv
thiollet.csv,D:/Python/R/6 DO-WT/revised_Figure3/global/thiollet.csv
Toranche_aval.csv,D:/Python/R/6 DO-WT/revised_Figure3/global/Toranche_aval.csv
Toranche_St_Cyr_les_Vignes.csv,D:/Python/R/6 DO-WT/revised_Figure3/global/Toranche_St_Cyr_les_Vignes.csv
Trout_Beck_Calgaith.csv,D:/Python/R/6 DO-WT/revised_Figure3/global/Trout_Beck_Calgaith.csv
VAD.csv,D:/Python/R/6 DO-WT/revised_Figure3/global/VAD.csv
VAU.csv,D:/Python/R/6 DO-WT/revised_Figure3/global/VAU.csv
vauxonne_amont_sallarin.csv,D:/Python/R/6 DO-WT/revised_Figure3/global/vauxonne_amont_sallarin.csv
VEL.csv,D:/Python/R/6 DO-WT/revised_Figure3/global/VEL.csv
vernus.csv,D:/Python/R/6 DO-WT/revised_Figure3/global/vernus.csv
VID.csv,D:/Python/R/6 DO-WT/revised_Figure3/global/VID.csv
VIM.csv,D:/Python/R/6 DO-WT/revised_Figure3/global/VIM.csv
VIU.csv,D:/Python/R/6 DO-WT/revised_Figure3/global/VIU.csv
Vizézy amont Bullieux.csv,D:/Python/R/6 DO-WT/revised_Figure3/global/Vizézy amont Bullieux.csv
Windsor.csv,D:/Python/R/6 DO-WT/revised_Figure3/global/Windsor.csv
yzeron_amont_miloniere.csv,D:/Python/R/6 DO-WT/revised_Figure3/global/yzeron_amont_miloniere.csv
yzeron_amont_thiollet.csv,D:/Python/R/6 DO-WT/revised_Figure3/global/yzeron_amont_thiollet.csv
