site_id,date,n_hour_daylight,solar_daylight_mean,solar_daylight_sum,solar_daylight_max,n_DO_WT_daylight,r_DO_WT_daylight,p_DO_WT_daylight
3257,2021-09-11,3,1.7133333333333334,5.14,2.77,3,0.8912799853541451,0.2996163051412403
3257,2021-09-27,3,1.0333333333333332,3.1,1.69,3,0.9996661975289363,0.016449472512360293
3257,2021-10-01,3,0.7833333333333333,2.35,1.51,3,0.9885039100551446,0.09662447213743272
3257,2021-10-02,3,1.2066666666666666,3.62,2.07,3,0.9285714285714298,0.24207543664735126
3257,2021-10-06,3,0.17333333333333334,0.52,0.27,3,0.9356500215654173,0.22962871739435717
3257,2021-10-07,3,1.1066666666666667,3.3200000000000003,1.86,3,0.9795248902124299,0.12904823133489263
3257,2021-10-08,3,0.8366666666666667,2.5100000000000002,1.58,3,0.8429886839453078,0.361588043378464
3257,2021-10-09,3,0.26666666666666666,0.8,0.45,3,-0.8219949365267959,0.3857222661549695
3257,2021-10-10,3,0.6033333333333333,1.81,1.04,3,0.980495577665612,0.12594185719059975
3257,2021-10-11,3,1.48,4.44,2.62,3,0.9888979233416141,0.09495106702760371
3257,2021-10-12,3,1.3233333333333333,3.9699999999999998,2.59,3,0.8446351881795497,0.3596347738413156
3257,2021-10-13,3,1.2566666666666666,3.77,2.38,3,0.948245927248485,0.20571144691656465
3257,2021-10-14,3,0.39666666666666667,1.19,0.69,3,-0.583323988861395,0.6035036050413753
3257,2021-10-15,3,0.6366666666666667,1.91,0.97,3,0.9621332711071529,0.1757535366753178
3257,2021-10-16,3,1.4300000000000002,4.29,2.54,3,0.813470797968884,0.3951506969200698
3257,2021-10-17,3,1.4833333333333334,4.45,2.57,3,0.9489011507308693,0.20439373636729521
3257,2021-10-18,3,1.1866666666666668,3.56,2.15,3,0.8862827718181051,0.3065578295348677
3257,2021-10-19,3,1.1566666666666667,3.4699999999999998,2.19,3,0.9799210362029515,0.12778949120483793
3257,2021-10-20,3,0.7466666666666667,2.24,1.51,3,0.9939740274294848,0.06992412243909421
3257,2021-10-21,3,1.1,3.3,1.95,3,0.9683361113034107,0.16063120276394557
3257,2021-10-22,3,1.3599999999999999,4.08,2.42,3,0.9993156964805519,0.02355289394333658
3257,2021-10-23,3,1.2133333333333334,3.6399999999999997,2.28,3,0.9626375283859047,0.1745719534133766
3257,2021-10-24,3,0.86,2.58,1.56,3,0.9497022956702891,0.20277133457718152
3257,2021-10-25,3,0.8133333333333334,2.44,1.55,3,0.9969794695380885,0.049493265393340403
3257,2021-10-26,3,0.6033333333333334,1.81,1.02,3,0.9987676434687652,0.03160879332970078
3257,2021-10-27,3,1.1366666666666667,3.41,2.12,3,0.9596741577150969,0.18140831799738386
3257,2021-10-28,3,0.6366666666666667,1.91,1.23,3,0.8932338775052507,0.2968614402947374
3257,2021-10-29,3,0.4333333333333333,1.2999999999999998,0.69,3,0.9970061472981105,0.049274105160765795
3257,2021-10-30,3,0.8333333333333334,2.5,1.62,3,0.9835373932416134,0.11567567195960968
3257,2021-10-31,3,0.84,2.52,1.63,3,0.9714472980751963,0.1524956781349928
3257,2021-11-01,3,0.7999999999999999,2.4,1.46,3,0.9519250046008264,0.19820298006073958
3257,2021-11-02,3,0.22,0.66,0.33,3,0.9191526093419531,0.25774986746726986
3257,2021-11-05,3,0.51,1.53,0.98,3,0.1700290910454369,0.8912276613859265
3257,2021-11-06,3,0.7233333333333333,2.17,1.43,3,0.3394221166510639,0.7795369976249122
3257,2022-03-30,0,NA,NA,NA,0,NA,NA
3257,2022-04-14,1,0.88,0.88,0.88,1,NA,NA
3257,2022-05-10,2,1.2650000000000001,2.5300000000000002,1.75,2,NA,NA
3257,2022-05-11,3,1.3966666666666667,4.19,2.66,3,0.917286372493578,0.2607495804893168
3257,2022-05-12,3,0.39,1.17,0.69,3,0.7461992679790329,0.4637532151981183
3257,2022-05-13,3,2.1133333333333333,6.34,3.21,3,0.8827383969459902,0.3113946692883805
3257,2022-05-14,3,1.8199999999999998,5.46,2.65,3,0.7044440723963641,0.5023927890584208
3257,2022-05-15,3,2.3833333333333333,7.15,3.41,3,0.9017704626308574,0.2845358732991526
3257,2022-05-16,3,2.4366666666666665,7.3100000000000005,3.5,3,0.9818692562773093,0.12141191130523475
3257,2022-05-17,3,2.38,7.14,3.53,3,0.9643481795685186,0.17050408002674483
3257,2022-05-18,3,2.12,6.359999999999999,3.11,3,0.9805741139969045,0.12568721475201988
3257,2022-05-19,3,1.81,5.43,2.66,3,0.999991548554782,0.0026173446684035198
3257,2022-05-20,3,2.1566666666666667,6.47,3.28,3,0.9985885380669397,0.033828348918755115
3257,2022-05-21,3,2.356666666666667,7.07,3.45,3,0.9826849387238983,0.11864127055045451
3257,2022-05-22,3,2.1133333333333333,6.34,3.28,3,0.9484399343080222,0.2053221327000238
3257,2022-05-23,3,1.7533333333333334,5.26,2.47,3,0.9999734585938705,0.004638291565254001
3257,2022-05-24,3,2.006666666666667,6.02,3,3,0.9912008512437195,0.08451512098476405
3257,2022-05-25,3,1.7733333333333334,5.32,2.97,3,0.9869526092683955,0.10295093362527799
3257,2022-05-26,3,2.5,7.5,3.58,3,0.9992074149033994,0.025348178718915232
3257,2022-05-27,3,2.4633333333333334,7.390000000000001,3.54,3,0.9599726626721756,0.18073108610194355
3257,2022-05-28,3,2.2466666666666666,6.74,3.3,3,0.9990617193147553,0.027580076872687435
3257,2022-05-29,3,1.6066666666666667,4.82,1.9,3,0.9975324083270313,0.04473228820676245
3257,2022-05-30,3,2.5833333333333335,7.75,3.64,3,0.9999673233825886,0.005146534045233618
3257,2022-05-31,3,2.4033333333333333,7.210000000000001,3.45,3,0.8531937600200384,0.34932490683088585
3257,2022-06-01,3,1.8733333333333333,5.619999999999999,2.51,3,0.964071855855098,0.1711675547415604
3257,2022-06-02,3,1.9000000000000001,5.7,2.72,3,0.9985052261951751,0.03481264108021436
3257,2022-06-03,3,2.14,6.42,3.21,3,0.9990553417656642,0.027673664552922916
3257,2022-06-04,3,0.9,2.7,1.17,3,0.9985090648085418,0.034767901388139275
3257,2022-06-05,3,2.3933333333333335,7.18,3.42,3,0.9996494871908527,0.016856203037610817
3257,2022-06-06,3,2.34,7.02,3.17,3,0.9925275654683339,0.07787480780732758
3257,2022-06-07,3,2.263333333333333,6.79,3.3,3,0.987329273845412,0.10145080818074527
3257,2022-06-08,3,1.8800000000000001,5.640000000000001,2.58,3,0.8836567657992449,0.31014807763469354
3257,2022-06-09,3,1.71,5.13,2.86,3,0.9996432006453266,0.017006700547319537
3257,2022-06-10,3,1.4333333333333333,4.3,2.38,3,0.9959960236011258,0.05698832475001312
3257,2022-06-11,3,2.0666666666666664,6.2,3.09,3,0.9962013159481671,0.05550719513816537
3257,2022-06-12,3,0.9066666666666667,2.72,1.2,3,0.9904909516549495,0.08786347871412269
3257,2022-06-13,3,1.9933333333333334,5.98,3.04,3,0.9489765515704706,0.20424157236024618
3257,2022-06-14,3,1.67,5.01,2.29,3,0.9977694029767352,0.042529124354695205
3257,2022-06-15,3,1.92,5.76,2.55,3,0.9937603693726108,0.07115421634226637
3257,2022-06-16,3,1.44,4.32,2.06,3,0.9958243370220755,0.05819813645149467
3257,2022-06-17,3,1.7933333333333332,5.38,2.55,3,0.9853951106421641,0.10893670774132032
3257,2022-06-18,3,1.4133333333333333,4.24,1.93,3,0.9846781000487803,0.11158543587107572
3257,2022-06-19,3,1.99,5.97,2.98,3,0.946876775607705,0.20843897636492936
3257,2022-06-20,3,1.95,5.85,2.91,3,0.9595956972640504,0.1815859169988913
3257,2022-06-21,3,1.7366666666666668,5.21,2.72,3,0.9861154868642896,0.10620971169607456
3257,2022-06-22,3,1.44,4.32,2.29,3,0.9843241382880894,0.11287033095824477
3257,2022-06-23,3,2.1833333333333336,6.55,3.29,3,0.9829833005991802,0.11761171141668125
3257,2022-09-10,3,1.5833333333333333,4.75,2.65,3,0.9862772318934598,0.10558783396157598
3257,2022-09-11,3,1.6833333333333333,5.05,2.8,3,0.9964414756511251,0.05372283999739608
3257,2022-09-12,3,1.7066666666666668,5.12,2.81,3,0.9929741034752565,0.07550932696698538
3257,2022-09-13,3,1.5733333333333333,4.72,2.44,3,0.9965973242012535,0.05253256792632919
3257,2022-09-14,3,1.1566666666666667,3.4699999999999998,1.77,3,0.9987671171955295,0.03161554320479532
3257,2022-09-15,3,0.8133333333333332,2.44,1.13,3,0.9992485640571669,0.024681315416979793
3257,2022-09-16,3,1.8066666666666666,5.42,2.88,3,0.9926828084642966,0.0770606213429912
3257,2022-09-17,3,1.28,3.84,2.06,3,0.9976916935370304,0.04326387651444381
3257,2022-09-18,3,1.5766666666666667,4.73,2.58,3,0.9711451022973526,0.15330444689318132
3257,2022-09-19,3,1.7066666666666668,5.12,2.89,3,0.9434727475911043,0.21507572039109146
3257,2022-09-20,3,1.13,3.3899999999999997,2.07,3,0.9891428592862861,0.09389588757175373
3257,2022-09-21,3,1.7066666666666666,5.12,2.75,3,0.9953159763309175,0.0616416602596663
3257,2022-09-22,3,1.6166666666666667,4.85,2.76,3,0.9956704498060245,0.05926159367510361
3257,2022-09-23,3,1.9233333333333333,5.77,3.04,3,0.9477865467884135,0.20663046390572895
3257,2022-09-24,3,1.47,4.41,2.27,3,0.8826302717346953,0.3115411364765486
3257,2022-09-25,3,1.6233333333333333,4.869999999999999,2.76,3,0.9663539604028704,0.16561030961948206
3257,2022-09-26,3,1.6333333333333333,4.9,2.7,3,0.6962661778965687,0.5096866523325181
3257,2022-09-27,3,1.41,4.2299999999999995,2.34,3,0.9857864734435974,0.1074637011100483
3257,2022-09-28,3,1.51,4.53,2.6,3,0.9635625981229963,0.17238379382295146
3257,2022-09-29,3,1.4366666666666665,4.31,2.46,3,0.997880147155555,0.04145956372747419
3257,2022-09-30,3,1.4966666666666666,4.49,2.57,3,0.9865600523684472,0.10449163385084013
3257,2022-10-01,3,0.24333333333333332,0.73,0.41,3,0.9946829819844558,0.06567828499431502
3257,2022-10-06,3,0.69,2.07,1.27,3,0.38245313915465845,0.7501586804768822
3257,2022-10-08,3,1.0699999999999998,3.21,1.88,3,0.9351278994981539,0.23056869075490696
3257,2022-10-09,3,1.5366666666666666,4.609999999999999,2.69,3,0.744807987994643,0.4650821199649771
3257,2022-10-10,3,1.5,4.5,2.7,3,0.9699927261631446,0.1563509107494262
3257,2022-10-11,3,1.51,4.53,2.59,3,0.9730449801004094,0.14814784581405513
3257,2022-10-12,3,1.2,3.6,2.1,3,0.9648281163707328,0.16934568533160224
3257,2022-10-13,3,0.8066666666666666,2.42,1.42,3,0.9483678314503893,0.20546690471638004
3257,2022-10-14,3,0.6733333333333333,2.02,1.38,3,0.8929057610913972,0.29732571469367425
3257,2022-10-15,3,0.87,2.61,1.69,3,0.8259259976436157,0.38130571261038554
3257,2022-10-16,3,0.39333333333333337,1.1800000000000002,0.53,3,0.9560440063819177,0.18945582798094313
3257,2022-10-17,3,1.4100000000000001,4.23,2.58,3,0.9101226073169169,0.2719744394305027
3257,2022-10-18,3,1.1866666666666668,3.56,2.47,3,0.9603897804285657,0.1797805947013821
3257,2022-11-01,3,1.0733333333333333,3.2199999999999998,2.03,3,0.9794621739977241,0.12924640119944414
3257,2023-03-19,3,1.2066666666666668,3.62,2.18,3,0.9353057635608498,0.23024889512674693
3257,2023-03-20,3,1.1833333333333333,3.5500000000000003,2.1,3,0.9960561077864807,0.05655883781932673
3257,2023-03-21,3,1.3900000000000001,4.17,2.29,3,0.9990835323841499,0.02725755243155272
3257,2023-03-22,3,0.86,2.58,1.43,3,0.9602923558409316,0.18000303448008087
3257,2023-03-23,3,1.43,4.29,2.34,3,0.9909013216631017,0.08594371440119118
3257,2023-03-24,3,1.48,4.4399999999999995,2.55,3,0.9971488438887748,0.048084915827060946
3257,2023-03-25,3,0.5666666666666667,1.7,0.73,3,0.8575537016330479,0.3439665297574506
3257,2023-03-26,3,1.73,5.19,2.93,3,0.9859334638881296,0.10690526796232726
3257,2023-03-27,3,1.7433333333333334,5.23,2.83,3,0.9991910937013382,0.025607873100562395
3257,2023-03-28,3,1.58,4.74,2.66,3,0.9936931578662097,0.07153681783603903
3257,2023-03-29,3,1.5233333333333334,4.57,2.52,3,0.996757572985921,0.051279955836997244
3257,2023-03-30,3,1.76,5.28,2.83,3,0.9989724704935405,0.028862202292275242
3257,2023-03-31,3,1.5533333333333335,4.66,2.49,3,0.9956496735590898,0.05940371605471347
3257,2023-04-01,3,1.6666666666666667,5,2.67,3,0.9809340538603184,0.12451358742405134
3257,2023-04-02,3,1.6166666666666667,4.85,2.61,3,0.9773021715027822,0.13589772221527324
3257,2023-04-03,3,0.7,2.1,0.9,3,0.988036916832236,0.09857132466622703
3257,2023-04-04,3,0.22666666666666668,0.68,0.32,3,-0.9998260040011898,0.011876023514756324
3257,2023-04-05,3,0.81,2.43,1.21,3,0.9220250140014701,0.2530672896815177
3257,2023-04-06,3,0.6966666666666667,2.09,1.03,3,0.8571923046783412,0.3444135366930483
3257,2023-04-07,3,2.19,6.57,3.32,3,0.9864782406914828,0.1048099002889465
3257,2023-04-08,3,2.1100000000000003,6.33,3.22,3,0.9741104628193149,0.14517730063126338
3257,2023-04-09,3,1.7166666666666666,5.15,2.84,3,0.7136945930531742,0.49404090857680566
3257,2023-04-10,3,1.3666666666666667,4.1,1.91,3,0.9324701153427697,0.2352978432506268
3257,2023-04-11,3,1.71,5.13,3.14,3,0.9974182966529046,0.045755338109314786
3257,2023-04-12,3,1.33,3.99,1.8,3,0.6521266346257407,0.5477540714641589
3257,2023-04-13,3,1.1166666666666667,3.3499999999999996,1.91,3,0.839197010798183,0.3660508573892243
3257,2023-04-14,3,1.2266666666666666,3.6799999999999997,1.83,3,0.8784502020208831,0.31715584855328816
3257,2023-04-15,3,1.2833333333333334,3.85,1.76,3,0.9238753304114691,0.2500069903845992
3257,2023-04-16,3,2.1933333333333334,6.58,3.34,3,0.954142399204334,0.19354170355872413
3257,2023-04-17,3,1.4333333333333333,4.3,2.28,3,0.7629270045256628,0.4475231102345429
3257,2023-04-18,3,1.9733333333333334,5.92,3.11,3,0.9056093786044375,0.27882798260644
3257,2023-04-19,3,1.9466666666666668,5.84,2.99,3,0.7542797710305477,0.4559724723365857
3257,2023-04-20,3,0.23666666666666666,0.71,0.33,3,-0.9823341020386146,0.1198407202805951
3257,2023-04-21,3,0.31,0.9299999999999999,0.41,3,-0.31614991330186015,0.7952194781304598
3257,2023-04-22,3,0.8633333333333334,2.59,1.52,3,0.8681267229411395,0.3306480334822954
3257,2023-04-23,3,0.5833333333333334,1.75,0.72,3,0.9518306154644468,0.19839904646393516
3257,2023-04-24,3,0.7466666666666667,2.24,1,3,0.9986830125281178,0.03267635589308964
3257,2023-04-25,3,2.0233333333333334,6.07,3.21,3,0.9908022279070456,0.08641116972858925
3257,2023-04-26,3,2.1866666666666665,6.56,3.32,3,0.9655560677463387,0.16757375396067464
3257,2023-04-27,3,1.8566666666666667,5.57,2.72,3,0.9182991089797058,0.25912581740193813
3257,2023-04-28,3,1.4033333333333333,4.21,2.45,3,0.9952513803120682,0.062065580724950296
3257,2023-04-29,3,2.3866666666666667,7.16,3.48,3,0.9488813600022292,0.20443365728338006
3257,2023-04-30,3,2.3333333333333335,7,3.45,3,0.6025893931511871,0.5882713862169598
3257,2023-05-01,3,2.19,6.57,3.37,3,0.762693926045038,0.44775258331299517
3257,2023-05-02,3,1.8333333333333335,5.5,3.18,3,0.897701437339718,0.29047158640130427
3257,2023-05-03,3,1.49,4.47,2.34,3,0.9326919616216274,0.2349065768737773
3257,2023-05-04,3,0.4066666666666667,1.22,0.6,3,0.29412712348511005,0.8099421859596504
3257,2023-05-05,3,0.6433333333333333,1.93,1,3,0.9334075617932356,0.23364022471512572
3257,2023-05-06,3,1.5166666666666666,4.55,2.89,3,0.9336663067871729,0.23318072435180698
3257,2023-05-07,3,2.2666666666666666,6.8,3.34,3,0.99255037120434,0.07775573256094769
3257,2023-05-08,3,2.23,6.6899999999999995,3.36,3,0.8640496800324378,0.33584035939358636
3257,2023-05-09,3,1.8933333333333333,5.68,2.98,3,0.8921006615629961,0.29846207059675417
3257,2023-05-10,3,1.58,4.74,2.48,3,0.5304436770907521,0.6440506977423337
3257,2023-05-11,3,1.6966666666666665,5.09,2.65,3,0.9998093793191287,0.01243045506777134
3257,2023-05-12,3,2.1133333333333333,6.34,3.31,3,0.9638592635044618,0.17167630237184042
3257,2023-05-13,3,2.3866666666666667,7.16,3.47,3,0.9903896272916434,0.0883311046371068
3257,2023-05-14,3,2.066666666666667,6.2,3.2,3,0.9853467103565996,0.1091175078633183
3257,2023-05-15,3,2.336666666666667,7.01,3.43,3,0.997607804721038,0.044043320092830636
3257,2023-05-16,3,2.1533333333333333,6.46,3.3,3,0.9342364008123147,0.23216524085778598
3257,2023-05-17,3,1.2266666666666666,3.68,1.7,3,0.9994960443544678,0.020212010659739474
3257,2023-05-18,3,1.24,3.72,1.56,3,0.96545908781862,0.16781087106190484
3257,2023-05-19,3,1.4933333333333332,4.4799999999999995,2.09,3,0.9956047318136577,0.05970999144958157
3257,2023-05-20,3,0.8533333333333333,2.56,1.19,3,0.9976272668911857,0.04386372149945971
3257,2023-05-21,3,1.04,3.12,1.48,3,0.931912093228219,0.23627928393492212
3257,2023-05-22,3,2.4099999999999997,7.2299999999999995,3.51,3,0.9971125046869501,0.04839052368415114
3257,2023-05-23,3,2.27,6.8100000000000005,3.45,3,0.9990670443806193,0.027501690090637024
3257,2023-05-24,3,2.06,6.18,3.37,3,0.8589224122058412,0.34226882389084773
3257,2023-05-25,3,0.9466666666666667,2.84,1.27,3,0.9979580940010616,0.040689927875701144
3257,2023-05-26,3,1.1833333333333333,3.55,1.34,3,0.9991680045726407,0.025970822619738224
3257,2023-05-27,3,0.3466666666666667,1.04,0.63,3,-0.04513788112780446,0.9712545656235578
3257,2023-05-28,3,0.5666666666666667,1.7,0.72,3,0.9855206186554454,0.10846648009924087
3257,2023-05-29,3,1.7533333333333334,5.26,2.62,3,0.9736508019645589,0.1464660843426907
3257,2023-05-30,3,0.8866666666666666,2.66,1.19,3,0.9863389760617259,0.1053494806231982
3257,2023-05-31,3,1.5266666666666668,4.58,2.14,3,0.9495505481311887,0.20307959998988998
3257,2023-06-01,3,2.3866666666666667,7.16,3.47,3,0.9995050299779746,0.020030993235070398
3257,2023-06-04,3,1.7266666666666666,5.18,2.61,3,0.9968499932399222,0.05054345575308298
3257,2023-06-05,3,2.21,6.63,3.27,3,0.9757793153173038,0.14040055453691125
3257,2023-06-06,3,2.4299999999999997,7.289999999999999,3.53,3,0.9784450356127178,0.13241951015327758
3257,2023-06-07,3,1.98,5.94,2.93,3,0.9222326492660416,0.25272562369932156
3257,2023-06-08,3,2.4966666666666666,7.49,3.53,3,0.9566687424443219,0.1880947122780399
3257,2023-06-09,3,2.4633333333333334,7.390000000000001,3.48,3,0.9855479074449811,0.10836397264022053
3257,2023-06-10,3,2.3433333333333333,7.029999999999999,3.42,3,0.9977869751528403,0.04236121328256179
3257,2023-06-11,3,1.88,5.64,2.86,3,0.9994863697078061,0.02040511402489804
3257,2023-06-12,3,1.9033333333333333,5.71,2.8,3,0.9949592039119962,0.06394804720974825
3257,2023-06-13,3,2.1133333333333333,6.34,2.86,3,0.9733526021392478,0.14729624370327335
3257,2023-06-14,3,2.3033333333333332,6.91,3.31,3,0.9824086600555345,0.11958681422568015
3257,2023-06-15,3,2.26,6.78,3.27,3,0.9907759824789455,0.08653455699849205
3257,2023-06-16,3,1.47,4.41,1.96,3,0.9999432636636589,0.0067815320472270225
3257,2023-06-17,3,1.35,4.05,1.91,3,0.999916176983754,0.008242895548193485
3257,2023-06-18,3,1.7966666666666666,5.39,2.42,3,0.998590429664588,0.03380566813360068
3257,2023-06-19,3,0.6533333333333333,1.96,1.02,3,0.6629614699973346,0.5385986184397551
3257,2023-06-20,3,2.236666666666667,6.71,3.21,3,0.9635935726153312,0.17231005794502366
3257,2023-06-21,3,2.376666666666667,7.13,3.37,3,0.9980375092763208,0.0398905457096199
3257,2023-06-22,3,2.3833333333333333,7.15,3.38,3,0.9831613701015728,0.11699297830206262
3257,2023-06-23,3,2.1866666666666665,6.5600000000000005,3.16,3,0.9972624360336445,0.047116864779007055
3257,2023-06-24,3,2.05,6.15,3.06,3,0.988208993054151,0.09785842567387108
3257,2023-06-25,3,1.71,5.13,2.7,3,0.9562878376036381,0.188925723995899
3257,2023-06-26,3,2.02,6.06,3.01,3,0.9986758433118834,0.0327651940573257
3257,2023-06-27,3,2.203333333333333,6.61,3.29,3,0.9978410156606341,0.04184061255334872
3257,2023-06-28,3,0.7666666666666667,2.3,1.07,3,0.7276361364941607,0.48123791807498423
3257,2023-06-29,3,2.2,6.6,3.4,3,0.9914929467228699,0.08309847598784965
3257,2023-06-30,3,2.48,7.44,3.52,3,0.9991695827140638,0.025946176592090125
3257,2023-07-01,3,1.5333333333333332,4.6,1.9,3,0.9976544454839998,0.043611679465260456
3257,2023-07-02,3,1.7133333333333332,5.14,2.3,3,0.9229693606336653,0.25150981163273367
3257,2023-07-03,3,1.46,4.38,2.29,3,0.9958507278235099,0.05801380679138827
3257,2023-07-04,3,1.2966666666666666,3.89,1.8,3,0.9968231885398987,0.05075816122064124
3257,2023-07-05,3,2.3766666666666665,7.13,3.51,3,0.999959792909103,0.005708840400830441
3257,2023-07-06,3,1.8833333333333333,5.65,2.72,3,0.9955704570491997,0.059942523226244236
3257,2023-07-07,3,2.2533333333333334,6.76,3.36,3,0.9987324047076714,0.032057622912509603
3257,2023-07-08,3,2.3533333333333335,7.06,3.36,3,0.9659387122009244,0.16663496811624068
3257,2023-07-09,3,2.3533333333333335,7.0600000000000005,3.37,3,0.9854694688794399,0.10865836085136382
3257,2023-07-10,3,1.87,5.61,2.58,3,0.9999640579114323,0.005397567430973027
3257,2023-07-11,3,1.5166666666666666,4.55,2.26,3,0.9957767882179276,0.05852878554333361
3257,2023-07-12,3,0.6533333333333333,1.96,1.16,3,0.7695847404935791,0.4409265161667176
3257,2023-07-13,3,0.8666666666666667,2.6,1.23,3,-0.3368689908688954,0.7812641060229613
3257,2023-07-14,3,2.09,6.27,3.07,3,0.9996209666852909,0.01752861213078345
3257,2023-07-15,3,2.3033333333333332,6.91,3.33,3,0.9996329077989815,0.017250273540705005
3257,2023-07-16,3,2.3766666666666665,7.13,3.4,3,0.987757295851238,0.09971899071466078
3257,2023-07-17,3,2.263333333333333,6.79,3.25,3,0.9812499235584852,0.12347458489442589
3257,2023-07-18,3,2.16,6.48,3.14,3,0.972994251962833,0.1482878172197027
3257,2023-07-19,3,2.0933333333333333,6.28,3.06,3,0.9889268640924255,0.09482699802698415
3257,2023-07-20,3,1.6933333333333334,5.08,2.45,3,0.9971606731750489,0.04798501398990479
3257,2023-07-21,3,0.27,0.81,0.49,3,-0.7835361669549539,0.42682784919599304
3257,2023-07-22,3,1.2633333333333332,3.79,2.11,3,0.7266021162235766,0.48219679233269414
3257,2023-07-23,3,1.9633333333333332,5.89,2.84,3,0.999396875955798,0.022111605237440872
3257,2023-07-24,3,1.99,5.970000000000001,3.16,3,0.9788596613327628,0.1311351653124843
3257,2023-07-25,3,2.1,6.3,3.08,3,0.9991138638169069,0.026802631254360113
3257,2023-07-26,3,1.8466666666666667,5.54,2.83,3,0.9618702062576888,0.17636689184577273
3257,2023-07-27,3,1.94,5.82,3.01,3,0.8744890474366652,0.32239375417252464
3257,2023-07-28,3,1.24,3.72,1.94,3,0.8447649159193041,0.35948047436633906
3257,2023-07-29,3,0.8633333333333333,2.59,1.26,3,0.9399085807619514,0.2218198954421333
3257,2023-07-30,3,0.9366666666666666,2.8099999999999996,2.01,3,-0.8783553633596909,0.31728217938802294
3257,2023-07-31,3,1.4066666666666665,4.22,2.07,3,0.8513976505804403,0.3515109720259187
3257,2023-08-01,3,1.6733333333333333,5.02,2.42,3,0.9958845848153683,0.057776469864485536
3257,2023-08-02,3,2.0866666666666664,6.26,3.05,3,0.7768471804662317,0.43363549129581386
3257,2023-08-03,3,2.1366666666666667,6.41,3.16,3,NA,NA
3257,2023-08-04,3,1.9833333333333334,5.95,3.06,3,NA,NA
3257,2023-08-05,3,0.64,1.92,0.96,3,NA,NA
3257,2023-08-06,3,2.0533333333333332,6.16,3.25,3,NA,NA
3257,2023-08-07,3,1.8133333333333332,5.4399999999999995,2.88,3,0.9883547702893374,0.09725042507470065
3257,2023-08-08,3,2.0366666666666666,6.11,3.1,3,0.9999821036188185,0.003808714148146882
3257,2023-08-09,3,1.7633333333333334,5.29,2.41,3,0.9950982533789334,0.06305914959547594
3257,2023-08-10,3,1.9633333333333334,5.890000000000001,2.95,3,0.9164824275311276,0.2620318178978536
3257,2023-08-11,3,1.7066666666666666,5.12,2.53,3,0.733044577291245,0.47619730360415513
3257,2023-08-12,3,0.68,2.04,1.12,3,0.9954739056744986,0.06059277771029246
3257,2023-08-13,3,2.1233333333333335,6.37,3.16,3,0.8767107579208803,0.31946561790885797
3257,2023-08-14,3,2.1733333333333333,6.5200000000000005,3.2,3,0.8599491337615931,0.34099030985726786
3257,2023-08-15,3,2.0933333333333333,6.279999999999999,3.11,3,0.8456880283896216,0.35838080526875987
3257,2023-08-16,3,2.02,6.06,3.03,3,0.9283492974365818,0.24245616126711247
3257,2023-08-17,3,1.71,5.13,2.63,3,NA,NA
3257,2023-08-18,3,0.5133333333333333,1.54,0.71,3,NA,NA
3257,2023-08-19,3,0.96,2.88,1.41,3,NA,NA
3257,2023-08-20,3,1.02,3.06,2.12,3,NA,NA
3257,2023-08-21,3,1.2733333333333334,3.8200000000000003,2.1,3,NA,NA
3257,2023-08-22,3,2.14,6.42,3.22,3,NA,NA
3257,2023-08-23,3,2.0100000000000002,6.03,3.16,3,0.9919953845072522,0.08060379339014767
3257,2023-08-24,3,1.2066666666666666,3.62,2,3,NA,NA
3257,2023-08-25,3,1.9166666666666667,5.75,3.1,3,0.9003384818222901,0.2866378345565753
3257,2023-08-26,3,0.3433333333333333,1.03,0.61,3,NA,NA
3257,2023-08-27,3,0.41333333333333333,1.24,0.55,3,NA,NA
3257,2023-08-28,3,1.8166666666666667,5.45,2.72,3,0.8818947015264186,0.3125358711146519
3257,2023-08-29,3,1.98,5.94,3.1,3,0.9868185375001514,0.10347969264728303
3257,2023-08-30,3,2.0133333333333336,6.04,3.1,3,0.9997182192497718,0.015113358346870626
3257,2023-08-31,3,1.8166666666666667,5.45,2.91,3,0.9911804767114385,0.08461305641409322
3257,2023-09-01,3,1.42,4.26,2.32,3,0.9928450336040596,0.07620056775801431
3257,2023-09-02,3,1.4333333333333331,4.3,2.3,3,0.9995779125042605,0.01849744058729677
3257,2023-09-03,3,1.6433333333333333,4.93,2.77,3,0.9953487444440643,0.06142549995493825
3257,2023-09-04,3,1.6966666666666668,5.09,2.79,3,0.9997218408850262,0.015015916208008006
3257,2023-09-05,3,1.6133333333333333,4.84,2.51,3,0.9839561480705996,0.11419098134228528
3257,2023-09-06,3,1.7066666666666668,5.12,2.66,3,0.9996582584985868,0.016643948034791894
3257,2023-09-07,3,1.82,5.46,2.86,3,0.9996111130807664,0.01775500764885027
3257,2023-09-08,3,1.2566666666666666,3.7699999999999996,1.88,3,0.9837603906751248,0.11488739923016718
3257,2023-09-09,3,1.0066666666666668,3.02,1.84,3,-0.9092651838563212,0.2732888657266836
3257,2023-09-10,3,0.84,2.52,1.48,3,0.9355685264870909,0.22977567464482265
3257,2023-09-11,3,1.06,3.18,1.73,3,0.9684587353377484,0.16031820712625716
3257,2023-09-12,3,1.1833333333333333,3.55,2,3,-0.4168280871755095,0.72628341439098
3257,2023-09-13,3,1.8766666666666667,5.63,3.01,3,0.9951424046093259,0.06277428122909656
3257,2023-09-14,3,1.8766666666666667,5.63,3.01,3,0.9911401808104369,0.08480641795706252
3257,2023-09-15,3,1.7833333333333332,5.35,2.84,3,0.9949783280091233,0.06382652491855875
3257,2023-09-16,3,1.6533333333333333,4.96,2.68,3,0.9930441712478744,0.07513142446631166
3257,2023-09-17,3,1.4866666666666666,4.46,2.44,3,0.835119605931745,0.3707967285070625
3257,2023-09-18,3,1.41,4.23,2.29,3,0.9819478855425161,0.12114755702295942
3257,2023-09-19,3,0.44333333333333336,1.33,0.8,3,-0.6048940538351465,0.5864309060562652
3257,2023-09-20,3,1.53,4.59,2.56,3,0.9999248539129075,0.007804606768428642
3257,2023-09-23,3,1.15,3.45,1.96,3,0.992042708796915,0.08036485244709649
3257,2023-09-24,3,0.37333333333333335,1.12,0.42,3,0.9847694123447956,0.11125158574541287
3257,2023-09-25,3,0.8433333333333333,2.53,1.13,3,0.9681801589399457,0.16102840817958564
3257,2023-09-26,3,0.62,1.8599999999999999,0.85,3,0.9944764542107394,0.06694285134376562
3257,2023-09-27,3,0.5766666666666667,1.73,0.78,3,0.9890546129127028,0.0942774022743251
3257,2023-09-28,3,1.0633333333333332,3.19,2.05,3,0.9865513561781402,0.10452550966656377
3257,2023-09-29,3,1.3333333333333333,4,2.36,3,0.9997227606260091,0.014991069227659977
3257,2023-09-30,3,1.63,4.89,2.71,3,0.9955247906466331,0.06025094950718254
3257,2023-10-01,3,1.5866666666666667,4.76,2.73,3,0.9931658902765453,0.0744704090904154
3257,2023-10-02,3,1.2833333333333332,3.85,2.21,3,0.999962907723296,0.005483252037570974
3257,2023-10-03,3,1.4233333333333333,4.27,2.44,3,0.994606864771078,0.06614715245958527
3257,2023-10-04,3,1.0566666666666666,3.17,2.01,3,0.9930795489444314,0.07493989830165951
3257,2023-10-05,3,1.19,3.57,1.83,3,0.9883547702893379,0.09725042507469829
3257,2023-10-06,3,0.5466666666666666,1.6400000000000001,0.92,3,0.9653512838640335,0.16807406955344473
3257,2023-10-07,3,0.8866666666666667,2.66,1.51,3,0.9985805059086663,0.033924488005833926
3257,2023-10-08,3,0.9,2.7,1.49,3,0.9995549292945379,0.018994406789997684
3257,2023-10-09,3,1.4933333333333332,4.4799999999999995,2.55,3,0.9775413893482922,0.13517697876094564
3257,2023-10-10,3,1.3933333333333333,4.18,2.42,3,0.9721597073916158,0.1505721927128786
3257,2023-10-11,3,1.2266666666666666,3.68,2.1,3,0.9957701592840509,0.05857473458256937
3257,2023-10-12,3,0.73,2.19,1.13,3,0.984930295392444,0.11066095005090305
3257,2023-10-13,3,0.8,2.4,1.57,3,0.9961481153778524,0.05589478097301741
3257,2023-10-14,3,1.3666666666666667,4.1,2.35,3,0.9330669237307522,0.23424384514984725
3257,2023-10-16,3,1.1466666666666667,3.44,2.04,3,0.8237938476189591,0.38370671310027227
3257,2023-10-17,3,1.0666666666666667,3.2,1.99,3,0.9594803702031494,0.1818466590727599
3257,2023-10-18,3,0.97,2.91,1.94,3,0.9745081903275054,0.14405302283261112
3257,2023-10-19,3,0.8066666666666666,2.42,1.34,3,0.9885010325865952,0.09663658719245888
3257,2023-10-20,3,1.4466666666666668,4.34,2.52,3,0.893486879465159,0.2965029906597832
3257,2023-10-21,3,1.33,3.9899999999999998,2.36,3,0.7793769815455536,0.4310714693000921
3257,2023-10-22,3,1.1266666666666667,3.38,2.03,3,0.9918010041863405,0.08157792072424579
3257,2023-10-23,3,0.99,2.97,1.85,3,0.9998471178221902,0.011132150888521514
3257,2023-10-24,3,0.9966666666666667,2.99,1.87,3,0.9867361681603071,0.10380322106032537
3257,2023-10-25,3,1.0999999999999999,3.3,2.01,3,0.9181911657919832,0.2592993441930337
3257,2023-10-26,3,1.1333333333333333,3.4,2.11,3,0.9721498217395274,0.1505990486000083
3257,2023-10-27,3,1.1766666666666667,3.53,2.17,3,0.9974059619080594,0.04586455893902851
3257,2023-10-28,3,0.8566666666666667,2.5700000000000003,1.6,3,0.9593544349263773,0.18213097045869645
3257,2023-10-29,3,0.78,2.34,1.52,3,-0.7301906327127416,0.478862468367812
3257,2023-10-30,3,0.7066666666666667,2.12,1.27,3,0.8779803734676137,0.3177812381482269
3257,2023-10-31,3,0.9066666666666666,2.72,1.78,3,0.9978364231846554,0.04188510551234316
3257,2023-11-01,3,0.9933333333333334,2.98,1.87,3,0.7610786933411249,0.44934015987444936
3257,2023-11-02,3,0.9233333333333333,2.77,1.74,3,0.8957511612494163,0.29327691471762574
3257,2023-11-03,3,0.5366666666666666,1.6099999999999999,0.99,3,-0.9117270022249412,0.2694987538713841
3257,2023-11-04,3,1,3,1.98,3,0.9444541205191808,0.21318277327821628
3257,2023-11-05,3,0.16333333333333333,0.49,0.23,3,-0.03307840051028787,0.9789377940292903
3257,2023-11-06,3,1.1133333333333333,3.34,2.11,3,-0.8106235061840342,0.3982567282228629
3257,2023-11-07,3,1.0766666666666667,3.23,2.08,3,0.9972371615011708,0.04733396785149538
3257,2023-11-08,3,0.86,2.58,1.66,3,0.9328148273648438,0.23468961292644755
3257,2023-11-09,3,0.97,2.91,1.95,3,-0.9818449822909351,0.12149340649170019
3257,2023-11-10,3,0.8933333333333333,2.68,1.76,3,0.3523807393012013,0.7707444324075272
3257,2023-11-11,3,0.87,2.61,1.82,3,-0.7348569094928228,0.4744985941368103
3257,2023-11-12,3,1.0433333333333332,3.13,2.03,3,0.963147083498568,0.17336998350740082
3257,2023-11-13,3,0.9,2.7,1.72,3,-0.05169323212274589,0.9670763921921735
3257,2023-11-14,3,0.77,2.31,1.56,3,0.9196341418569551,0.2569705061444532
3257,2023-11-15,3,0.4633333333333333,1.39,0.9,3,0.831473155621129,0.37499593974388473
3257,2023-11-16,3,0.91,2.73,1.83,3,-0.015602161985358463,0.990066952164542
3257,2023-11-17,3,1.08,3.24,2.12,3,0.9971094745152738,0.0484159200584405
3257,2023-11-18,3,0.9666666666666667,2.9,1.93,3,0.5512917463363185,0.6282702514299543
3257,2023-11-19,3,0.8833333333333333,2.65,1.77,3,0.9909256919013737,0.08582836491992338
3257,2023-11-20,3,0.7633333333333333,2.29,1.52,3,0.9427352119531188,0.21648785600519035
3257,2023-11-21,3,0.69,2.07,1.48,3,0.19120190226101066,0.877522953916434
3257,2023-11-22,3,0.59,1.77,1.25,3,0.9867697392286475,0.10367148219728144
3257,2023-11-23,3,1.0266666666666666,3.0799999999999996,2.07,3,-0.9332115569500405,0.23398773250773186
3257,2024-03-17,3,1.5866666666666667,4.76,2.71,3,0.9955256535643566,0.060245136040874316
3257,2024-03-18,3,1.1,3.3,1.95,3,0.7190978632165488,0.48911057223820736
3257,2024-03-19,3,1.9533333333333334,5.86,3.1,3,0.9813073517131177,0.12328475543639855
3257,2024-03-20,3,1.9066666666666665,5.72,3.05,3,0.9910582248713257,0.08519834100154844
3257,2024-03-21,3,1.4366666666666668,4.3100000000000005,2.47,3,0.5819428477826435,0.6045854606381668
3257,2024-03-22,3,1.64,4.92,2.75,3,0.9845971851355166,0.11188044776514679
3257,2024-03-23,3,1.3966666666666665,4.1899999999999995,2.4,3,0.9166020918579147,0.2618413366001071
3257,2024-03-24,3,0.7833333333333333,2.35,1.24,3,-0.5331000901990511,0.6420538252474066
3257,2024-03-25,3,0.5633333333333334,1.69,0.8,3,0.9420327640196011,0.2178246272640696
3257,2024-03-26,3,1.48,4.4399999999999995,2.3,3,0.9987046883580544,0.03240627739971603
3257,2024-03-27,3,1.2266666666666666,3.6799999999999997,2.13,3,0.9981450241809605,0.03878210731553673
3257,2024-03-28,3,1.88,5.64,3.13,3,0.9883308416060529,0.09735048411595743
3257,2024-03-29,3,1.9633333333333334,5.890000000000001,3.08,3,0.9922545644783949,0.07928641071106954
3257,2024-03-30,3,2.026666666666667,6.08,3.15,3,0.9999336558819537,0.007333287883459663
3257,2024-03-31,3,1.8599999999999999,5.58,2.98,3,0.9979573668848895,0.04069717447502379
3257,2024-04-01,3,0.7666666666666666,2.3,1.23,3,-0.8962352789478084,0.29258287847215986
3257,2024-04-02,3,0.8633333333333333,2.59,1.57,3,0.9597903148529768,0.18114507973658192
3257,2024-04-03,3,0.51,1.5299999999999998,0.58,3,0.9834135180348338,0.11611127119814248
3257,2024-04-04,3,1.8666666666666667,5.6,3.03,3,0.9932012920867157,0.07427705449834031
3257,2024-04-05,3,1.5533333333333332,4.66,2.56,3,0.970126121294222,0.15600124698627274
3257,2024-04-06,3,1.67,5.01,2.77,3,0.9016135554110976,0.2847668980882157
3257,2024-04-07,3,1.5433333333333334,4.63,2.58,3,0.9910324012407299,0.08532146189554414
3257,2024-04-08,3,1.6433333333333333,4.93,2.84,3,0.963698840156238,0.17205923444541266
3257,2024-04-09,3,0.9466666666666667,2.84,1.77,3,0.9999574072887586,0.005875763475826731
3257,2024-04-10,3,1.1833333333333333,3.55,1.98,3,0.8177222203551983,0.3904730553597893
3257,2024-04-11,3,1.8366666666666667,5.51,2.93,3,0.9641722873101841,0.1709267017385963
3257,2024-04-12,3,1.9733333333333334,5.92,3.12,3,0.9957064684493651,0.05901439519680113
3257,2024-04-13,3,1.8599999999999999,5.58,2.82,3,0.9919594979277884,0.0807845165441716
3257,2024-04-14,3,0.8266666666666667,2.48,1.07,3,0.9169078849437673,0.26135398145817684
3257,2024-04-15,3,1.6300000000000001,4.890000000000001,2.83,3,0.6317454217201028,0.5646776188717313
3257,2024-04-16,3,2.256666666666667,6.77,3.39,3,0.8804850098899213,0.31443416307405364
3257,2024-04-17,3,2.06,6.18,3.11,3,0.7540947087692901,0.45615188694812336
3257,2024-04-18,3,1.9833333333333334,5.95,3.12,3,0.995674426873588,0.0592343493006073
3257,2024-04-19,3,1.5533333333333335,4.66,2.72,3,-0.30191026939528864,0.8047513942381358
3257,2024-04-20,3,1.78,5.34,2.91,3,0.9818879181296227,0.12134922100698725
3257,2024-04-21,3,1.5666666666666667,4.7,2.22,3,0.9397919317386539,0.22203729581558695
3257,2024-04-22,3,1.4866666666666668,4.46,2.29,3,0.8578804734273378,0.34356189927855285
3257,2024-04-23,3,1.78,5.34,3.2,3,0.9942924263573655,0.06804992691850129
3257,2024-04-24,3,2.283333333333333,6.85,3.42,3,0.7230018851283572,0.4855235439497032
3257,2024-04-25,3,2.19,6.57,3.3,3,0.721303554085115,0.4870865621340446
3257,2024-04-26,3,2.11,6.33,3.23,3,0.8768569355256756,0.3192721005040713
3257,2024-04-27,3,1.77,5.3100000000000005,2.68,3,0.7142965261208872,0.4934935938346462
3257,2024-04-28,3,1.26,3.7800000000000002,1.67,3,0.6310419660679097,0.5652551243667576
3257,2024-04-29,3,1.1066666666666667,3.3200000000000003,1.85,3,-0.8467713100995081,0.3570864811703097
3257,2024-04-30,3,1.88,5.64,2.58,3,0.9944750629889048,0.06695128907725312
3257,2024-05-01,3,2.06,6.18,2.91,3,0.9972414284528369,0.047297385398349705
3257,2024-05-02,3,2.29,6.87,3.37,3,0.995432135230337,0.060871947298368284
3257,2024-05-03,3,2.1866666666666665,6.56,3.21,3,0.9806883042522444,0.12531605867847376
3257,2024-05-04,3,0.8466666666666667,2.54,1.06,3,0.8446877845160885,0.35957222234441655
3257,2024-05-05,3,0.7233333333333333,2.17,1.13,3,0.9684219346454952,0.1604122030043475
3257,2024-05-06,3,1.5533333333333335,4.66,2.47,3,0.7252287133575221,0.48346802875174316
3257,2024-05-07,3,2.04,6.12,3.12,3,-0.908645703219151,0.2742348492692773
3257,2024-05-08,3,2.33,6.99,3.39,3,0.7893412933691104,0.42084447909277106
3257,2024-05-09,3,2.236666666666667,6.71,3.31,3,0.8320722471336721,0.3743088880319664
3257,2024-05-10,3,2.1033333333333335,6.3100000000000005,3.25,3,0.9977905857991525,0.04232662934866563
3257,2024-05-11,3,2.4433333333333334,7.33,3.55,3,0.4658346824972323,0.6915082816665705
3257,2024-05-12,3,2.466666666666667,7.4,3.52,3,0.995731503356297,0.058841968882819465
3257,2024-05-13,3,2.4000000000000004,7.2,3.47,3,0.9567721443263397,0.18786850693958362
3257,2024-05-14,3,2.1366666666666667,6.41,3.25,3,0.8565241635035735,0.3452385787401004
3257,2024-05-15,3,2.5966666666666667,7.79,3.68,3,0.8400213047536012,0.3650847842367271
3257,2024-05-16,3,1.9133333333333333,5.74,2.61,3,0.9122658053566054,0.26866254074015283
3257,2024-05-17,3,2.2199999999999998,6.66,3.25,3,0.9993877043231978,0.02227911214265942
3257,2024-05-18,3,2.086666666666667,6.26,3.11,3,0.9883533782366628,0.09725624881395684
3257,2024-05-19,3,1.7366666666666668,5.21,2.58,3,0.9383670291304651,0.2246766214547783
3257,2024-05-20,3,1.7666666666666666,5.3,2.96,3,0.9854439613310113,0.10875392333244313
3257,2024-05-21,3,1.5733333333333333,4.72,2.04,3,0.9982762158283066,0.03738513649717855
3257,2024-05-22,3,2.15,6.45,3.18,3,-0.6504652374561344,0.5491479114114846
3257,2024-05-23,3,2.166666666666667,6.5,3.2,3,0.912430954574262,0.2684057418096801
3257,2024-05-26,3,2.33,6.99,3.51,3,0.9969702784273616,0.04956854723078714
3257,2024-05-27,3,2.3466666666666667,7.04,3.37,3,0.9759572484500292,0.1398817968281981
3257,2024-05-28,3,2.3166666666666664,6.95,3.39,3,0.9999855570323896,0.003421557652528587
3257,2024-05-29,3,1.8133333333333335,5.44,3.1,3,0.9446053676377859,0.21288959624100703
3257,2024-05-30,3,2.05,6.15,3.29,3,0.9916474420994258,0.08233938546794706
3257,2024-05-31,3,2.3633333333333333,7.09,3.45,3,0.8890909650212497,0.3026751187714277
3257,2024-06-01,3,2.236666666666667,6.71,3.33,3,0.9838608760775659,0.11453044002721134
3257,2024-06-02,3,1.0466666666666666,3.14,1.55,3,0.9987623361036222,0.031676798698438084
3257,2024-06-03,3,1.9333333333333333,5.8,3.11,3,0.9644279323874699,0.17031211825511564
3257,2024-06-04,3,1.1366666666666667,3.41,1.45,3,0.9602988677729659,0.17998817478340645
3257,2024-06-05,3,1.3,3.9,2.08,3,-0.9351117458895554,0.230597713583347
3257,2024-06-06,3,1.48,4.44,1.96,3,0.9324086012282653,0.23540622473396025
3257,2024-06-07,3,0.8566666666666667,2.57,1.48,3,0.9363181496955658,0.2284204961727921
3257,2024-06-08,3,1.7733333333333334,5.32,2.99,3,0.999866145496425,0.010416371464685775
3257,2024-06-09,3,2.1166666666666667,6.35,3.29,3,0.9981339854811516,0.03889736538661885
3257,2024-06-10,3,2.04,6.12,3.04,3,0.9964590361304195,0.05359004275718169
3257,2024-06-11,3,1.9366666666666665,5.81,3.01,3,0.9794950043416127,0.12914270171968983
3257,2024-06-12,3,2.0933333333333333,6.28,3.16,3,0.9994292170930192,0.021510537361927498
3257,2024-06-13,3,2.0166666666666666,6.05,3.04,3,0.9949725641564808,0.06386317504498915
3257,2024-06-14,3,1.5666666666666667,4.7,2.58,3,0.9702427198849833,0.15569498114388733
3257,2024-06-15,3,2.0166666666666666,6.05,3.09,3,0.9989059246539282,0.02978230730458041
3257,2024-06-16,3,1.5933333333333333,4.78,2.6,3,0.9799204242501527,0.1277914450951951
3257,2024-06-17,3,2.1966666666666668,6.59,3.23,3,0.9924107745442359,0.07848178901704544
3257,2024-06-18,3,1.7466666666666666,5.24,2.52,3,0.8482304860840552,0.35533638059799544
3257,2024-06-19,3,2.1033333333333335,6.31,3.11,3,0.6658308306398016,0.5361544882199585
3257,2024-06-20,3,2,6,2.91,3,0.9898807985876071,0.09064318313371017
3257,2024-06-21,3,0.5933333333333334,1.78,0.79,3,-0.6587437210498978,0.5421763104895041
3257,2024-06-22,3,1.95,5.85,2.9,3,0.9259576464902519,0.24651993596542804
3257,2024-06-23,3,2.1566666666666667,6.47,3.14,3,0.9999502280267535,0.006351690845801916
3257,2024-06-24,3,2.04,6.12,2.67,3,0.9927422780684197,0.07674645059199958
3257,2024-06-25,3,2.29,6.87,3.33,3,0.8543453954582753,0.3479167559087913
3257,2024-06-26,3,2.0033333333333334,6.01,2.86,3,0.9942702646234467,0.06818203942110031
3257,2024-06-27,3,2.2266666666666666,6.68,3.16,3,0.9852973661328757,0.1093015292246098
3257,2024-06-28,3,2.16,6.48,3.18,3,0.9218982395211872,0.25327568383788573
3257,2024-06-29,3,0.9666666666666667,2.9,1.29,3,0.9875179377835306,0.10069109656352476
3257,2024-06-30,3,1.6933333333333334,5.08,2.42,3,0.9729084984340316,0.1485241377610786
3257,2024-07-01,3,0.48333333333333334,1.45,0.69,3,-0.9857647617600435,0.10754594276830626
3257,2024-07-02,3,0.19666666666666668,0.5900000000000001,0.23,3,-0.9999964984756042,0.001684704848637565
3257,2024-07-03,3,1.4533333333333334,4.359999999999999,2.3,3,0.9019693669023328,0.28424276184206226
3257,2024-07-04,3,1.4100000000000001,4.23,2.5,3,0.9977821220730995,0.042407653279018666
3257,2024-07-05,3,0.7899999999999999,2.37,1.39,3,0.9737903729088253,0.14607594041025904
3257,2024-07-06,3,2.08,6.24,3.24,3,0.9583009035821011,0.18449272907708253
3257,2024-07-07,3,1.3266666666666667,3.98,1.56,3,0.995458335052135,0.06069699243414575
