year,DO,WT
1998,9.089440374,13.69759756
1999,9.688233942,11.76231495
2000,9.84728109,11.79844112
2001,9.696418044,12.27157095
2002,9.589908175,12.46033889
2003,9.20554875,12.67264079
2004,10.00169148,11.89630673
2005,9.653812943,12.61053016
2006,10.20875243,12.8035809
2007,9.441106347,12.20661111
2008,10.23965422,11.2119915
2009,9.763390339,11.24065677
2010,9.284137657,12.27632812
2011,9.465535756,11.7672089
2012,9.103142077,13.22734612
2013,9.518530247,11.24679172
2014,9.478071238,11.46141623
2015,9.522243151,12.50698725
2016,9.333609132,12.39672326
2017,9.269551539,12.03094789
2018,9.726089824,11.79147736
2019,9.422763508,11.48632991
2020,9.512879848,12.10937668
2021,9.678835309,13.01203096
2022,9.744937517,12.32311312
2023,9.597374575,12.5974857
2024,9.534997041,13.34949126
