Station,longitude,latitude
613,11.4261,48.7574
616,12.7473,48.8798
A2390542,140.74025,-36.945858
A2391077,139.945693,-37.391211
A2391078,139.990479,-37.427827
A2391081,140.005692,-36.572526
A2391082,139.881494,-36.546058
A2391085,140.2577,-36.7379
A2391086,140.3056,-36.5802
A2391101,139.892183,-36.578322
A2391140,140.015728,-36.402293
A2391149,140.023176,-36.586391
A2391152,139.93055,-36.294824
A2391185,139.918731,-37.147386
A4260554,139.68861,-34.021444
A4260573,140.217719,-34.174481
A4260580,140.9525,-33.9211
A4260594,139.9151,-34.15
A4260633,139.3956,-35.901976
A4260644,140.759761,-34.25953
A4260645,140.687294,-34.264687
A4260652,140.34276,-34.164663
A4260702,139.839139,-34.062186
A4260703,140.77938,-34.15414
A4260704,140.844545,-34.023928
A4261022,140.9615,-33.9798
A4261023,140.7166,-34.2524
A4261024,140.511,-34.4505
A4261053,140.808721,-34.267527
A4261055,140.808045,-34.223598
A4261107,140.902121,-33.952305
A4261108,140.546401,-34.383541
A4261124,138.90628,-35.495993
A4261134,139.0266,-35.6005
A4261135,139.161785,-35.695657
A4261139,138.9135,-35.1877
A4261165,139.608272,-36.10874
A4261168,140.84037,-34.026439
A4261173,138.990179,-35.232757
A4261204,138.909811,-35.534114
A4261224,140.862866,-34.00223
A4261255,140.547905,-34.335475
A4261262,140.74787,-34.24422
A4261263,140.48899,-34.406627
A4261264,140.54009,-34.374941
A4261265,140.564594,-34.328343
A4261268,140.77173,-34.22152
A4261270,140.781963,-34.212264
A4261271,140.771704,-34.20895
A4261278,140.62432,-34.27097
A4261536,140.53045,-34.34763
A4261539,140.77031,-34.22626
A4261789,140.38606,-34.26358
A4261791,140.98738,-34.02934
A4261809,140.42724,-34.19591
A5011036,138.51378,-35.4966
A5011038,138.60883,-35.55523
A5011039,138.6235,-35.53251
A5011040,138.31725,-35.44815
A5040517,138.6813,-34.9703
221208,149.4917673,-37.688768
221210,149.5203757,-37.41577078
221224,149.156689,-37.53864684
221225,148.9510043,-37.72962305
222201,148.4509503,-37.70739307
222203,148.5277778,-37.79888889
222223,148.54308,-37.726682
223209,147.8491161,-37.7573062
223210,147.7109962,-37.73756155
223218,147.695371,-37.727613
224203,147.3747776,-37.76358991
224215,147.3390494,-37.60186405
224217,147.5722231,-37.81500036
224602,147.6378972,-37.84944444
225200,146.7801402,-37.98544026
225212,146.8810046,-38.01068638
225231,146.625004,-37.97499864
225232,146.9921134,-38.04526544
225236,146.7800107,-38.00213184
225256,146.9815133,-38.00396747
226027,147.127818,-38.14491292
226226,146.193315,-37.97984217
226415,146.5404981,-38.2698709
226614,147.0755,-38.12684167
227264,145.9571493,-38.44973718
227270,145.7926083,-38.43219544
227273,145.5105533,-38.57365861
229143,145.02505,-37.78588056
229147,145.3233194,-37.6894
229200,145.22,-37.73666667
229653,145.4760006,-37.66721633
230220,144.73922,-37.49078
230240,144.7368969,-37.57117842
232242,144.1318,-37.86192
233217,144.3468922,-38.16360559
204001,152.725685,-29.978146
204025,153.0333,-30.2528
210150,151.695523,-32.239117
212011,150.0951,-33.5343
212042,150.0984,-33.4962
212054,150.0839,-33.3971
212058,150.076872,-33.485416
212203,150.667111,-34.245297
212209,150.534097,-34.477019
2122322,150.901237,-34.285578
212233,150.743181,-34.228931
212244,150.5591667,-33.97944444
212250,150.2540137,-33.87124191
2122518,149.6794444,-34.73666667
2122520,150.33737,-34.54592
212270,150.252806,-34.227667
2122711,149.7930558,-34.7213892
2122713,149.88297,-34.61162
212274,150.5775536,-34.57719481
213211,151.005328,-34.046561
215207,150.1821299,-34.81921893
2152131,150.284944,-34.7345
215215,150.3158333,-34.77777778
215216,150.4318317,-34.83943446
215220,150.5224407,-34.72798991
2152201,150.582545,-34.712767
215233,150.5191395,-34.60520243
401549,148.02585,-36.1691
409001,146.9071167,-36.09163611
409003,144.9657,-35.53
409005,144.1245,-35.6298
409013,143.5702,-35.0376
409014,144.0331,-35.0899
409016,147.0239833,-36.09927778
409025,145.994,-36.0114
409036,143.5826,-35.1074
409044,144.0517,-35.5214
409047,144.9596,-35.6428
409048,144.1595,-35.2739
409062,143.9322,-35.329
409086,143.8001,-35.1351
410040,144.3009,-34.4776
410130,143.4917,-34.665
412004,147.9910504,-33.41080904
412005,144.8811,-33.8695
412006,147.1482,-33.091
412011,146.4532,-33.201
412038,145.87524,-33.348326
412039,145.504,-33.4873
412047,145.9027,-33.3824
41310024,142.3473,-34.3351
419020,150.7032861,-30.70678611
419043,150.6893694,-30.58572778
419056,150.6782278,-30.64396667
422001,148.06075,-30.01531667
422002,146.8637167,-29.94716667
422003,148.576104,-29.547141
422027,147.3768667,-30.14343333
425001,142.4218,-32.3969
425003,145.936761,-30.087894
425004,145.1150748,-30.53474142
425007,142.2682778,-33.74641667
425012,142.3799,-32.4353
425039,146.3004,-29.9646
Carrat,4.311987,45.829041
Charpassonne Chanin,4.311937,45.81982
Charpassonne Ch?teau de Donzy,4.27681,45.745372
Charpassonne la Jamarie,4.319506,45.807908
Charpassonne la Valette,4.29147,45.765039
Charpassonne le T¨¦l,4.316504,45.804494
Charpassonne Moulin de Ronzy,4.314855,45.78491
Charpassonne Moulin Marcel,4.305821,45.825752
Coise amont St Symphorien,4.38102,45.605031
Coise la Bruyere,4.552785,45.62501
Coise le N¨¦zel,4.525581,45.627972
Coise Vaudragon,4.507024,45.625576
Coizet,4.50712,45.625713
Curraize,4.171648,45.580995
Doise,4.296509,45.736709
Fontbonne aval,4.342175,45.820128
Fontbonne Bessenay,4.369788,45.826535
Le Potensinet,4.525674,45.628619
Le Rieu,4.55312,45.625399
Lignon St Etienne le Molard,4.094749,45.722039
Loise amont Doise Salt,4.29548,45.737758
Loise Essertine en Donzy,4.327479,45.752768
Mare Pont du diable,4.133384,45.490166
Moulin Piquet aval,4.319036,45.806483
Ruisseau de Violay,4.368869,45.826981
Toranche aval,4.215967,45.685126
Toranche St Cyr les Vignes,4.301466,45.673081
Viz¨¦zy amont Bullieux,4.104924,45.638865
ardevel amont vernus,4.650175,46.143176
ardieres amont morcilles,4.7008734,46.1259744
ardieres amont rochefort,4.549346,46.1843956
ardieres amont st didier,4.5680373,46.1659543
charbonnieres,4.7554117,45.7582257
les presles,4.6689631,45.755424
mercier amont presles,4.6686959,45.7549898
mercier amont ratier,4.699425,45.7565375
miloniere,4.6293848,45.717876
morcilles,4.7009917,46.1259817
ratier,4.6994699,45.7567226
ratier amont charbonnieres,4.7554872,45.7581675
ratier amont ribes,4.7437924,45.7558605
ribes,4.7436197,45.7559644
rochefort,4.5496659,46.18427
sallarin,4.651791,46.0550185
samsons amont thielas,4.6112859,46.1105995
st didier,4.5684728,46.1658245
thielas,4.6113778,46.1103645
thiollet,4.5749122,45.7144619
vauxonne amont sallarin,4.6509092,46.0549003
vernus,4.6500288,46.1429728
yzeron amont miloniere,4.6293654,45.7177929
yzeron amont thiollet,4.5748122,45.7146207
35541,-106.6214241,35.90279958
37531,-97.4411111,37.89713889
38051,-121.6512444,38.09661389
38071,-121.5428972,38.1198
38171,-85.821925,38.2846833
39021,-94.60745,39.0338222
39191,-108.2178056,39.33119444
39321,-107.3301,39.54975
39531,-83.2169444,39.89416667
40151,-105.7997222,40.2575
41141,-80.8233333,41.23388889
41211,-83.10388889,41.3561111
41361,-87.4336111,41.61277778
42001,-121.5614222,42.01040278
42071,-121.9277778,42.12805556
42081,-121.672186,42.14258889
45271,-123.1559167,45.4586111
45301,-122.852045,45.5009505
45302,-122.6666139,45.50748056
45303,-122.9335,45.5081944
45304,-123.115666,45.510878
1021050,-67.2966667,45.17
1104430,-71.2733903,42.3981512
1108000,-70.9564307,41.9339903
1108410,-71.0894897,41.8998232
1124149,-71.9017145,41.94747969
1161280,-72.4719444,42.6833333
1184000,-72.6053669,41.9873186
1191000,-72.7080556,41.78443889
1302020,-73.87438889,40.86230556
1342732,-75.0284722,43.01975
1354330,-73.9903722,42.8281583
1355475,-73.88725,42.8511111
1376307,-73.9043056,40.93625
1376515,-74.0031944,40.76463889
1376520,-74.0156111,40.72152778
1388000,-74.28,40.99194444
1389005,-74.2691667,40.89638889
1400500,-74.58277778,40.55555556
1402000,-74.5758333,40.475
1412350,-75.3765556,39.30541667
1427207,-75.21375,41.86727778
1427510,-75.0574167,41.75675
1433005,-74.78327778,41.56727778
1433500,-74.75877778,41.4612222
1438500,-74.79527778,41.30916667
1454700,-75.23628808,40.6692656
1458500,-75.065,40.5261111
1463500,-74.7780556,40.22166667
1465798,-74.9851603,40.0569557
1467042,-75.0690517,40.0897334
1467048,-75.0326619,40.0500115
1467086,-75.1121191,40.04261157
1467087,-75.0968411,40.0159454
1467200,-75.1393603,39.946402
1473500,-75.3561111,40.11555556
1473900,-75.2198992,40.1239987
1474000,-75.2068343,40.0152903
1474500,-75.1885007,39.9677908
1475530,-75.2798924,39.9747355
1475548,-75.2376361,39.9327861
1477050,-75.36630199,39.83677934
1480617,-75.8013341,39.9617734
1480870,-75.6732715,39.9687191
1481000,-75.5932623,39.8698328
1481500,-75.5766944,39.7695
1484272,-75.25077778,38.791
1484525,-75.29102778,38.59455556
1487165,-75.6176944,38.6863611
1491000,-75.7858056,38.99719444
1540008,-76.4679944,40.95399444
1542500,-78.108896,41.11755906
1544500,-77.82580078,41.47583829
1549700,-77.32414028,41.273683
1573208,-76.6293944,40.32223889
1573660,-76.7555556,40.1533333
1573684,-76.55452778,40.22519444
1573816,-77.10077778,39.87805556
1574000,-76.7180813,40.0809008
1575598,-76.6544444,40.0522222
1575900,-76.5155214,40.0628745
1576003,-76.5177432,40.0284308
1576007,-76.5480556,40.01416667
1576045,-76.50027778,39.94194444
1576381,-76.3217222,40.2710833
1577500,-76.3157919,39.77260378
1579550,-76.15775,39.62605556
1594441,-76.69488889,38.9468333
1608500,-78.6541817,39.44703879
1611500,-78.3097312,39.5823158
1632900,-78.6427935,38.69345016
1633000,-78.6389042,38.74567048
1634000,-78.3361152,38.9767759
1638500,-77.5431111,39.2735833
1643580,-77.4357417,39.2633972
1645704,-77.3324293,38.88469518
1645762,-77.3382627,38.90888916
1646000,-77.24581439,38.97594346
1646305,-77.1756743,38.95977716
1646500,-77.12763889,38.94977778
1648010,-77.0420556,38.96016667
1649190,-76.96402778,39.0333611
1649500,-76.9259722,38.96025
1650800,-77.0048611,38.9862222
1654000,-77.2283158,38.81289066
1654107,-77.2667,38.8246
1654500,-77.2364549,38.81358508
1654670,-77.20324308,38.7751822
1656903,-77.4319047,38.8823899
1668000,-77.52915268,38.30846178
1670200,-77.9502747,38.1545801
1673000,-77.3322018,37.76764189
1674500,-77.16527778,37.88388889
2035000,-78.0858328,37.67097957
2041650,-77.475263,37.2251505
2054550,-80.105041,37.27818976
2054750,-80.00788889,37.27155556
2079500,-78.2977743,36.60319824
2081094,-76.89277778,35.81305556
2101726,-79.4230754,35.73514055
2102500,-78.8133333,35.4061111
2105769,-78.2936111,34.40444444
2110400,-78.71973988,33.953505
2110500,-78.7150175,33.9126719
2110701,-79.0411471,33.86100349
2110704,-79.0437222,33.8326111
2129375,-79.878925,34.8662583
2135000,-79.2477222,34.05675
2138520,-81.8352528,35.74125
2141500,-81.4306556,35.77262778
2145910,-81.00156389,35.01641944
2147310,-80.8905556,34.59805556
2147505,-80.8752778,34.5411111
2147801,-80.69842699,34.3320798
2160105,-81.548158,34.5354163
2160700,-81.5981594,34.5093039
2160991,-81.3303747,34.26070285
2162035,-81.0733333,34.0483333
2167600,-81.5684382,34.09930647
2167716,-81.5617714,34.0795843
2168504,-81.2095418,34.0509822
2169000,-81.0878717,34.0140416
2171500,-80.1413611,33.45377778
2171560,-79.9603544,33.49405569
2171645,-79.915,33.4275
2172002,-79.9749167,33.21491667
2203603,-84.4152778,33.68388889
2203655,-84.35813889,33.67891667
2203800,-84.3079444,33.6796111
2203831,-84.2921944,33.70569444
2203863,-84.25388889,33.69319444
2203873,-84.2391667,33.70941667
2203900,-84.224,33.66577778
2203950,-84.2203611,33.7632222
2203960,-84.1986111,33.69666667
2204037,-84.1511667,33.66819444
2207135,-84.1393333,33.83041667
2207160,-84.0771667,33.77327778
2207385,-83.99013889,33.81527778
2207400,-83.9425,33.82138889
2207418,-83.9363056,33.72938889
2207435,-83.9144444,33.7111111
2207448,-83.9280833,33.66163889
2208450,-83.7784167,33.63938889
2208493,-83.7988611,33.6285
2217643,-83.5250944,34.1620583
2239501,-82.0412,29.2149764
2264000,-81.5195173,28.39056323
2264051,-81.515,28.37444444
2264100,-81.5206284,28.32528785
2266200,-81.6164632,28.38500749
2266291,-81.6052778,28.42702778
2266300,-81.579796,28.33278738
2266495,-81.5439622,28.27584517
2292900,-81.6931806,26.72173357
2301500,-82.2112008,27.872248
2301635,-82.26858889,27.85715556
2304000,-82.3637032,28.05446224
2304517,-82.4424056,28.0151611
2313700,-82.769001,29.20413378
2318500,-83.4534444,30.79330556
2322700,-82.7859573,29.95273288
2326516,-83.9923333,30.3397222
2326526,-83.9796085,30.3013159
2334430,-84.0784167,34.15666667
2334500,-84.09338889,34.1261111
2336120,-84.3427778,33.83155556
2336152,-84.2479722,33.81044444
2336300,-84.40763889,33.82030556
2336313,-84.43863889,33.82163889
2336340,-84.34525,33.89775
2336360,-84.37888889,33.86916667
2336410,-84.4392778,33.8382222
2336526,-84.4741944,33.7944722
2336728,-84.5681667,33.74352778
2337170,-84.6736111,33.65666667
2343805,-85.1066111,31.24908333
2344630,-84.5826111,33.35727778
2344673,-84.5727222,33.38316667
2356000,-84.5805,30.91030556
2357150,-84.7495,30.903
2358000,-84.8590871,30.7010251
2359170,-85.0154686,29.94937094
2359223,-85.0842806,29.7695111
2388985,-84.0566667,34.3986111
2394682,-84.8544444,34.0789722
2397530,-85.45325,34.20194444
2413205,-85.2525,33.5008333
2413210,-85.2793056,33.49269444
2413215,-85.2844444,33.61277778
2423130,-86.599431,33.62232504
2423160,-86.5491517,33.60371416
2423380,-86.7127653,33.4817724
2423397,-86.5624847,33.53454886
2423496,-86.7841551,33.3692767
2423555,-86.8824901,33.28455786
2423571,-86.7169325,33.52093809
2423586,-86.8136007,33.4487185
2423647,-87.054716,33.09817509
2455980,-86.6961013,33.71121273
2457595,-86.8680483,33.5970492
2458450,-86.8791584,33.5176059
2469100,-88.0083498,32.2376437
2469525,-88.0411267,32.13014697
3007800,-78.29279129,41.81867578
3012545,-79.004925,41.8386722
3012550,-79.0119846,41.84144917
3034000,-79.00836738,40.93923105
3036000,-79.2911508,40.9275653
3049640,-79.81475899,40.5361302
3058000,-80.4733611,39.00452778
3061000,-80.2759187,39.42230818
3067510,-79.8697849,38.6170576
3072655,-79.9228206,39.8250275
3073000,-80.072558,39.92313056
3075070,-79.9011517,40.26224454
3077100,-79.3686111,39.80138889
3081000,-79.3725353,39.8275767
3083500,-79.8066944,40.2402222
3085000,-79.8580943,40.39113189
3085002,-79.8602778,40.3925
3098600,-80.6655556,41.10527778
3099500,-80.5361815,41.03672598
3105500,-80.3370083,40.88867389
3106000,-80.2422837,40.8170092
3108500,-80.3886663,40.64724128
3123499,-85.7480176,38.2150706
3145483,-82.5516667,40.06888889
3171597,-80.6195556,37.34316667
3179000,-81.0103678,37.54400779
3183500,-80.641468,37.7242874
3185400,-81.07648838,37.95511285
3191982,-81.1531556,38.2267611
3197937,-81.60695,38.3692472
3197950,-81.627068,38.3581527
3216070,-82.6859444,38.53205556
3219500,-83.1971372,40.4195042
3220510,-83.1263,40.15311775
3228039,-83.0094444,39.8397222
3228300,-82.8512892,40.2361735
3254520,-84.44799549,38.9203417
3276000,-85.0032932,39.43393969
3277200,-84.97238889,38.77525
3284533,-84.4786111,37.9383333
3287590,-84.4111111,38.04006944
3287600,-84.4132694,38.07646608
3289193,-84.5543852,38.06674334
3289200,-84.5879977,38.103687
3290500,-84.9632844,38.43895654
3292470,-85.57459969,38.36117864
3292474,-85.606072,38.2759036
3292475,-85.62801689,38.3034027
3292480,-85.6261558,38.3127635
3292500,-85.7024613,38.2114592
3292900,-85.6344054,38.2400708
3293000,-85.6646834,38.237293
3293500,-85.7166287,38.25034895
3293510,-85.7207955,38.26590398
3293530,-85.693573,38.27645917
3293532,-85.7182954,38.2603486
3294570,-85.8899635,38.07812588
3297800,-85.6411111,37.9911111
3297900,-85.4674592,38.28534776
3298000,-85.460235,38.18840166
3298135,-85.557181,38.19479109
3298150,-85.5421797,38.16006729
3298200,-85.5549556,38.08534216
3298250,-85.6160683,38.0792321
3298300,-85.642458,38.08756629
3301900,-85.615237,38.1756242
3301940,-85.6935714,38.1503466
3302000,-85.7957955,38.1197916
3302030,-85.8716296,38.05423677
3302050,-85.8572681,38.04693096
3302058,-85.9220556,37.9922222
3303280,-86.70554179,37.89950088
3321500,-87.4097294,37.8583774
3353200,-86.2602702,39.94642897
3353415,-86.3554444,39.88577778
3353420,-86.3615278,39.8725833
3374100,-87.55002269,38.4897695
3378500,-87.941419,38.130879
3400800,-83.2574012,36.75230974
3414000,-85.1394008,36.88395484
3414002,-85.12963889,36.88405556
3417500,-85.5143938,36.5542507
3418420,-85.94079609,36.2867558
3428180,-86.42554779,35.8989535
3430200,-86.6327739,36.1864446
3431083,-86.699164,36.16394545
3431091,-86.7213866,36.1653343
3431514,-86.8283959,36.1889717
3447687,-82.5525,35.42916667
3447890,-82.5927778,35.4997222
3448050,-82.5772222,35.5122222
3451200,-82.5686111,35.585
3451500,-82.5780556,35.60888889
3460795,-83.1119444,35.7836111
3512000,-83.3536111,35.46138889
3538830,-84.96138889,36.06166667
3612600,-89.058404,37.17921867
4024000,-92.4188018,46.7032765
4026561,-90.59,46.3947222
4027000,-90.696297,46.4866144
4032150,-89.97406,46.69605696
4040000,-89.207086,46.7207742
4043016,-88.5506792,47.0840943
4057800,-87.8865238,46.49910267
4057801,-87.8679127,46.49326948
4059500,-87.2020793,45.7549674
4067500,-87.6633333,45.3258333
4085108,-88.0922222,44.37194444
4087119,-88.0051111,43.0438333
4087170,-87.8983333,43.02444444
4087234,-87.9907222,42.85555556
4101500,-86.2597325,41.8292138
4108660,-86.106703,42.65085976
4118564,-85.6608333,43.02277778
4119400,-86.0264354,43.0241884
4121650,-85.4675442,43.693634
4121660,-85.4778209,43.61308
4121680,-85.63060189,43.485857
4121944,-85.5955989,43.43085818
4121970,-85.6653239,43.43474558
4124000,-85.6986792,44.43639239
4124200,-85.820905,44.3630596
4125460,-85.7697863,44.19334009
4125550,-85.9416248,44.25944459
4136000,-84.2925146,44.6769593
4136500,-84.1311167,44.66001385
4136900,-83.8376616,44.61277537
4137005,-83.802764,44.56084749
4137020,-83.7213714,44.46334886
4137025,-83.6744254,44.4541823
4137030,-83.57108839,44.47279328
4137500,-83.4338609,44.43640447
4157005,-83.951918,43.4219699
4161820,-83.02659329,42.6144781
4165500,-82.90881,42.5958674
4166500,-83.2546513,42.3730923
4168400,-83.2527063,42.30837099
4176500,-83.53104619,41.9606008
4183038,-84.8696944,41.1830833
4183500,-84.7444033,41.19893889
4188496,-83.6532653,40.9792203
4193500,-83.7127145,41.5000526
4213152,-80.2347222,42.07388889
4213500,-78.9345278,42.46344444
4218601,-78.6890556,43.17469444
4219768,-78.7154167,43.31380556
4219915,-78.2645278,43.3608333
4220045,-78.38638889,43.17430556
4220223,-77.9152222,43.3390833
4226000,-77.8286944,42.6824722
4231600,-77.6163056,43.1417222
4249000,-76.50527778,43.45166667
5051522,-96.7959154,46.65968548
5054000,-96.7836924,46.861075
5057000,-98.0275954,47.43277097
5062130,-96.8170556,47.0926944
5082500,-97.0292435,47.9269234
5114000,-101.9583348,48.98995719
5117500,-101.3712745,48.2458428
5124000,-100.9584889,48.9964079
5357206,-89.6077778,46.03277778
5406457,-89.6408333,43.1097222
5406469,-89.635,43.12527778
5406479,-89.6641667,43.1147222
5420400,-90.156793,41.8944725
5435943,-89.5394444,42.97694444
5435950,-89.5441667,42.94916667
5464420,-91.7851806,42.06916389
5474500,-91.374318,40.39365535
5515500,-86.7061667,41.38963889
5517500,-86.968356,41.2200392
5518000,-87.3403096,41.1828134
5524500,-87.3066912,40.87059306
5536356,-87.4998333,41.6186111
5537980,-88.0836944,41.5364722
5538020,-88.1069444,41.5
5543010,-88.6141944,41.29988889
5545750,-88.225923,42.61085116
5549500,-88.2514745,42.3100222
5553700,-88.9839693,41.3247564
5558300,-89.3562222,41.10727778
5559900,-89.5495396,40.72503739
5567500,-89.2416667,40.6235
5568705,-89.9141111,40.3265833
5586300,-90.6076667,39.63275
5587498,-90.184,38.88730556
5599490,-89.3277778,37.7583333
6076590,-111.1939194,46.6784861
6174500,-106.3643139,48.13005278
6177000,-105.5330972,48.067325
6336000,-103.5303444,46.9180722
6340590,-101.3976595,47.3580547
6354890,-103.3069613,45.9524438
6354980,-103.2919615,46.0177216
6427850,-104.7038545,44.5894282
6461500,-100.3625278,42.90207778
6478522,-97.1725667,42.76527778
6610505,-95.8625,41.18916667
6670500,-104.5383548,42.2005103
6707525,-105.1510556,39.41641667
6711565,-105.004149,39.66498738
6729470,-105.3086667,39.93244444
6796500,-96.4038889,41.32
6800500,-96.2838889,41.2933333
6801000,-96.3245139,41.06225556
6805000,-96.3386111,41.05166667
6805500,-96.1575,41.01497778
6818000,-94.8568333,39.75325
6819550,-94.7722222,40.4311111
6856600,-97.1275203,39.3555515
6879150,-96.7133394,39.0902755
6887000,-96.5713918,39.2372186
6887500,-96.3055532,39.19833014
6888990,-95.7163715,39.07194435
6889110,-95.9760556,39.6095472
6889160,-95.9505944,39.4631449
6892495,-94.9227778,38.97805556
6892518,-94.7894444,39.0461111
6892900,-94.6560139,39.0440833
6893100,-94.6122222,38.8422222
6893390,-94.6077778,38.9383333
6893620,-94.4722222,39.11194444
6893820,-94.3872778,39.0173611
6894000,-94.3005038,39.1005609
6894650,-94.0638889,39.1336111
6899900,-93.2863889,40.45444444
6901500,-93.2365278,39.89594444
6902000,-93.2736944,39.64002778
6914950,-94.977188,38.75334168
6914990,-94.8794073,38.7675084
6934500,-91.4385,38.70980556
7020850,-89.518,37.30188889
7048600,-94.0811111,36.07305556
7049000,-93.855,36.2
7049691,-93.8472222,36.4208333
7053450,-93.3090721,36.5950631
7054501,-92.575,36.365
7054502,-92.5863889,36.3622222
7054527,-92.5741667,36.3436111
7060000,-92.2384887,36.24923449
7061270,-90.8424444,37.55255556
7061290,-90.8383333,37.4936111
7075270,-92.6219444,35.5697222
7076000,-91.9972222,35.5172222
7099400,-104.718033,38.2716694
7106000,-104.6702503,38.6016647
7109500,-104.3991356,38.24805799
7143672,-97.5405417,38.02853056
7144100,-97.4244864,37.88306739
7144780,-98.0137806,37.8621972
7164500,-96.0063866,36.14064807
7177500,-95.954162,36.27842534
7178200,-95.8194322,36.2231514
7191288,-94.936901,36.37925097
7198000,-95.0688458,35.5731511
7214550,-105.3799833,36.03521667
7218525,-105.3044806,35.77298889
7239000,-98.59675,36.07698408
7239450,-98.0653316,35.6169933
7241000,-97.6633752,35.47866848
7241520,-97.367258,35.5656147
7241550,-97.1939194,35.5003412
7263296,-92.6855556,34.87888889
7288068,-90.6249444,34.07475
7288150,-90.7560833,34.0093333
7288500,-90.5431579,33.5473557
7288521,-90.6723611,33.54825
7332605,-96.1557444,33.57579444
7332622,-95.9611111,33.74416667
7374000,-91.1915556,30.44566667
7380255,-89.9864083,29.57673333
7381600,-91.2119507,29.6928482
7386880,-91.9928975,30.2174229
8047050,-97.4472422,32.6951316
8048000,-97.3325167,32.76096337
8049500,-96.9944444,32.7625
8052700,-96.8927805,33.28344977
8052745,-96.8919565,33.219298
8057000,-96.8219464,32.7748517
8057410,-96.7358319,32.70763139
8062500,-96.4630415,32.42652988
8065350,-95.6563407,31.33851319
8067000,-94.8182567,30.05771539
8068000,-95.4571616,30.24465738
8068500,-95.4363275,30.11049517
8069500,-95.2579888,30.02716385
8070200,-95.1246139,30.14523056
8180800,-98.5814074,29.26218286
8181500,-98.4908493,29.2641276
8181800,-98.3558463,29.2221853
8188060,-97.7371389,28.84869444
8188500,-97.3848583,28.6492861
8211200,-97.7758308,27.93779594
8317400,-106.3239444,35.618
8371500,-104.4810367,29.6210127
8374200,-104.2865896,29.51962973
8374510,-103.5977778,29.1547222
8375300,-102.9754409,29.1835386
8377200,-101.7559523,29.78075694
8380500,-105.3188306,35.65199444
8405400,-104.1966472,32.2359472
8412500,-103.8315949,31.87264499
8437710,-103.0059908,31.3668055
8446500,-102.4176419,31.11320329
8447000,-101.7701244,30.65961373
8447300,-101.7415556,30.314
8447410,-101.4462223,29.8029823
8449000,-101.1453849,29.96353604
8474115,-97.4215,25.95733333
8474320,-97.3754167,25.95666667
9010500,-105.8566791,40.32581784
9013500,-105.7983437,40.23637409
9020500,-105.9805639,40.15579444
9027100,-105.8297778,39.9903333
9034250,-106.0041847,40.108319
9037500,-106.1803667,40.0002
9040500,-106.3051778,40.05866389
9041400,-106.4139212,40.10859628
9058000,-106.4400324,40.03665248
9060799,-106.8316944,39.8911
9070500,-107.0780139,39.6446111
9071750,-107.2908874,39.5588711
9085000,-107.3308333,39.54666667
9085150,-107.4066667,39.56166667
9092570,-107.9389593,39.49414529
9095500,-108.2661946,39.2391463
9114500,-106.9497661,38.54193567
9136100,-107.8334167,38.78516667
9144250,-108.078403,38.75303944
9149500,-108.0804167,38.74194444
9152500,-108.4506446,38.98331575
9163500,-109.0270546,39.13276047
9180500,-109.2934493,38.81054095
9261000,-109.2354283,40.4093915
9315000,-110.1512475,38.9860831
9379500,-109.8666889,37.15067778
9380000,-111.5878722,36.8643333
9406000,-113.1807789,37.2041494
9429490,-114.468111,32.8849361
9504950,-111.8984306,34.6116972
9510000,-111.6634729,33.80837509
10129900,-111.4760313,40.73522634
10133650,-111.5196438,40.7238375
10133800,-111.5640912,40.75966979
10133980,-111.5866222,40.8695861
11044000,-117.1422536,33.4739175
11092450,-118.466749,34.16167247
11126000,-119.9887195,34.58914745
11126400,-120.025361,34.5901111
11128500,-120.1445926,34.58498706
11152850,-121.2875556,37.08669444
11152880,-121.2759028,37.04368056
11152890,-121.3100556,37.03480556
11152900,-121.327431,37.0499451
11153000,-121.3802778,36.98
11173200,-121.769397,37.46160337
11273400,-120.9761777,37.3472151
11336600,-121.5052778,38.2447222
11337190,-121.6888428,38.0521424
11447650,-121.5016167,38.45566389
11447890,-121.5182865,38.25769218
11453590,-122.365825,38.6469722
11455095,-121.5836417,38.47686944
11455136,-121.6145556,38.40444444
11455142,-121.6438889,38.34166667
11455315,-121.684286,38.2430111
11455338,-121.6739556,38.23739167
11455478,-121.7371772,38.093252
11455485,-121.767286,38.0778083
11461500,-123.1302509,39.24652277
11462500,-123.1305253,39.0265265
11463000,-123.0535767,38.87930758
11463682,-122.8294009,38.65820245
11463980,-122.8555494,38.6329653
11465240,-122.9272191,38.65324355
11467000,-122.9277737,38.50852336
11509370,-121.9288769,42.12788298
11509500,-121.9622313,42.13319946
11510700,-122.0733453,42.0845877
11511990,-122.3648222,41.973
12090400,-122.4151013,47.1345151
12090500,-122.5103822,47.14590298
12098700,-122.0026114,47.169824
12100490,-122.207876,47.27479497
12101102,-122.236111,47.23555556
12102078,-122.3417673,47.2009047
12442500,-119.6184098,48.98460109
12507573,-120.0919944,46.2852222
12509489,-119.7656833,46.2124361
12510500,-119.4780794,46.25346748
12511800,-119.3333527,46.2970794
13013650,-110.7154722,43.65405556
13018750,-110.7386111,43.3722222
13213000,-116.9727778,43.78166667
14078260,-120.0433056,44.062
14149011,-122.7556472,43.91378056
14150000,-122.8372967,43.9456815
14151000,-122.774794,43.94429299
14152000,-122.9059126,43.99818166
14158100,-123.116111,44.09166667
14158850,-122.0497826,44.2679001
14159500,-122.248391,44.13595817
14162200,-122.3331192,44.16234819
14162450,-122.3787222,44.1233611
14162500,-122.47062,44.1248487
14163000,-122.5730333,44.1460861
14163900,-122.7711874,44.0698492
14164550,-122.8846667,44.07066667
14181500,-122.2974444,44.75377778
14182500,-122.5789738,44.7915108
14183020,-122.6777222,44.7782222
14185000,-122.4975817,44.39179225
14185900,-122.4359155,44.54012357
14186200,-122.5503613,44.44818005
14187200,-122.6886956,44.4123468
14187500,-122.8234214,44.4984564
14202650,-123.125,45.44064167
14202980,-123.200109,45.46927968
14203500,-123.124274,45.4748365
14206241,-122.9912157,45.50011635
14206694,-122.8951003,45.40150659
14206950,-122.7548185,45.403452
14207200,-122.6850937,45.35650877
14209700,-122.1531366,45.14762079
14209710,-122.1561923,45.16706506
14210000,-122.3539746,45.29984346
14211010,-122.5773134,45.3792874
14316460,-122.5128232,43.3059544
14317450,-122.9997836,43.324563
14670261,-74.9936111,40.0385
15008000,-130.0669823,56.025815
15015595,-130.8819864,56.2402062
15024800,-132.1319708,56.7079243
15041200,-133.7017432,58.53829828
15236900,-148.8988085,60.36999097
15319015,-76.6668056,41.71691667
16701405,-78.00673889,38.139
21474095,-80.8935,34.55801667
23362095,-84.2747222,33.82138889
23432415,-85.0591667,31.62219444
34324146,-86.88972369,35.9581186
40325155,-89.546,46.83227778
40851385,-88.01,44.5286111
40871488,-87.9523333,42.99025
50048565,-66.118083,18.4070314
50048580,-66.1160552,18.4201918
72632966,-92.6538889,34.87527778
135749950,-73.7104167,42.78569444
135980207,-73.7768056,42.4996111
163287828,-78.7155028,38.56496944
164578734,-77.34113889,38.9296611
164579522,-77.32933889,38.9256
205373035,-80.1519167,37.1870833
205373075,-80.1440833,37.1913611
205373228,-80.1350833,37.1731111
205373422,-80.1413611,37.16475
205450393,-80.19975,37.23430556
205450495,-80.1967778,37.2337222
205551460,-79.9375556,37.27794444
205551614,-79.9093611,37.27788889
205696042,-79.8268333,37.05227778
205696095,-79.8254722,37.0558333
208062765,-77.58027778,36.3311111
208114150,-76.72277778,35.915
212378405,-80.0618056,35.20066667
212880025,-79.8775806,34.9834833
214196125,-81.1903833,35.8218972
214244102,-81.08915,35.75719444
214264790,-80.9573417,35.4277333
214267602,-80.9864083,35.33400556
242354650,-86.7594183,33.3449441
317154954,-80.50888889,37.3132222
317155123,-80.5169444,37.311
317159760,-80.6245556,37.33955556
329247350,-85.5938499,38.32812414
343233905,-86.8428894,35.89984185
344878100,-82.5969444,35.56138889
422016550,-78.3104444,43.301
422018610,-78.1930556,43.35330556
1043110325021_,142.275,43.7631
1043110332180_,141.6597,42.8325
1043110332210_,141.355,43.0378
1363120169010_,140.3364,37.9533
1363120169040_,140.4231,37.9319
1363120631020_,141.3317,40.8183
1363121256010_,139.8489,38.7736
1363130446160_,139.5778,35.8639
1363150961060_,136.6997,35.0822
1363150961071_,136.6997,35.0822
1363160430060_,136.1447,35.3058
1363160430080_,136.0542,35.2083
1363160430471_,135.9075,34.9733
1363170436011_,133.1906,35.4661
1363170436041_,132.96,35.4503
1363170436061_,133.3003,35.4319
1363180775040_,133.5711,33.9367
401011281104040_,142.335,44.4814
401031281101050_,141.525,43.135
401031281104010_,142.4258,43.8181
401061281105020_,141.9367,42.5733
401081281107070_,143.2033,42.9344
401081281107090_,143.5117,42.8078
401101281108051_,144.2189,43.9906
402011282206020_,140.7628,37.9217
402011282218040_,140.4094,37.4081
402011282218070_,140.4731,37.7272
402011282218090_,140.6428,37.8933
402011282228040_,140.5247,37.4242
402011282228050_,140.4817,37.4078
402011282228060_,140.4772,37.4056
402011282228070_,140.4864,37.3972
402011282228160_,140.4908,37.4142
402021282206050_,140.9094,38.2156
402031282207080_,141.0058,38.5311
402031282207090_,141.1386,38.4156
402041282204010_,141.1614,39.835
402041282204050_,141.175,39.5514
402041282204090_,141.1272,39.1967
402041282204110_,141.1817,38.95
402041282207080_,141.2853,38.6622
402041282207090_,141.2489,38.5
402041282220220_,141.1614,39.835
402051282201010_,141.4281,40.4861
402061282202890_,141.3319,40.8183
402071282201010_,140.4142,40.5922
402071282201080_,140.4375,40.8078
402081282211040_,140.2336,40.1978
402091282209020_,140.1558,39.6144
402091282210020_,140.4,39.2775
402101282209020_,140.0697,39.3536
402111282214070_,140.3261,38.4203
402111282216010_,140.2731,38.6642
403011283322030_,140.5544,36.4964
403021283322090_,140.4086,36.4594
403021283322111_,140.5183,36.3711
403031283301050_,139.4725,36.1725
403031283301060_,139.7047,36.1433
403031283301222_,139.6786,36.2114
403031283302041_,140.135,35.8564
403031283302051_,140.1617,35.8422
403031283302091_,140.5028,35.8997
403031283302231_,140.0244,35.8586
403031283303010_,140.3397,36.1392
403031283303071_,140.4039,36.0378
403031283303091_,140.4889,35.9647
403031283303100_,140.5503,35.935
403031283303131_,140.677,35.8625
403031283303141_,140.71,35.8417
403031283303144_,140.71,35.8417
403031283303160_,140.5286,36.1231
403031283303181_,140.565,36.0167
403031283303191_,140.6097,35.9622
403031283305030_,139.8911,35.8458
403031283305120_,139.8419,35.8478
403031283305140_,139.8506,35.7786
403031283305470_,139.8928,35.7981
403031283306041_,139.4531,36.3269
403031283307130_,139.9983,36.2475
403031283323030_,139.1203,36.2794
403041283309010_,139.6469,35.8003
403051283310040_,139.3475,35.6969
403051283310050_,139.4197,35.6792
403051283310100_,139.6375,35.6022
403051283310140_,139.7081,35.5364
403051283310180_,139.4122,35.665
403061283310030_,139.6664,35.5336
403071283310010_,139.3672,35.3319
403071283319020_,139.2203,35.4931
403071283319030_,139.1983,35.5192
403071283319050_,139.2494,35.5428
403071283319060_,139.2603,35.54
403081283324004_,138.4572,35.5392
403081283324009_,138.5225,35.5764
404021284402300_,139.1547,37.8533
404021284415300_,139.8564,37.5586
404031284401300_,139.0189,37.8817
404031284403300_,138.8364,37.4506
404031284416160_,137.9442,36.2647
404031284416300_,138.1125,36.5322
404031284416310_,137.9436,36.2672
404071284408030_,137.2828,36.7303
404081284408040_,137.2181,36.7461
404101284408300_,136.9819,36.7558
404121284412020_,136.4872,36.4061
405011285508040_,138.8706,35.0983
405061285512050_,137.4186,34.8106
405071285512021_,137.1667,35.0022
405071285512040_,137.0583,34.8894
405081285505021_,137.2947,35.3256
405081285505031_,137.3103,35.3172
405081285505035_,137.3231,35.3319
405081285511070_,136.8747,35.1992
405091285502090_,136.6878,35.3619
405091285502120_,136.6711,35.2967
405091285502200_,136.615,35.2561
405091285502850_,136.7569,35.3614
405091285515010_,136.6797,35.2261
405091285515020_,136.7136,35.1081
405091285515070_,136.63,35.1867
405091285515090_,136.7103,35.0267
405091285515110_,136.6742,35.2711
405091285515160_,136.695,35.0833
405091285515170_,136.7131,35.0603
405101285514051_,136.595,34.9019
405111285514021_,136.5131,34.6467
405131285514021_,136.6856,34.4892
406011286615040_,135.9383,33.745
406011286622030_,135.7681,34.2067
406011286622050_,135.7583,34.1669
406021286614020_,135.6889,34.3469
406021286614090_,135.3106,34.2514
406021286614111_,135.1956,34.2542
406021286614114_,135.1956,34.2542
406021286622010_,135.9247,34.3558
406021286622020_,135.9353,34.3539
406021286622050_,136,34.2908
406021286622080_,135.8694,34.3922
406031286607040_,135.6839,34.5844
406031286607060_,135.6169,34.5819
406031286607070_,135.5019,34.5858
406041286603170_,136.2225,35.2672
406041286603270_,135.9419,35.1192
406041286603310_,135.9192,35.0819
406041286603390_,135.9136,35.0331
406041286603430_,135.8603,35.0139
406041286603450_,135.9214,35.0108
406041286603480_,135.9108,34.9394
406041286603500_,136.2319,35.4011
406041286603520_,135.9931,35.1019
406041286606050_,135.6994,34.8911
406041286606060_,135.6317,34.8125
406041286606190_,135.6994,34.8897
406041286606240_,135.7167,34.9075
406041286608010_,135.415,34.855
406041286608040_,135.4233,34.7989
406041286618020_,135.8467,34.8789
406041286618030_,135.8281,34.88
406051286611030_,134.9728,34.9653
406051286611060_,134.8994,34.7975
406061286611050_,134.5631,34.8014
406071286601060_,136.1864,36.0878
406091286605020_,135.2261,35.3075
406091286605050_,135.1153,35.3556
406101286610020_,134.83,35.5436
407041287705100_,133.0533,35.4656
407051287711030_,132.8342,34.8169
407071287715050_,131.5583,34.0636
407091287712070_,132.5139,34.4972
408011288805002_,132.7272,33.8069
408041288808020_,133.4299,33.5283
409061289901500_,130.5261,33.33
M1,18.9542,68.3464
M10,18.9459,68.3012
M16,18.9511,68.3426
M17,18.9223,68.3108
M6,18.9149,68.3051
M9,18.9444,68.301
AND,7.109632,46.253409
ANU,7.101972,46.231599
FED,7.115597,45.905091
FEU,7.130949,45.883084
PEU,7.107973,45.893655
RIC,7.110105,46.253521
VAD,7.226898,45.935034
VAU,7.244578,45.929509
VEL,7.24452,45.92677
VID,6.814734,46.159321
VIM,6.801199,46.157014
VIU,6.8002,46.154945
FR,2.5,41.8333
FUI,2.5667,41.6833
Caversham,-0.976395,51.465551
Taplow,-0.615023,51.557559
Windsor,-0.554023,51.441559
29033,-1.655021,54.38959
1552044,-1.349187,54.15556
29043,-0.7950109,53.14185
1552046,-1.505282,53.77701
1552048,-1.42369,53.75148
29041,-1.192203,53.72318
29044,-1.381586,53.727
29040,-0.9290913,53.81909
1584377,-1.350507,53.97311
1584376,-1.13211,53.99151
Avon_Knapp_Mill,-1.81136,50.74896
Fowey_Restormel,-4.6788,50.4309
Leven_Newby_Bridge,-2.9752,54.2682
Stour_Wixoe,0.4997,52.0571
Thames_Taplow,-0.698,51.5366
Trout Beck_ Calgaith,-2.92045,54.3955
FP01,-1.645012,50.917653
FP02,-2.225391,50.68963
FP06,-2.316285,50.78564
FP11,-2.189257,50.68115
FP12,-2.414234,50.71317
FP15,-2.582322,50.79024
FP21,-2.124167,50.68799
FP22,-2.254687,50.74038
FP23,-2.400529,50.76695
FP26,-2.523172,50.79749
FP31,-2.576124,50.77655
PL09,-1.440655,51.46858
PL15,-1.325613,51.41088
PL17,-1.205849,51.43531
PL18,-1.227842,51.45344
PL19,-1.085784,51.46838
PL20,-1.157162,51.44261
TE03,-2.457871,52.90345
TE05,-2.554205,52.87967
TE09,-2.522106,52.8052
TE16,-2.437456,52.94308
TE20,-2.544244,52.79611
TE22,-2.554205,52.87967
2927,116.300251,30.458399
2870,116.618304,30.128011
2876,116.34803,30.024119
2946,116.466746,29.992903
3879,116.156272,29.95998
2949,115.966227,29.905695
2919,117.000948,30.509513
2935,116.613475,30.62842
2899,116.669977,30.27099
2868,118.952277,31.016411
2861,117.879486,33.127823
2258,117.2710932,32.9527884
2904,116.521698,32.502665
2930,117.316955,33.316899
2911,115.637255,33.540418
2865,117.804218,33.262629
2948,116.867173,33.103036
3872,115.8904,33.9833958
3873,117.333539,32.786927
2866,117.280926,33.85356
2909,116.048247,33.637904
2883,116.426383,33.34421
2867,116.19039,33.138513
2887,117.064422,30.259622
6387,117.7527,30.7703
2918,117.0053119,30.4956203
2889,118.319357,31.714434
6388,117.46,30.669
2871,116.871085,30.42124
6488,117.033,30.3812
2858,116.383512,32.130695
2856,116.914531,30.20963
2860,117.684788,30.774607
2183,117.284922,31.861184
2878,119.026529,32.704886
6223,117.9642,32.7923
2263,119.0894,32.724409
2255,118.1533047,33.1674762
6224,118.1492,33.1689
2901,114.273591,30.593188
6225,118.4555,32.3088
2910,118.315567,32.288364
2859,118.417907,32.199777
2925,117.154467,31.785615
6226,118.2887,32.0978
2937,115.595644,32.658297
2252,115.4699245,33.4957895
2260,115.6365441,32.4164278
6227,115.6024,32.4286
3878,115.2472543,33.0764559
2938,118.521306,31.71867
2939,115.867791,32.912195
2256,115.3390767,33.2640607
2177,115.953353,33.352881
2920,116.807275,32.059642
2149,117.270311,31.50139
3874,117.834821,31.582279
2854,117.395278,32.943468
2950,117.806853,31.611101
2254,117.4492571,31.6584795
2912,119.031442,31.08593
2947,117.545139,31.657076
2893,117.087304,31.98873
2863,117.26247,31.262833
2890,116.220503,32.271894
2942,118.74337,32.717422
2850,117.258837,31.502262
2869,116.91384,31.410873
6383,117.3326,31.5392
2851,118.686325,30.758719
2895,117.471625,31.683019
2259,116.855937,33.814464
6350,117.2733,31.6554
2885,115.791037,33.840665
2872,118.355088,31.76996
2852,117.87603,31.577988
2886,117.439766,31.15702
2864,117.078305,30.584347
2262,117.811618,31.647649
2897,117.754946,31.769141
2873,117.284922,31.861184
2253,116.5802321,33.8752478
6221,116.5878,33.8744
2896,117.410646,30.771958
2917,116.001576,38.879326
2862,116.764262,32.605506
2944,116.423277,31.449897
2257,116.9074973,32.6439828
2921,116.915776,32.641579
2891,117.103527,32.775789
2913,116.5909,32.570486
2877,116.498832,32.373979
2916,116.887689,32.407674
2933,116.067254,33.219622
6386,118.0149,30.3723
2932,116.621515,32.045256
2898,118.297603,29.717799
2908,118.245551,30.459931
2915,118.293416,29.699942
2924,118.366667,29.763863
2894,118.504612,29.961077
2905,118.794129,31.18298
2941,116.332494,31.539384
2884,116.273076,32.350232
2857,116.429457,32.388833
2892,118.618899,29.862438
2875,116.90207,31.095417
2874,116.065087,31.572105
2848,115.620216,31.48546
2936,118.517796,31.630932
2880,118.479184,31.549437
2888,118.492964,31.484455
2849,117.417593,31.969757
2855,116.943445,33.51521
2879,117.284922,31.861184
2251,117.213674,34.0179266
2922,116.979217,33.753156
2926,117.215577,33.483853
2882,117.8850083,33.4530255
2853,117.499594,31.95972
2929,117.091176,30.832508
2943,117.926587,30.934479
2119,117.229669,30.700479
2940,117.271944,31.589232
2150,117.8003691,31.6083986
2931,118.311762,31.43253
2928,118.012738,31.130526
2881,118.387766,30.692212
2945,118.321239,30.926719
6384,118.3338,31.2695
3871,118.368319,31.495596
2900,117.2443,31.618256
6389,118.9031,31.1034
2934,118.288408,31.229151
2907,118.312937,29.690279
2923,118.743402,31.157496
2902,117.096014,31.332876
2906,119.936981,30.991272
2903,118.98031,30.691628
2261,118.720525,31.282899
2914,117.858773,31.645018
2691,116.03895,39.7572
2690,116.618333,39.907408
2699,116.39537,39.956847
2694,116.305631,40.412399
3823,115.499761,39.659091
2231,115.520692,39.93045
2685,116.425261,39.834406
2692,116.349049,40.026901
2696,116.365688,39.977668
2693,116.32528,39.941767
2689,116.592811,40.309662
3824,115.7227302,40.0709784
2684,116.803076,40.563889
3822,117.1595757,40.6900516
2698,116.298616,40.094418
2686,116.913914,40.517502
2681,116.526519,39.673915
2682,116.187123,39.890237
2695,116.574886,39.654948
2687,116.903395,39.735711
2688,116.44061,39.899404
2683,116.633775,40.319538
2697,115.959848,40.430962
2542,119.555245,26.205703
4088,119.241465,25.940286
3614,118.933046,25.882692
3617,119.459778,25.9737169
3620,119.56057,26.137615
2544,118.534895,25.085454
3623,119.107921,26.146209
3624,118.755979,26.326652
3625,117.150525,25.24576
3590,116.447085,25.029821
6392,116.2935,25.4639
3621,116.324225,25.490233
3605,119.295144,26.100779
3609,119.295144,26.100779
2539,119.295144,26.100779
2543,119.295144,26.100779
3602,119.295144,26.100779
2535,118.607392,24.888209
3606,118.409036,27.563409
3610,117.996231,26.548915
2538,118.713059,27.336408
3608,118.688747,27.647798
3618,120.103534,27.378477
3592,119.569207,26.810521
3616,119.647502,27.12725
2541,119.679468,26.96766
2536,118.623307,26.433311
2540,119.624264,26.986877
4086,117.372355,26.178062
4087,119.239609,25.963816
3594,118.478314,25.033597
2537,118.58747,24.8213
6391,118.4147,25.1817
3613,118.383698,25.284037
3600,118.266127,25.050703
3595,118.44607,24.951791
3601,117.19124,26.671964
3599,116.759826,26.175309
3611,117.10368,26.088396
3612,117.444817,26.086997
3607,117.682267,26.314279
3604,116.948359,26.82863
3598,117.97768,25.82232
3603,118.393076,25.92585
4089,116.978429,24.981593
3619,119.295144,26.100779
3596,117.405013,24.46201
3593,117.555005,25.107288
3615,119.209604,26.057304
3622,119.295144,26.100779
2165,117.93156,24.360423
3597,117.518239,24.567778
3589,117.555685,25.346121
3591,117.3503,23.94656
4084,106.7067619,34.3722143
3586,103.825814,36.067756
3585,103.826308,36.059421
3566,104.29416,37.16923
3576,103.787401,35.581194
3572,104.847086,34.144303
3578,102.072639,33.998387
3577,103.944896,36.337031
3570,100.841336,38.279316
3583,102.0513,38.370496
3582,98.855668,39.930227
3573,105.606528,33.327425
2533,103.4709425,36.1708623
3567,103.993225,36.150864
6348,103.483,36.1678
2174,97.737083,40.310107
3574,103.237716,35.618085
3571,105.082771,33.327076
3565,104.787727,33.433584
3584,107.744589,35.33874
3575,103.426929,35.381435
2534,106.250042,34.532635
3568,102.734399,36.801105
3580,102.888018,38.399594
3588,102.738688,37.560335
3579,101.844367,37.912691
3587,103.855148,35.382401
3569,102.705305,37.858419
3581,100.160119,38.810096
3913,113.4043459,23.037516
3049,116.541195,23.816207
2303,117.003995,23.665131
3032,114.127158,22.761322
6430,113.7525,23.0588
3035,113.604057,22.9081
3044,110.48836,21.222112
3031,114.078428,22.926477
2318,113.199715,23.028025
2299,113.267097,22.888331
3020,113.3708,22.528784
2326,113.502012,22.693113
2330,112.290777,22.992944
2332,113.527502,22.800704
2327,113.556941,23.51581
2315,113.47333,22.891775
2314,113.333231,23.023376
2300,115.257782,24.063586
6253,113.7508,23.1376
2311,113.512709,23.064736
2341,113.448344,22.335273
2319,113.855428,24.347717
6429,115.1788,24.7013
2343,113.447543,22.529583
3030,114.629071,23.778596
2344,115.497302,24.487936
3916,114.616256,22.753253
2333,112.97655,22.54716
2329,114.4862,23.015018
2307,114.156364,23.241268
6427,114.6263,23.4143
2320,114.458742,23.177386
2324,113.217941,23.711524
2308,114.92215,22.800286
2325,111.675334,21.959607
2340,112.424484,22.997112
3915,114.658608,22.772049
3908,114.345859,22.694765
3911,114.021759,22.625011
3047,119.30373,26.040433
3040,112.661708,21.833564
3016,111.95378,21.615819
3011,112.992758,23.658045
2187,116.364039,24.067389
2309,116.554572,23.447464
2345,116.392179,23.572236
3909,116.667781,23.666268
3918,116.355037,23.115118
3046,110.986244,22.144068
3043,114.213266,22.917427
3033,110.66572,21.518345
3045,110.800196,21.914394
3019,113.804508,23.123124
2313,111.396813,23.083921
2334,116.887764,23.686789
3914,112.007501,22.552676
3051,114.198587,22.819872
6428,116.5965,24.6456
3910,112.742789,22.462587
2304,115.832299,22.979087
6254,113.0691,23.6832
2178,113.0676568,23.6834229
2328,111.271433,22.718191
2335,110.266806,21.613011
3023,116.716879,23.455017
2331,116.777142,23.488427
2339,113.183855,23.471058
2312,113.359214,22.341973
3037,116.624073,23.216101
2306,112.720441,22.238874
3012,117.010667,23.663332
3036,115.33408,22.909763
2338,115.609849,22.930987
3014,115.670252,22.888408
2310,113.181084,25.435996
3052,113.459421,23.406813
3010,114.426587,22.63393
2305,116.31529,24.59357
2166,114.655597,25.3024
2337,112.128586,22.599575
2317,115.038462,22.775054
2302,112.309585,24.858987
3038,114.620918,22.504472
6425,114.0357,22.5077
3018,111.940695,21.788581
3034,114.144205,22.548277
3025,116.084536,23.624911
3024,112.20793,21.817654
3022,114.043419,23.6177
2336,112.153685,23.072242
3017,113.573502,23.557082
2301,113.790692,24.750105
3021,110.797865,21.426139
6426,110.7946,21.4314
3039,110.314917,21.704117
3054,110.84747,22.043911
3029,115.691944,23.031892
3027,110.292455,21.912125
3048,111.599009,21.899485
3050,110.310359,21.29799
6486,110.3065,21.3002
3015,110.065695,20.874187
3041,114.111006,22.928083
2321,112.985654,23.296456
2186,113.779963,24.047347
2316,111.73678,23.43983
2342,112.224538,22.732501
2323,111.995442,22.885302
3013,113.299762,23.103511
2322,113.2008883,22.5278286
3053,113.268814,22.081743
3026,113.320854,22.185259
3028,113.277283,22.354748
3917,113.416799,22.184873
3042,113.529852,22.202501
2361,106.6086,23.987209
3065,109.086756,24.841618
3086,106.626888,23.265396
6431,106.5182,22.9472
3060,106.713662,23.760171
3090,109.204224,23.750608
3067,109.487331,21.49836
3062,110.154484,22.62867
2346,109.136571,21.66039
3058,109.314957,21.859164
3080,109.187354,21.661164
2355,106.72843,22.853146
3083,107.052149,22.658889
3057,107.00286,22.32444
6259,106.7032,22.2183
2349,106.7065555,22.2165526
6258,106.5805,22.4671
2353,106.6125759,22.4645798
3071,107.157188,22.406804
3074,107.620837,22.614994
3082,109.088091,21.478081
2368,107.961648,21.5379255
3076,107.945238,21.570177
3069,108.341088,21.755239
3055,108.729323,22.902323
2366,110.1675757,23.466327
6257,110.166,23.4832
2359,110.539833,23.421211
2362,106.821007,23.787609
3921,110.741813,26.23545
3073,109.370345,23.878907
3085,110.497554,24.7709036
2347,109.873784,25.940862
2352,106.180563,23.379547
2348,110.156699,24.204279
2357,108.884472,24.507607
2370,107.548562,24.965173
3070,111.73259,24.008638
3068,111.789524,23.828315
3081,111.661029,24.328632
2367,110.177191,25.304837
3066,107.344794,23.712343
2364,109.516111,23.850452
2365,108.129669,23.51852
2350,109.736549,23.494393
2358,108.407467,25.225332
3088,109.294024,24.441674
2371,109.543408,25.414973
2360,110.517916,24.902747
2356,109.414808,25.185404
3064,111.315001,23.496188
6255,108.1264,22.7836
3061,108.095434,23.527328
2351,108.1314675,22.7818691
2354,110.390755,23.556576
3077,109.691139,23.677842
3087,107.640959,23.271717
3063,109.45227,24.412143
3056,109.233416,23.297972
3089,109.147307,23.19284
3079,108.464468,21.857575
3091,108.367836,22.821797
3084,108.629303,21.952482
3059,111.047065,23.716759
2363,111.174427,23.415838
3919,111.4278861,23.4710909
3078,108.925424,22.80351
2369,109.287212,22.866259
3072,110.356664,25.248311
3075,110.81614,22.580836
3640,106.024287,26.454783
3633,105.788393,25.469452
3639,106.349905,25.424586
3653,105.136215,24.971523
3650,105.517573,27.072791
2552,105.55528,27.66309
2550,108.684432,27.504242
3648,107.859702,26.050708
3645,104.81999,26.594198
6330,106.8425,26.6586
3643,107.194447,27.019474
3641,105.814847,26.59063
2549,106.675106,26.627461
3628,106.945617,26.299092
3655,107.267217,26.09237
3632,104.751606,26.315435
3637,106.25089,26.395302
3642,106.859982,25.338895
3629,105.225155,25.453177
2555,107.879014,26.768079
2548,108.90642,25.74035
3644,108.413673,25.959223
2551,104.75777,24.978988
3631,107.334652,28.501509
3626,106.617924,26.049567
6343,106.5798,25.427
2554,108.63525,27.017328
3636,106.69382,27.197683
2101,106.140539,25.032207
3654,104.586066,24.871249
3649,104.993971,25.047065
3635,106.885877,26.50267
2547,107.450544,26.8793
3646,106.150154,24.965662
2546,105.034115,24.930468
6446,105.0653,24.8908
3630,108.232482,27.545454
3627,108.211309,27.727316
2553,106.232531,27.458087
3647,106.831306,27.856315
4097,105.7347714,28.6121356
6263,105.7339,28.6078
4096,106.698497,26.517989
3651,107.503885,28.557576
4098,107.99651,28.707484
4092,107.706988,27.39656
4094,107.413232,27.362076
2556,105.533786,25.282076
3638,107.191157,27.576213
3652,107.267449,27.433498
3634,106.83572,28.749019
4033,108.6903554,19.2720963
4034,110.4074416,19.9705531
4031,110.3966286,19.2015342
2514,108.685071,19.329235
6436,108.759,19.2542
3401,108.90976,19.23792
3408,110.410343,18.892128
3395,109.296015,18.309346
3400,109.55144,19.41804
6433,109.5534,19.383
3394,110.362581,20.046635
6435,109.0124,18.9656
2516,109.005486,18.985702
3415,109.537206,18.299466
3404,110.220908,19.738661
2518,110.416458,19.882588
3398,110.392915,20.033524
2517,110.397589,19.970869
3413,110.372868,20.001319
3419,110.349228,20.017377
3396,109.319906,18.840112
3397,108.88035,18.435633
3414,109.575045,18.272081
3407,110.0638,18.517517
3417,109.899226,18.584272
3412,110.142541,19.108343
3416,110.517393,19.107418
3420,110.324964,19.146787
2131,110.375224,20.009525
6434,110.5475,19.1485
6432,109.2399,18.4351
2515,109.242338,18.436393
3409,109.16614,18.365332
3410,109.457375,18.401897
4032,109.470361,18.307736
3418,109.757936,18.407165
3403,110.361185,18.771022
3405,110.478603,18.899736
3402,110.446856,18.868383
3399,110.341344,20.03468
2513,110.717366,19.624334
3411,110.753577,19.619
3406,110.90946,19.641482
3272,115.818382,38.866844
3980,115.462705,37.860935
3292,115.76742,38.87054
3256,115.765844,39.223947
3279,113.972268,39.083817
3290,114.835328,38.850254
3281,118.20546,39.615082
2454,115.350472,37.211118
3978,114.967119,40.639475
3263,117.542157,38.477117
6346,117.047,38.6862
3971,117.275885,41.935244
3965,114.94327,40.898121
3973,118.139283,40.748003
3247,117.774843,40.616037
3974,118.139283,40.748003
3972,118.139283,40.748003
6360,118.1416,40.619
3986,115.686356,37.823713
3968,117.443262,40.711074
3967,118.073132,40.842139
3969,116.167531,39.437191
3266,118.381182,40.559135
3255,118.599514,40.772528
3265,117.242605,40.420427
3250,117.961347,41.014807
3977,117.761063,40.980027
3262,117.821479,41.673671
3982,117.970569,41.12365
3278,114.95768,36.766382
3979,114.845351,36.951398
3970,114.365986,37.242002
3274,114.171204,36.29222
3273,115.982251,38.041596
3267,115.254284,39.32171
6362,115.6312,37.6493
3981,116.931147,39.743079
3288,116.931147,39.743079
2453,114.468664,38.037057
3261,116.131193,37.905393
3259,115.091033,37.319989
3984,116.182963,38.652577
3249,116.824239,39.953975
3966,117.088879,39.99629
3280,115.117539,38.379485
3985,116.932708,39.740219
3976,115.245483,36.809996
3269,116.73027,39.44595
3268,116.73027,39.44595
3248,116.535515,39.58526
3277,119.450936,39.802411
3289,118.832748,39.898234
3983,119.793347,39.956513
3282,119.576813,39.906055
2142,119.631456,39.918966
3283,119.421414,39.776323
3295,119.223129,39.678461
2455,113.9937027,38.3201557
3251,113.861347,38.358695
3276,114.17444,38.269558
2452,113.913956,37.972436
3253,114.600669,38.065176
3270,118.664147,40.963671
3284,118.04918,39.227626
3252,115.653094,38.879094
3271,118.304493,40.218147
3975,115.666086,39.320799
3286,118.773574,39.750631
3258,114.778632,37.260106
3293,115.075585,37.518685
3260,114.468664,38.037057
3294,116.024029,38.823736
3254,116.028691,38.897404
3257,116.04779,37.513177
3264,115.813964,37.865007
3287,115.991458,38.962979
2451,116.212332,38.325802
3291,114.879227,40.762463
3285,115.373872,40.349608
3275,114.715335,40.68112
2450,115.5478498,40.3405825
3994,114.595831,36.090043
3313,114.135423,36.07964
3995,113.755761,36.223898
3992,113.944923,35.403717
4001,113.676228,35.939563
3997,114.197142,35.511776
2463,113.931199,35.850782
3301,114.288454,35.518042
4000,112.4006733,34.9212315
6410,112.3992,34.9196
3304,111.478756,34.571616
4004,113.518359,34.98639
3991,114.11387,34.673653
3339,114.467138,34.357765
3331,112.528488,34.175108
4012,112.605462,34.721917
4015,112.153882,34.755454
4005,111.458961,34.343022
4017,113.750164,35.601019
4011,111.119843,34.387848
2107,113.753602,34.765515
2105,113.403169,33.58455
3297,113.949926,33.93393
3333,113.763482,33.606101
4014,114.171639,33.669493
2129,114.196677,33.686867
3296,113.779832,33.877112
3996,112.619984,33.013801
4008,111.024888,33.243547
6404,111.0082,33.2666
4007,111.221863,33.085054
6405,111.2159,33.0805
2457,111.7090816,32.6736289
3309,115.062234,32.678301
6241,111.7053,32.669
2456,113.753602,34.765515
2156,111.90639,33.348079
2459,111.460461,33.124041
6407,111.4756,33.0427
3990,112.318621,34.691727
4009,111.16439,33.136314
6406,111.1579,33.1537
4003,113.234746,33.313765
3300,113.753602,34.765515
3326,113.250862,33.722364
3998,113.581377,33.820669
3319,112.972621,34.060856
3328,113.548952,33.27192
3318,112.761253,33.743832
3303,112.812864,32.673099
3324,115.00289,35.700245
3302,115.06861,36.108471
3338,112.497597,34.878877
3323,114.907187,35.590216
3329,115.264464,33.780524
4006,111.087564,34.06456
3989,111.344163,34.827747
2171,116.471647,34.177411
6242,116.3924,33.8068
2458,116.3484945,33.8193013
3327,113.753602,34.765515
2192,116.25461,34.068636
3299,113.457855,35.222893
3334,113.753602,34.765515
4002,113.870157,35.227856
3999,112.264874,34.664817
3311,113.753602,34.765515
3310,114.605094,35.134576
2193,115.392074,32.262114
3308,113.425778,34.899869
3307,115.421399,32.081175
4010,115.4118245,32.4378294
3314,113.979279,32.251659
3341,114.035868,32.272325
3322,115.051424,32.128443
3298,114.105024,32.089061
3342,113.525593,33.308204
2460,114.05857,32.11683
3993,115.8383585,32.4623551
3330,114.660307,32.167866
3325,113.249318,34.345749
3312,113.56538,34.680768
3317,113.778832,34.323191
3988,110.906022,34.652664
4016,115.484812,33.874388
3306,114.574433,33.503413
3336,114.636783,33.894563
3340,114.243256,33.823184
3332,115.151458,33.203367
3305,115.0716483,33.3876268
2462,115.4910372,33.8792895
2461,114.16434,33.68667
2124,114.680083,33.626572
3337,113.899043,33.404611
3316,115.0622929,32.7135129
6409,115.1453,32.6538
3315,114.868435,32.780629
3320,113.588091,32.977274
3321,114.406066,32.895127
3335,113.938979,32.635434
4193,126.666699,51.7241727
4176,126.658647,45.951499
4194,133.6693792,45.9775337
3773,125.288803,48.874699
4187,125.0451846,45.4936489
3768,124.128555,50.420486
6210,122.3591,53.4837
4177,126.639504,51.763712
2584,122.3556112,53.480873
3771,126.620243,51.666357
2118,126.752056,45.787555
2583,126.646118,46.003555
6374,126.6457,45.9469
2127,126.504213,45.90503
6373,127.692,44.3966
3779,122.896086,47.096761
4186,129.5434746,46.3054261
4180,128.158834,45.901258
2146,133.853376,46.934667
3778,126.523186,45.726806
2582,131.062156,47.684003
3785,127.499023,50.249585
4192,127.5357671,50.2386399
6376,127.5196,50.0933
3775,127.086814,48.525048
4190,131.9635795,45.5358451
2122,130.973375,45.326365
6208,131.9585,45.5313
2121,133.281365,45.552395
2585,133.676903,45.979708
4184,132.585736,45.316643
6339,132.0127,45.2537
4189,132.033759,45.26617
6340,132.8526,45.0598
4178,134.2871925,48.3653288
6375,129.834,46.5751
4174,130.3590471,46.8321887
3767,130.361634,46.809606
4173,130.361634,46.809606
2581,132.4690226,47.6425983
3780,129.574798,48.442197
2580,134.6728087,48.258915
3782,129.647051,44.556533
3783,126.680971,45.74691
3766,129.522687,44.780159
4182,126.299118,45.401432
3781,123.500856,47.913029
3765,128.639537,44.266976
3774,126.848283,47.314285
4183,123.684912,46.771624
3777,124.469417,45.877356
4185,123.915962,47.364485
4181,124.301919,48.422633
4188,123.40733,47.949987
4179,132.633838,46.567284
3784,133.353365,46.924027
3776,125.457141,47.861712
3786,130.3980333,48.8890811
3772,130.392465,48.885439
6209,130.5703,48.7083
3770,127.928958,49.372476
3769,128.83562,47.84086
4070,114.5999666,30.2703196
3452,114.571771,30.254048
6416,114.5716,30.2689
3468,115.090053,30.340783
3456,111.476807,32.609233
2195,109.493289,30.246073
3421,108.973817,30.321016
3433,108.575117,30.207272
2528,109.225576,29.203638
3425,110.780916,30.234653
2157,114.422632,30.471859
4072,114.19535,29.862706
4043,110.443618,30.929551
4050,110.35554,31.01612
2521,115.027978,30.425803
6419,115.4457,30.6003
3466,110.140305,32.275998
4041,114.68585,31.537412
3492,115.346493,31.121516
3486,115.606361,30.56645
2529,115.423717,30.262804
2519,115.159707,30.359787
4036,114.341861,30.546498
3423,115.478264,29.838404
4047,115.437402,29.861698
3436,114.739996,30.607998
4059,112.581188,31.199489
3475,112.601291,30.684134
4069,112.424951,31.45536
4040,113.312214,30.891566
3465,112.026092,31.015929
2106,114.352698,30.388179
3455,113.846046,30.205647
2523,112.866681,30.1823
6418,113.3812,29.8817
4053,113.462786,29.810176
4054,114.411567,30.480375
3445,113.329487,29.6665
6193,113.463833,29.821683
4066,111.939649,29.972589
2169,111.799442,30.677431
2524,112.184187,31.664417
2525,113.892022,30.164666
2132,112.014545,29.777166
3463,112.133505,29.804503
3424,111.356735,29.965459
3479,112.635912,29.689218
4068,113.427483,30.394359
3450,112.764352,29.74052
3427,113.177059,29.503051
4060,113.029547,31.086694
3467,112.858475,30.415972
3480,112.519313,30.299189
4071,110.833152,31.736074
3435,111.4861982,32.5548899
6412,111.4826,32.5647
4055,110.859346,32.71694
3471,109.604925,32.185797
4046,110.777179,32.816347
3485,111.573224,30.478143
4062,110.269339,32.787298
4073,113.854687,29.766525
3430,111.08413,32.479431
4035,113.558856,31.658505
4045,115.418687,30.236456
4056,110.035539,33.158044
3461,111.322581,32.584254
4061,110.789239,32.662319
2526,113.109137,30.278016
4057,112.726799,31.054534
4044,113.39884,32.180435
3432,113.318907,31.850714
3442,112.710238,31.82216
3462,113.357381,31.706189
4049,113.093585,30.507143
3444,112.839824,30.725578
3429,114.664435,30.932298
3493,111.205815,32.653896
3457,114.441717,30.479428
3453,114.1831827,30.5855806
6244,114.216,30.5772
3482,114.134789,30.300442
3481,114.772146,30.958605
3459,114.790216,30.663212
3469,114.606334,30.328291
3476,114.624255,30.326834
3477,114.668405,30.169848
3478,114.629606,30.323773
6411,114.4533,30.2403
3464,114.353979,30.71412
2527,113.791834,30.264433
2531,114.092344,30.395714
3438,109.816955,29.77652
3447,113.115433,31.57971
4058,114.600261,30.552122
3449,114.257402,30.510951
3454,113.423134,30.39249
3434,113.915926,29.980468
3441,114.632684,29.634778
4067,114.364042,30.857699
3474,114.206491,29.936945
3460,108.9049,30.287569
3484,113.688546,29.90909
4063,112.607012,32.086108
4064,112.738881,30.554858
3458,113.791446,31.062773
3472,115.00732,30.663265
4051,112.606746,31.645799
3428,112.146347,31.894499
3448,113.345876,30.167878
4065,113.298941,31.724546
3489,115.252772,30.155202
2522,112.382843,32.059363
4042,112.468554,32.36496
3470,114.468486,31.265037
3443,113.588349,30.925216
2520,113.43734,30.775926
3446,113.943238,30.691979
4048,112.791924,29.933344
3439,113.885347,30.926829
3437,114.439622,31.315339
2180,113.98047,31.391125
3487,115.004703,31.170363
3491,115.315117,30.020142
3440,113.559505,31.169278
3488,111.149919,30.441152
3490,110.542539,30.400125
3483,113.858844,31.236873
6413,111.6822,30.9585
3422,114.381695,31.53784
6414,111.9617,30.5712
4052,109.494461,30.231899
3451,110.377318,30.442134
2530,109.085235,29.740766
3473,111.90805,31.032601
3431,111.2731883,30.7608061
3426,111.459715,30.482451
6415,111.4379,30.431
3552,112.20676,28.822488
2167,112.1175895,29.4698337
6423,111.2985,29.5884
3495,111.241062,27.732112
3541,111.879256,29.591
3513,112.238314,29.590311
3563,112.114893,29.634794
3517,112.1189206,28.916674
4083,109.738754,29.484977
6249,112.1176,28.913
3526,112.885768,27.215471
3512,113.327856,25.854236
3535,113.204597,26.790429
3547,111.846913,25.072475
4077,112.693809,26.152492
3510,111.383624,27.490188
3545,112.958736,28.293453
3550,113.189857,26.894641
3531,112.980792,27.937483
3537,112.934515,27.305029
3507,111.305717,27.747428
3518,112.194302,26.542749
3546,113.706965,25.540421
3553,111.846913,25.072475
3560,112.98381,28.112444
6424,109.4626,27.7081
6329,109.4803,27.0753
3519,109.62923,27.111289
3505,112.685627,26.746337
2113,109.614806,27.094325
3548,111.06395,30.839666
3564,109.08309,27.32822
3536,110.38956,28.452749
3499,110.375592,28.445534
3551,110.032419,27.136894
3498,111.655849,29.042992
3555,112.48946,25.962041
3538,111.449612,27.603169
3509,111.276184,26.991688
3542,110.791755,26.288739
4082,111.536969,27.190669
3543,110.072736,26.743028
2153,113.201759,28.047798
3522,111.440175,27.211791
3533,119.307466,33.827571
3556,112.751951,26.756175
4076,112.077081,27.730519
3529,111.421332,27.674002
3502,110.007623,28.700937
6252,109.5954,28.705
3559,109.298786,28.787386
3532,112.450578,28.665556
3527,112.579064,25.278395
3511,112.515163,29.206544
6251,112.2989,29.063
3494,112.406512,28.81482
3514,112.324734,28.844937
3540,112.3110917,29.0557678
4080,112.329403,29.398746
3506,113.156194,26.82305
3523,112.150471,28.52605
6250,112.3867,28.6168
3539,112.4147437,28.6460477
3544,111.288738,26.296705
3504,111.67281,25.961503
3557,111.623754,26.197088
3497,113.028626,29.254035
2532,113.11895,29.146783
6247,112.9886,29.1541
3515,113.0886216,29.3929733
3516,113.0019857,29.1535674
3501,112.76546,29.457415
3503,113.085455,28.835372
3554,112.899042,29.35625
3525,112.812316,28.56049
3500,113.492368,29.248398
3508,113.14871,29.4497926
3549,110.390846,27.867778
3528,112.98381,28.112444
3520,113.008048,28.259883
3496,112.849485,29.310533
2173,111.357444,27.878331
3524,109.609609,27.712051
3561,112.8521403,28.3590072
3521,113.011588,27.965494
3558,113.65048,27.737731
3534,109.782371,25.986252
3530,111.489179,27.572029
3562,113.047794,27.852961
3825,128.6907286,43.7374789
3833,125.755027,44.8669638
2236,123.8481347,46.2972086
2716,124.033104,45.704479
3832,124.857942,45.163371
2711,126.687582,42.05251
2730,126.939949,41.782451
2735,125.302278,43.889729
2232,126.7420146,41.734149
2237,128.1863241,41.4121428
2713,125.902096,43.804344
2728,126.741232,44.348903
2731,126.309242,42.764315
2709,126.657307,43.667467
2111,126.308376,43.628448
2721,126.909932,43.477863
2714,126.363826,44.42767
2725,126.52318,44.381638
2724,127.333863,41.997573
2703,126.618421,43.77763
2110,126.145747,41.274287
2706,126.474419,44.046496
3829,126.488645,44.3011504
3830,127.180088,44.628169
2723,126.137606,41.470043
2722,126.530466,44.835289
2708,124.689359,43.624848
2707,124.374963,43.252547
2717,125.288981,43.342228
3831,122.961691,44.623803
2702,123.168748,44.682265
2718,124.425027,45.211133
2712,124.792848,45.186471
6337,124.7062,45.3245
2234,124.7198445,45.3558586
2104,127.331612,44.069265
2238,126.1257127,41.0538998
2729,125.986323,40.904959
2701,125.941497,41.722564
2704,125.944944,44.598827
2719,128.659731,43.70963
2720,124.435076,45.33234
2732,128.493479,43.559974
2726,126.56626,43.829095
6372,129.6342,42.8658
2715,129.508946,42.891255
2700,130.308639,42.838181
2710,124.850294,44.885737
3826,129.0034,42.095669
6207,130.5272,42.565
3827,129.2105461,42.2662772
2233,130.5272044,42.5684939
2727,125.32599,43.896536
2235,125.9212005,44.7605131
2733,125.299937,44.846837
3834,125.029958,43.387278
3828,125.37562,43.716348
2181,122.829592,45.618322
2705,125.680294,44.758751
2734,125.886685,43.651058
3945,118.4779172,33.0408499
3192,119.607156,31.830233
3932,119.393936,33.187639
3138,119.239627,31.306263
3176,119.223289,31.346315
6328,119.9805,31.955
2429,118.417778,34.00457
3157,118.750332,33.121895
3191,118.872243,33.285402
3177,118.736352,33.104157
3169,119.265049,32.427353
2413,118.500556,33.028792
2378,116.916933,34.786621
3944,118.920997,33.014668
6378,118.9285,33.0479
2398,119.447306,33.647568
3131,118.983374,33.268901
2405,118.804565,34.056805
2383,119.501679,34.420654
2389,119.182412,34.661703
2420,119.639617,31.380975
2382,119.284184,34.475074
2414,119.580868,34.211619
2400,119.550954,32.442549
2412,119.144615,34.954826
2388,118.763232,32.061707
3933,119.168553,34.65195
2403,119.171402,34.625156
2402,119.157303,34.630774
2384,119.803875,31.744229
2164,118.912242,35.004221
2415,119.459167,34.668919
2409,119.151436,34.67746
2416,119.751725,34.50932
2418,118.994994,33.626576
2386,118.482669,34.605988
2423,118.7054204,34.7645984
2380,119.478663,32.331747
2422,119.367138,34.067903
2424,119.144453,34.786466
3188,118.394022,32.065877
3184,118.901999,31.800701
3174,121.193199,32.302834
3165,118.882541,31.46746
3114,118.826554,32.009033
2381,118.5239199,31.8864297
3126,120.945333,32.598956
3140,121.373409,32.171928
3163,119.182933,33.301657
3118,119.733919,31.581693
3121,120.026617,32.002485
3167,120.646561,32.07894
3135,121.591802,32.05804
3170,120.87278,31.260263
3133,121.822913,31.930388
3148,120.427174,31.452117
3158,121.276419,31.515118
3128,118.763232,32.061707
3180,120.973408,31.388542
3938,119.914114,31.2108663
3943,120.112206,31.232669
2419,120.2181405,31.1316451
2123,119.021234,31.620979
6216,120.1897,31.1347
3171,118.752935,32.032782
3113,120.640035,31.342268
3153,120.810987,31.768555
3164,120.661595,31.191479
3179,120.875192,31.433021
3172,120.558677,30.831855
3187,120.869564,31.460995
3149,119.949664,32.570502
3142,120.641046,31.16419
2411,118.637266,33.282706
3935,118.306989,33.309872
3119,118.304098,33.311428
3193,118.538133,33.401736
2394,117.990686,33.191976
2427,119.241225,32.238702
3934,118.306989,33.309872
3120,120.010409,31.547984
3166,120.845123,32.375163
2428,118.296812,34.072752
3190,118.296812,34.072752
3115,118.294211,33.909789
3132,121.022964,31.816204
6218,118.1131,33.4816
2410,118.099662,33.4756166
2426,120.398111,31.909695
3156,121.035126,31.547747
3159,119.87053,32.485833
3189,118.763232,32.061707
3168,119.893747,32.421756
3144,120.252139,31.953122
3134,120.412665,32.056126
3182,120.32641,31.910246
3946,120.254645,32.687943
2425,119.936482,31.318337
3137,120.288398,32.090435
3136,119.506363,31.635595
2179,120.977622,31.87893
3122,120.154207,31.678267
3178,120.284393,31.554449
3162,118.532748,31.925323
2406,119.838119,31.503261
3124,119.89146,31.211617
6212,120.2461,31.3789
3143,120.135477,31.405592
3936,118.734382,31.954642
2404,120.2294781,31.3994789
3123,118.897236,33.597258
3185,120.474809,31.671141
3186,120.204109,31.907854
3183,120.556522,31.577007
3141,120.993712,31.492944
3129,116.715063,34.639856
3117,118.925481,33.700643
2407,119.609473,33.39845
2421,117.179892,34.398537
2395,118.882275,34.1666
3949,119.16663,33.560551
3941,117.102731,34.141262
3173,117.9285451,34.5227503
3150,117.249737,34.217261
2396,118.1051302,34.6214143
2408,120.602195,31.894245
6214,117.0059,34.7589
2397,117.8784662,33.9821408
3160,119.911408,32.245055
2393,120.798311,33.051439
2391,120.333295,32.083269
2387,120.2997,33.223399
2399,120.58843,33.459693
2188,120.393063,33.731002
2430,120.043331,33.351703
2392,120.34031,33.798763
2379,120.247992,34.087534
3155,119.959148,32.538861
3175,120.315457,32.945673
2385,120.126341,33.400235
2417,120.701088,33.184199
2401,120.47589,33.617416
2390,120.05062,34.305619
2377,120.225024,34.060052
3161,119.119448,33.518002
2155,119.316931,33.22046
3152,119.50462,32.492358
3154,119.560684,32.410881
3147,120.062543,31.908105
3116,119.6991839,32.3252145
3125,119.396018,32.328114
3139,120.554152,31.782611
3130,120.304898,31.488754
3181,119.57278,32.123444
3151,119.850415,31.22454
3127,119.184865,32.084891
3937,119.1607,31.925363
3146,120.00259,31.758783
3145,118.503297,32.099615
3234,115.909228,28.675696
3959,117.886282,28.380294
3242,115.909228,28.675696
3950,117.713131,28.296352
3215,115.212355,26.807029
2137,115.024412,25.860693
3210,116.780174,28.540289
3221,115.616498,25.853142
3220,116.007183,26.445815
3212,115.507866,27.286929
2191,115.909228,28.675696
3194,114.564865,25.76277
3245,114.814769,24.907362
3218,115.077844,25.283983
2437,115.909228,28.675696
3211,116.360265,27.975141
2189,115.909228,28.675696
3206,115.455573,27.895566
3240,114.69945,26.511634
3235,114.831916,26.653952
3209,115.740841,28.077279
3231,114.504463,26.887366
3233,115.994774,28.422023
3236,114.51329,26.584506
3196,115.124723,27.449948
2449,117.1077,29.20291
2448,117.448049,29.676932
3214,117.805492,29.348431
3239,115.009313,28.719697
2435,117.713131,28.296352
3199,115.795165,29.287166
3223,114.643257,29.307041
3197,113.978794,28.943204
3202,115.826974,29.007762
3227,115.523104,28.831606
6234,116.1894,29.2455
2445,116.1272585,29.6051759
2434,116.1868837,29.2504565
2432,117.856331,29.258872
3201,114.5361,29.027675
2441,116.257957,29.738731
3962,116.50034,28.937415
2438,115.9811165,29.7294296
3205,116.479433,28.493828
6356,115.4868,29.2076
2436,116.09994,28.502825
2190,117.303815,29.637542
3198,115.889562,28.687873
3217,116.062341,29.016918
2442,115.790844,28.571832
3207,116.62703,29.406277
6233,116.0853,28.7682
2170,116.0913702,28.7685731
3203,116.386425,28.611744
3200,116.263514,28.904167
3246,115.733224,26.294256
3237,116.185114,29.819033
3241,113.666161,27.678079
3219,113.826919,27.582759
3222,117.700931,28.143197
2447,116.611057,29.061247
2440,117.572119,28.947317
3238,116.767532,29.573067
6236,116.4269,28.9406
2433,116.4236311,28.9010223
2446,117.151076,28.941453
3224,117.278338,28.287951
3953,115.909403,28.023014
3216,117.517337,28.330102
3243,117.709451,28.315217
2439,117.449588,28.378044
3213,114.452951,27.811853
3229,116.433667,28.712683
3208,114.968562,27.809566
3226,115.935611,28.549469
6393,114.7049,27.7532
3225,114.492474,26.235491
3232,116.648777,27.502703
3956,114.138478,27.00218
3244,115.521937,28.442408
2444,114.545317,25.704528
2431,115.456909,28.720414
2443,115.909228,28.675696
3195,115.874299,28.251621
6394,114.2951,28.7348
3230,116.873314,28.267969
3228,116.88053,28.408802
3204,116.71726,28.694779
3669,123.328585,40.234403
3681,122.803966,40.923266
3665,123.490455,40.486587
4102,122.926206,41.036863
2566,122.507547,41.003403
3667,125.36858,41.24599
2574,123.90975,41.370208
2560,123.704185,41.265244
3668,123.102284,41.305127
2562,120.702485,40.611139
2572,120.69456,41.599141
3670,122.582711,39.471652
3677,120.128193,41.48316
2144,120.98351,41.879991
4104,122.475631,39.510908
4119,122.211445,39.324437
3683,125.03679,41.72692
4105,121.669792,39.400898
3658,120.862859,40.95209
3657,123.075717,39.961939
3685,123.129198,39.781799
4112,124.507297,40.223583
4114,124.654708,40.465339
2558,124.3886435,40.1170344
6204,124.39,40.1157
6203,124.0815,41.8857
2568,124.0940416,41.8888159
2567,123.868182,41.864105
4103,124.380704,41.986207
2565,123.71503,41.940288
2564,124.659946,40.317253
2109,124.19027,41.32954
3688,124.130817,41.948698
4117,121.687474,42.024141
2570,119.485351,40.619733
3673,120.433988,40.210189
3674,120.469041,40.269321
2573,120.762881,40.607377
3682,120.59247,40.754672
4115,121.55659,40.99881
4106,122.282673,41.061356
3672,124.742974,40.375511
4107,121.57324,38.94363
4118,120.977806,41.039546
3664,124.083179,42.754086
2578,121.388707,41.124616
4111,123.42944,41.835441
4101,124.061637,40.453067
2576,123.42944,41.835441
4110,123.3651187,41.1048788
4100,122.274212,40.8774
3659,123.154762,41.330582
4109,124.132657,41.307508
3660,123.268332,40.981633
2102,122.1876454,41.1889225
3676,121.908957,41.125026
4116,121.987833,40.972106
2126,121.813325,41.149403
3656,122.231353,41.238406
2557,123.581661,41.81237
3684,123.384579,41.764823
2559,122.63783,41.251133
3675,122.951184,42.01371
3689,123.208802,42.148935
2577,122.753617,41.433116
3666,123.196401,41.797545
2563,121.842831,40.894132
3662,121.935696,41.5986
4108,124.036625,42.243274
3679,124.036625,42.243274
3661,121.463803,38.860947
2561,120.708427,40.544025
3678,122.117254,39.841474
3663,124.742974,40.375511
4113,123.55335,42.98273
2098,120.273091,40.363954
2571,123.5529584,42.2059018
3680,124.304236,42.524463
2569,123.890069,42.431383
3687,123.675436,42.621437
3686,124.253848,42.374136
6205,122.2336,40.6807
2575,122.217647,40.6805983
3671,122.652461,40.549855
3815,119.5411106,50.2368348
2675,117.396207,42.632207
2680,108.334851,40.893181
2671,107.041572,40.299739
2674,110.022067,40.545734
6489,108.7942,40.8675
2228,106.948099,40.966814
2223,109.9285814,40.5315391
2676,110.464922,40.875904
6332,109.9147,40.5317
6365,111.148,40.2585
2673,111.664859,40.819102
2225,112.528279,40.81746
2227,103.630837,38.342756
3818,122.476136,47.206055
3813,121.144429,42.760177
2154,117.8676958,47.8800106
3821,119.3613977,50.1992823
3819,125.07349,49.214612
2678,124.283193,50.14466
3820,119.371214,50.308321
6366,119.5411,50.2369
6353,118.0472,49.3061
2224,118.1028904,49.2773263
2679,104.435185,38.288916
2230,117.765285,48.966937
3816,117.758673,43.174106
2229,122.051897,46.097446
3812,120.807707,42.441301
2222,106.7539556,39.5163998
2672,112.436578,40.953413
3814,121.91548,46.357501
2677,111.695348,40.869045
2226,106.075203,39.055305
3817,122.236209,45.926269
2841,106.258754,38.471317
2843,106.8165,35.834736
2840,106.67004,38.813644
2249,106.7481134,39.3762768
2842,105.807845,37.492035
2250,105.297744,37.480632
2839,106.235269,38.522958
2845,106.29814,38.44729
2847,106.547491,38.147696
2248,105.1626375,37.4787797
6457,105.1241,37.4863
2844,105.563539,37.481685
2846,105.09761,37.536064
2140,101.080194,36.830163
3760,99.825521,36.980189
3763,102.356194,37.06595
2163,102.404068,37.02715
3758,102.815227,36.3246
4170,102.8097858,36.3348927
3756,100.84115,35.978848
3764,101.009202,36.121257
3759,97.461274,33.28621
4168,101.780199,36.620901
6198,94.566714,35.874223
3762,101.769897,36.753606
3757,101.631766,36.99726
4166,101.930057,36.556856
3761,100.796611,32.90242
4171,97.255347,33.011787
2968,121.025384,36.584928
2275,117.686232,38.010543
2286,117.327253,37.620396
2288,116.27445,37.44649
2276,118.126414,37.701315
2289,117.885594,37.864919
2265,117.683318,37.914529
2277,117.792787,38.063661
2290,115.556362,34.638468
2294,118.065234,37.10119
2291,116.233597,37.025299
3893,116.335396,37.569847
3882,116.459246,36.866154
3889,116.580564,36.997097
2956,118.909417,38.018599
2965,115.927885,36.748637
2266,118.730288,37.280543
2281,116.042865,34.862105
3886,116.175491,34.868596
3881,115.768534,35.406527
2151,116.117321,36.276864
2966,116.839637,36.665439
2296,118.537078,36.508114
2168,117.0045935,36.7282673
6237,116.9886,36.725
2271,116.990901,36.48392
2969,116.999244,35.104323
2292,115.88739,35.373248
2267,116.619434,35.337055
2282,116.008235,35.431478
2970,116.390365,35.093029
6396,116.6297,35.0878
2967,116.593313,35.389133
2293,117.020359,36.66853
2184,117.027314,34.879613
3891,116.398556,35.545109
2185,116.84332,35.538668
2278,116.765526,35.346292
6397,116.6635,35.2339
6398,116.6677,35.0394
3890,116.210637,35.109899
2957,118.106575,36.94308
6238,117.1695,34.8042
2264,118.229582,35.071916
2273,116.513133,35.225111
2295,117.455376,36.193418
2958,116.228742,36.863486
3892,115.2760986,36.4882979
3895,115.930108,36.031315
3884,117.533386,36.714252
2280,118.195764,34.507991
6401,118.1904,34.5087
3888,118.382936,34.926483
3897,115.476276,35.877443
2268,118.4786666,34.7022325
2951,116.827792,35.545375
2954,118.710756,34.764207
2953,118.753745,36.074312
2269,118.1425578,34.5999124
2955,118.096923,35.665166
2297,120.471352,37.075474
2963,116.317671,37.41156
2272,119.639585,35.80937
6395,120.4698,36.2594
2952,117.065407,36.665194
2274,120.524975,36.35474
2961,119.454681,35.341198
2960,118.818401,35.496218
6400,116.5525,35.8937
2284,116.313083,35.93722
3885,117.379726,36.272938
2270,115.517942,35.651181
2283,119.395341,36.937298
2279,118.793639,36.868794
2962,119.51198,36.467925
2287,118.854524,37.255764
3887,121.289911,37.535881
3880,121.175962,36.685903
2964,117.86615,37.505466
2285,116.951152,35.03919
3894,118.274968,35.144836
3883,117.7168927,34.5519243
2959,117.237479,34.90613
3896,117.073018,37.266821
2135,119.156486,35.909376
3902,114.125063,40.503436
2996,114.26629,40.527234
2978,113.808537,39.978412
2984,112.091637,35.804568
3901,113.489663,39.875333
3899,114.261962,39.420892
2973,114.422665,39.29562
2988,110.611691,35.721123
2979,113.436835,39.881319
3900,112.396587,39.255668
3903,112.641421,35.275713
2990,112.325978,35.802291
2999,112.623635,37.545849
2994,111.938469,37.116438
3000,112.892592,35.817267
3005,112.760715,38.437547
2972,111.311222,35.6432
3008,110.666933,36.451597
3906,110.797948,37.641851
2992,111.790879,38.204692
3002,110.89649,38.602968
3003,110.767014,37.191212
2975,110.638294,37.391903
6201,110.631,37.3924
2136,110.896829,38.507579
2981,112.040886,37.509128
2982,111.84924,37.061278
2974,112.7273,39.385192
2993,112.313511,40.248502
2997,111.885129,38.08174
3007,112.332332,37.473111
2971,112.369528,36.007278
3905,112.372973,37.560394
2976,112.928209,39.046414
2989,112.970149,38.507979
2983,112.751459,37.923195
2987,113.281555,38.510679
2995,111.064937,35.931234
2998,111.933908,37.394505
2298,111.4302725,39.5795193
3006,111.119482,36.392544
3001,113.648897,37.848604
3898,111.825047,35.13497
3904,110.7114536,35.5568882
3907,110.633701,35.661524
3004,112.736862,38.349717
2991,110.350121,34.827824
2985,112.893756,36.262111
2977,112.904166,36.851836
2128,111.163242,37.510809
2980,112.659155,37.011252
2986,112.799677,36.571283
3009,110.74778,34.787733
6347,109.5825,32.1658
3750,109.051295,32.712122
3739,109.597958,34.342738
3746,108.977515,32.664393
3738,107.312554,34.366644
3753,106.710551,34.881673
4154,107.271763,34.353997
3755,106.830416,34.194785
3748,106.484069,33.903743
4165,107.952694,33.216619
2158,108.954239,34.265472
2099,106.264817,33.042398
4153,108.73628,35.00617
2130,106.064492,33.573434
2117,106.138647,33.278916
2133,106.963432,33.22567
4163,110.48559,34.081339
4151,110.328793,33.692346
4157,109.908749,33.890881
4161,110.067047,33.227866
6199,109.462752,35.451425
2114,108.989429,34.889459
2159,110.050793,34.749162
4159,109.485973,34.564536
4162,110.2348456,34.613631
3740,109.10789,34.331984
3747,109.029633,34.341042
3737,107.892183,33.004823
4156,109.251996,34.460378
2134,108.187798,34.183074
4160,109.005226,34.45589
4155,108.761697,34.340908
4152,108.415865,34.255578
2116,109.261182,35.573981
4164,109.213974,32.059181
3742,110.337091,38.449826
2115,110.444343,36.069564
4158,110.104616,34.032457
6490,109.0897,36.8995
3752,109.042987,34.292807
3741,109.439328,33.999268
3743,110.712318,37.448286
3749,110.982543,38.966786
2162,110.484742,38.241967
3745,110.750542,38.421699
3744,110.424431,37.071869
3754,109.854869,37.993818
3751,109.181303,37.921796
2586,121.522058,31.392691
2208,121.423992,31.40073
2196,121.798307,31.579754
2202,121.745275,31.362887
2197,121.384665,31.626252
2201,121.6762,31.535298
2209,121.541336,30.872458
2211,121.225288,31.276424
2589,121.476553,31.241434
2210,121.312408,30.96988
2198,121.785769,31.193231
2200,121.754522,31.013867
2207,120.985569,31.088307
2204,120.9170361,31.1155091
2588,120.872697,31.032082
2203,121.041476,31.023111
2587,121.571838,30.924535
2206,121.204222,30.949895
2205,121.12989,31.005464
2199,121.194699,31.801399
2112,105.07645,31.264172
2814,104.371118,32.169199
2790,103.885342,30.217462
2765,105.298706,32.200873
2772,107.62806,31.676821
2736,104.394305,30.913256
6194,103.970525,30.317805
2747,104.035727,30.499615
2810,103.593384,31.025919
2766,103.869644,30.381788
2740,104.14104,30.915699
2763,104.537094,30.602938
2760,104.075931,30.651651
3849,107.240246,31.40885
2794,106.862146,31.040764
2755,106.825234,30.775219
2801,103.827306,29.401596
2741,105.649307,29.106833
2809,105.009724,31.450809
2803,105.781436,32.389563
2806,104.859137,31.018642
2750,102.423009,31.141915
2807,105.511944,30.558761
2754,105.827923,30.711993
2738,106.016657,31.938295
3845,101.44973,31.80927
2788,99.294566,32.246338
2784,99.056393,29.903359
2789,104.95491,28.898659
2161,106.667907,30.168904
2811,105.33388,32.1837
2792,106.092085,30.469907
2240,104.236215,29.528191
2804,105.857165,32.427518
2239,105.430637,32.78015
2749,107.989972,32.058476
2241,105.8766792,32.6570828
2742,105.739457,32.386776
2753,103.960365,30.899389
2781,103.755595,29.556038
2815,103.958521,29.15477
2771,107.21441,31.236052
2762,104.075931,30.651651
2779,103.489224,29.796617
2813,102.191008,27.611511
2777,102.201781,27.084924
2242,105.607798,29.08974
2148,102.269485,27.840777
2243,104.264181,28.920485
2791,106.619841,31.028382
2743,105.617896,28.46181
2761,104.400543,31.31484
2182,105.359266,28.950873
2759,103.57403,28.404328
2785,105.435826,28.8911868
6440,105.4459,28.9003
2786,105.401685,28.887274
2800,105.229785,28.74236
2773,105.549859,28.895583
2767,103.7652049,29.5168886
6261,103.891,30.2604
2795,105.190887,31.065617
2746,104.829939,31.351132
2798,103.874375,30.64638
2768,102.251128,27.888273
2816,105.024622,30.923649
2751,104.526629,31.865155
2776,106.022192,31.624272
2812,102.957199,29.989115
2176,102.917075,27.944155
2752,105.649402,31.535969
2756,102.131198,27.965618
2793,104.636796,29.891922
2817,101.5065686,26.5972815
2748,101.784912,26.598324
2782,101.908514,27.063134
2244,104.13284,30.632392
2757,104.003892,30.45568
2808,105.340003,30.321626
2783,105.271433,31.286621
2758,102.76319,30.107342
2739,102.824629,29.248483
2818,103.153212,29.926985
2737,105.414315,29.351175
2796,106.886959,31.667347
2787,104.891459,28.018072
6262,104.6233,28.7799
2764,104.6214833,28.7791268
2778,104.164944,29.040938
6442,104.2998,29.2443
2775,104.676341,28.778317
2805,105.415702,32.189997
2799,104.372125,31.535904
2744,102.864996,31.09342
2774,104.671059,30.088293
2769,104.464624,30.811037
6443,104.6532,29.9614
2797,103.661498,30.625746
2802,105.030264,29.434889
2780,103.74717,29.504172
2770,104.896536,31.376229
2745,101.077814,30.057141
2246,117.424182,38.871337
2837,117.200983,39.084158
2828,117.364817,39.399788
3863,117.369589,39.425671
2822,117.565847,38.763512
3870,116.991517,38.849567
3865,117.042801,39.1012
2831,117.311264,38.575858
3867,117.266353,38.572307
3864,117.210917,39.137218
3862,117.333968,38.838361
2832,117.236295,39.099467
2834,117.401466,39.880008
2836,117.719872,38.987431
2826,117.656499,39.057732
3869,117.5701,38.770583
3868,117.075969,39.439892
2823,117.178687,39.177685
2245,117.18897,39.1393072
2821,117.160843,39.150547
2827,117.172691,39.162712
2247,117.7155247,40.0214909
2838,117.975537,40.135123
2830,117.444056,40.037261
2819,117.613633,40.030984
2820,117.498843,40.040942
2835,117.107112,38.689473
2833,117.345251,39.047531
2824,117.083436,38.680679
2825,114.295174,38.075104
2829,117.145238,39.148061
2545,90.954869,29.438186
6454,90.9293,29.4426
2143,94.5904021,29.4748025
6271,94.6247,29.4782
3930,85.5442276,48.0266251
3111,83.354533,43.496815
6197,81.2973,40.54447
3108,77.429946,37.882358
3927,87.573626,43.652473
3093,87.033186,48.722821
3924,87.942574,47.321782
3102,81.302551,43.9216
2376,87.819778,47.329765
3101,89.661082,47.358937
3110,87.935061,46.599598
2373,90.988352,46.144595
3092,87.627704,43.793026
3095,87.284673,47.281648
3096,86.633666,41.974899
3097,86.775271,41.747452
3098,86.632002,41.97979
3926,78.5372,37.445847
3099,86.279858,42.051982
3103,81.312678,43.925264
3923,75.885192,39.492391
3107,81.158159,44.487779
6195,83.171831,41.741893
3925,81.301296,40.506678
3922,77.400724,38.379104
2374,82.814172,46.473199
3094,87.627704,43.793026
3109,87.548992,43.644475
3105,75.565924,39.214262
3100,81.879815,43.769566
3929,87.607432,43.796438
3112,82.48857,43.421744
3104,80.77015,42.926359
2372,80.6666489,43.838487
2375,87.609015,43.797645
3106,90.201337,42.871439
3797,102.6343829,24.687116
3794,100.16959,25.865376
2639,99.31376,24.426243
3800,99.342167,25.428822
2160,98.286565,24.517107
3793,98.977294,24.73834
6267,98.971,24.7355
6268,102.0548,25.1477
2595,103.264753,26.341758
2655,102.678433,25.029147
2594,98.561684,25.72075
2214,100.2283629,25.6182681
2638,102.682596,24.997978
2221,99.470554,25.199545
6270,100.241,25.649
2619,101.54699,25.03425
2601,100.220307,26.861431
2145,100.124072,25.958516
2604,100.178267,25.568941
2633,103.897452,27.731131
2665,98.518682,24.396192
2660,99.035696,27.559972
3796,98.1012409,24.1554068
3795,97.879546,23.981819
2592,99.151708,27.17941
2659,100.21412,25.588742
2217,103.9569181,22.5092497
6453,103.9583,22.5093
2670,100.061806,26.93877
2653,103.344087,23.018383
2654,100.228662,24.648205
3789,103.966272,22.505995
2662,102.6957,24.977869
2615,102.341173,23.532261
3801,99.2347,25.7492
2125,104.253525,23.366544
2618,103.971257,28.598761
2613,102.725061,24.924339
2648,102.682976,25.019045
3804,102.688312,24.678912
2608,100.221316,25.59304
6447,102.6777,25.033
2643,102.47833,25.211904
2651,100.188942,26.588653
2218,102.641488,24.656413
2640,102.641488,24.656413
2624,103.505731,26.743353
2656,102.470948,24.985816
2657,101.412186,22.42942
2141,102.482485,24.242784
2147,103.820802,25.55634
2641,102.710002,25.045806
3798,102.6637574,24.8351257
2627,102.7598514,24.8974354
2216,102.6365007,24.9704441
2220,102.774897,25.304817
6265,102.7492,24.89
2591,102.706839,24.946646
2642,102.748474,25.041489
2607,102.7676,24.824166
2634,100.620865,26.943372
2605,102.4234,24.200715
2212,102.691559,24.951581
6449,102.7077,24.969
2626,102.654327,24.992944
6448,102.6694,25.0115
2661,102.477035,24.876459
2617,103.233232,25.337579
2636,100.238235,25.717534
2628,102.646816,25.648198
2614,102.505553,25.220989
2645,103.436917,24.448543
2664,103.00313,24.912227
2646,100.219753,26.890883
2663,100.250903,27.3077
2625,99.1566,26.493989
2637,100.781291,27.662574
6451,100.777,27.701
2669,103.134416,25.090788
2603,100.489424,24.553494
2629,102.710002,25.045806
2668,102.202822,25.385831
2611,99.077975,23.589496
2616,99.676621,23.262287
2590,102.710002,25.045806
2623,98.871293,26.865534
2620,100.58072,22.49637
2213,102.274306,22.567284
6452,102.2871,22.5846
2649,98.233033,24.666808
2612,103.058091,22.683623
2652,104.487444,23.255495
2596,100.904089,27.188602
2175,103.363742,27.0311
2602,102.686743,25.09684
2650,103.920583,25.771733
3806,100.426897,26.884715
2609,99.813832,27.795905
2600,105.258513,23.435832
2215,104.778803,23.001322
2658,106.15664,23.900462
2598,101.247382,21.91636
2597,101.13535,21.675541
3805,100.9368773,21.8446659
2666,99.942277,24.573611
2599,98.971934,23.980477
2621,100.048093,21.69394
2647,101.999503,24.85047
2606,99.614273,23.603082
2622,102.964021,24.572973
2219,102.8342147,24.4073596
2644,103.10624,24.219417
2630,102.75097,24.111735
2593,103.108814,24.195343
2632,102.446686,24.155922
2139,102.776866,24.3712
2631,103.460126,27.330165
2667,103.862648,26.022763
3807,104.167562,26.452374
3790,102.825559,23.227246
2635,101.532609,25.858054
2610,102.710002,25.045806
3358,120.070573,30.442504
3392,122.099384,30.012424
3348,120.407333,30.147737
3370,119.866868,30.25332
3366,119.686874,29.809832
3367,119.691434,29.793535
3376,120.238368,29.772181
3357,121.288071,28.186716
6380,119.212,29.5071
3343,118.968529,29.546429
3361,121.593658,28.965018
3391,122.199853,30.245638
2505,118.7920482,29.6821828
3374,120.152791,30.267446
2479,120.177691,30.921099
2100,120.418512,30.84969
2108,120.554155,30.402384
2476,120.897324,29.506424
2474,119.704038,28.322041
2492,120.342285,30.939381
2502,119.780421,30.82326
2477,119.602837,30.640482
2507,119.973122,30.301193
2485,120.1005112,30.8909035
2482,120.101914,30.963576
2486,121.543023,28.439517
2484,119.833412,28.494492
2487,120.894048,30.848742
2481,121.121247,30.78938
2471,120.948967,30.505958
2483,120.805238,30.616051
2501,120.914013,30.856484
3350,120.152791,30.267446
3381,121.287508,30.788164
2499,120.7095199,30.8849975
2469,120.487901,30.742701
2495,119.538923,30.370015
2511,121.102536,30.814378
2464,120.221154,30.367019
2497,120.604399,30.030173
4020,120.7132892,30.9232021
2500,120.545629,30.402274
2490,120.994556,30.724406
2509,120.948956,30.505918
3355,120.051391,29.266018
3347,120.08912,29.302339
3345,119.416539,28.467694
3387,119.492445,29.200956
3359,119.526751,29.365627
3349,120.04101,29.237912
3351,120.435644,29.071245
3344,120.12163,30.288081
3368,119.902583,31.123297
3375,119.671617,29.071266
3383,119.931804,29.44436
3393,119.958275,28.401295
4027,120.111753,28.27734
3382,119.721589,27.635937
4021,120.686717,28.368346
3352,119.711093,28.269015
3346,120.590799,30.290266
3364,119.396815,28.536111
3354,119.709158,28.302934
3373,118.899071,28.971763
3356,119.638965,28.001303
3380,120.340033,28.125885
6220,120.2003,28.177
2489,119.538611,28.401886
2478,121.101439,28.212405
2494,121.827794,29.23126
2470,119.953649,30.389197
2475,121.31823,30.27792
2510,119.602925,28.186588
2503,121.093727,30.047365
4022,120.859505,29.630451
3377,121.532765,29.90894
2488,121.395288,29.767201
3385,119.366656,28.722889
2480,118.545013,28.892731
2473,118.813398,28.687516
2472,118.659728,28.769243
2506,119.815549,29.622386
2465,119.34579,28.575709
2493,120.152791,30.267446
2466,121.435589,28.824718
2508,118.918888,29.127464
2467,120.152791,30.267446
3363,120.726949,30.225321
2491,120.911908,30.736711
3362,120.83622,29.65592
3386,119.522168,28.440311
2496,120.313331,29.907382
3390,120.991562,29.432919
2498,120.801067,30.003568
3379,121.313909,28.401983
3384,121.480529,28.691077
3389,121.612773,28.498534
3388,120.733326,29.062154
3372,121.059509,28.945164
3365,120.937057,28.883511
3369,121.323929,28.670578
6382,121.3277,28.6919
3353,120.654718,29.980851
6355,121.0616,28.6074
2172,121.325079,30.000985
2152,121.377984,28.369489
2194,120.135191,30.280827
4030,120.274093,27.784936
2504,121.061852,28.165644
3378,120.690527,28.363673
3371,121.68638,28.276705
2512,119.936074,28.324525
3360,120.426483,28.151839
2468,122.215702,29.998926
4124,106.421929,29.831884
3690,109.550509,30.929362
4130,108.422913,31.334417
4138,108.426453,32.116549
3692,106.51258,29.413806
3720,105.687881,29.54633
3718,108.052345,29.909241
3721,109.574601,31.042249
3709,107.506786,29.207546
3712,107.271477,29.746691
3717,108.915397,28.406041
3702,106.049755,30.102043
3735,108.35898,31.16287
4144,106.103799,29.24257
2103,106.433255,30.078912
4143,106.588306,29.567942
3693,106.233565,29.967405
3703,106.602261,29.621463
3710,105.951826,29.061302
3695,106.597789,29.005539
3707,106.366631,29.251332
3722,106.594924,29.63389
3714,106.256699,29.261202
3699,106.644916,29.121704
2579,107.950317,30.933451
3730,109.124363,29.122363
3729,108.164057,29.300114
2138,106.741756,28.944771
3724,106.484536,29.72171
3733,106.977916,29.808129
3711,107.797662,29.972779
4121,108.360404,29.989201
3691,108.13505,31.17634
3719,105.77896,30.321895
4131,106.007094,29.375776
4120,106.295043,29.878835
3698,108.708795,30.763157
3731,108.609295,30.737812
3708,108.446025,30.828186
3726,109.655803,31.302134
3701,110.098175,31.005798
3734,107.3781,29.45246
3713,108.79675,31.22178
3723,107.544528,29.393512
4147,107.959745,29.367217
3700,105.761294,29.035039
4135,105.8508137,28.9994404
3696,106.551556,29.563009
3705,108.637456,28.653371
3725,107.376194,29.806015
2120,108.50076,28.630018
3706,106.821893,29.708068
4148,108.666903,31.093234
3704,108.674842,30.944318
3715,108.823067,31.245599
3716,109.010961,30.716465
3736,108.159455,30.412865
3694,107.261426,30.085963
3728,107.12328,29.818174
3697,108.002879,30.368252
3732,108.877248,28.211705
3727,106.718388,29.745967
4127,106.551556,29.563009
