date,period,n,r,p,slope
2004-02-21,daytime,6,-0.23643312187170934,0.6519586963751844,-0.010000000000004805
2004-02-21,nighttime,6,-0.845154254728495,0.03410942316741883,-0.033333333333328205
2004-02-22,daytime,6,0.9163795899052982,0.010196206928363573,0.026000000000000797
2004-02-22,nighttime,6,-0.9938586931957725,5.6457662208752384e-5,-0.012571428571427887
2004-02-23,daytime,6,0.6919053632355456,0.12776093123334684,0.013529411764701503
2004-02-23,nighttime,6,-0.9902674083052386,1.4162405984397683e-4,-0.01285714285714135
2004-02-24,daytime,6,0.9818579040880743,4.90717860904823e-4,0.06599999999999759
2004-02-24,nighttime,6,-0.9466276438515281,0.004196894130210428,-0.00428571428571295
2004-02-25,daytime,6,0.9227411624019362,0.00872281576151477,0.09034482758620596
2004-02-25,nighttime,6,0.6473084770515662,0.16465108519337374,0.1559999999999945
2004-02-26,daytime,6,0.7819915545368135,0.06611080537330016,0.09999999999999928
2004-02-26,nighttime,6,NA,NA,NA
2004-02-27,daytime,6,0.7878931238830699,0.06271271755085836,0.06487804878048581
2004-02-27,nighttime,6,NA,NA,NA
2004-02-28,daytime,6,0.9177827061558564,0.009861643672095787,0.10999999999999191
2004-02-28,nighttime,6,NA,NA,NA
2004-02-29,daytime,6,0.844300726855426,0.0344761440711777,0.16000000000000345
2004-02-29,nighttime,6,0.40895816457059725,0.42076122130911836,0.07749999999999332
2004-03-01,daytime,6,0.9371105177725919,0.005808263776241454,0.0724999999999984
2004-03-01,nighttime,6,-0.9834775229937677,4.072331155750237e-4,-0.06538461538461293
2004-03-02,daytime,6,0.9731548413384137,0.001071320665186873,0.07863636363636155
2004-03-02,nighttime,6,-0.9838991584287645,3.8676868122041364e-4,-0.05799999999999812
2004-03-03,daytime,6,-0.41403933560543177,0.41443008250089264,-0.014999999999997866
2004-03-03,nighttime,6,0.6446235865567854,0.16699792361633536,0.1519999999999873
2004-03-04,daytime,6,0.5484056971927197,0.2598576342721051,0.0041592920353979166
2004-03-04,nighttime,6,-0.730798148647008,0.09894997496488331,-0.01285714285714666
2004-03-05,daytime,6,-0.9429903335829047,0.004782509480209471,-0.017000000000012446
2004-03-05,nighttime,6,0.6999999999999734,0.12150000000002027,0.02800000000000365
2004-03-06,daytime,6,-0.8500000000000199,0.032062499999991716,-0.017000000000013532
2004-03-06,nighttime,6,0.6919053632356233,0.12776093123328608,0.013529411764705374
2004-03-07,daytime,6,0.6928203230275098,0.12704639298531778,0.02400000000000052
2004-03-07,nighttime,6,0.8875203139604001,0.018265991173060738,0.016000000000005225
2004-03-08,daytime,6,-0.9550230183179961,0.002988900704217584,-0.015862068965518946
2004-03-08,nighttime,6,0.7745966692415114,0.07048399691020314,0.020000000000014735
2004-03-09,daytime,6,-0.894427190999896,0.0161300899000985,-0.026666666666667886
2004-03-09,nighttime,6,-0.6928203230275098,0.12704639298531778,-0.023999999999997097
2004-03-10,daytime,6,-0.8660254037844642,0.025721420742496934,-0.014999999999998471
2004-03-10,nighttime,6,0.9707253433941503,0.0012729640079408952,0.010769230769235269
2004-03-11,daytime,6,-0.9775898005716862,7.476981656315853e-4,-0.013181818181820789
2004-03-11,nighttime,6,0.9819805060619621,4.8412775835652156e-4,0.008571428571432812
2004-03-12,daytime,6,-0.8875203139603853,0.018265991173065453,-0.016000000000010152
2004-03-12,nighttime,6,0.6928203230276176,0.1270463929852337,0.024000000000006762
2004-03-13,daytime,6,-0.8660254037844258,0.025721420742511325,-0.015000000000005126
2004-03-13,nighttime,6,0.849999999999975,0.03206250000001041,0.016999999999997135
2004-03-14,daytime,6,-0.9707253433941425,0.0012729640079415679,-0.010769230769232613
2004-03-14,nighttime,6,1,0,0.010000000000002077
2004-03-15,daytime,6,-0.8593378488473488,0.028287201688019577,-0.009999999999998392
2004-03-15,nighttime,6,0.8875203139603889,0.018265991173064305,0.0160000000000088
2004-03-16,daytime,6,-0.9349469900084446,0.006210192438565371,-0.011363636363640746
2004-03-16,nighttime,6,NA,NA,NA
2004-03-17,daytime,6,-0.8714212528966818,0.02373587761419604,-0.01125000000000576
2004-03-17,nighttime,6,0.9429903335829043,0.0047825094802095396,0.01700000000000155
2004-03-18,daytime,6,-0.9384615384615191,0.0055639508420608046,-0.00938461538461544
2004-03-18,nighttime,6,0.9384615384615302,0.005563950842058824,0.009384615384616655
2004-03-19,daytime,6,-0.9429903335828679,0.004782509480215595,-0.017000000000010097
2004-03-19,nighttime,6,0.9819805060619726,4.841277583559553e-4,0.008571428571429982
2004-03-20,daytime,6,-0.49999999999998335,0.3125000000000189,-0.02000000000001827
2004-03-20,nighttime,6,NA,NA,NA
2004-03-21,daytime,6,-0.8660254037844514,0.025721420742501763,-0.015000000000007641
2004-03-21,nighttime,6,0.971625413446948,0.001196253309784898,0.01363636363636559
2004-03-22,daytime,6,-0.9682458365518547,0.0014964810559002914,-0.012500000000000164
2004-03-22,nighttime,6,0.950000000000015,0.0036874999999977984,0.019000000000003077
2004-03-23,daytime,6,-0.8714212528966486,0.023735877614208027,-0.011250000000002163
2004-03-23,nighttime,6,0.6928203230275151,0.12704639298531378,0.02400000000000403
2004-03-24,daytime,6,-0.8944271909998862,0.016130089900101428,-0.010000000000002705
2004-03-24,nighttime,6,-0.1581138830084348,0.7648055990249536,-0.005000000000000266
2004-03-25,daytime,6,-0.894427190999896,0.0161300899000985,-0.026666666666676334
2004-03-25,nighttime,6,0.8329517575430214,0.03952692272807076,0.010487804878049574
2004-03-26,daytime,6,-0.8875203139604001,0.018265991173060738,-0.016000000000001697
2004-03-26,nighttime,6,-0.7745966692414948,0.07048399691021308,-0.02000000000000499
2004-03-27,daytime,6,-0.9667550799532456,0.0016394655098318505,-0.011250000000002636
2004-03-27,nighttime,6,0.8944271909999159,0.016130089900092542,0.026666666666676973
2004-03-28,daytime,6,0.3114159048151623,0.5479766791013527,0.002281879194629905
2004-03-28,nighttime,6,0.980468602923466,5.684878331848942e-4,0.00771428571428431
2004-03-29,daytime,6,NA,NA,NA
2004-03-29,nighttime,6,NA,NA,NA
2004-03-30,daytime,6,-0.7211102550928571,0.10582328368488798,-0.026000000000011056
2004-03-30,nighttime,6,0.9315885051121648,0.006860111514341249,0.01687500000000702
2004-03-31,daytime,6,-0.7745966692414811,0.07048399691022131,-0.020000000000011644
2004-03-31,nighttime,6,0.9716254134469262,0.0011962533097867251,0.013636363636372271
2004-04-01,daytime,6,-0.9716254134469476,0.0011962533097849282,-0.013636363636367894
2004-04-01,nighttime,6,0.9804686029234669,5.68487833184845e-4,0.007714285714285952
2004-04-02,daytime,6,-0.9716254134469483,0.00119625330978487,-0.013636363636366501
2004-04-02,nighttime,6,0.8730378697119892,0.02315579821861,0.012195121951219969
2004-04-03,daytime,6,-0.8499999999999783,0.03206250000000901,-0.017000000000001864
2004-04-03,nighttime,6,0.982707629823987,4.459536647409925e-4,0.00742857142857372
2004-04-04,daytime,6,-0.8660254037844131,0.02572142074251611,-0.015000000000002664
2004-04-04,nighttime,6,0.7905694150420948,0.061198819637512406,0.025000000000000504
2004-04-05,daytime,6,-0.7000000000000032,0.12149999999999754,-0.028000000000016276
2004-04-05,nighttime,6,0.9707253433941552,0.0012729640079404694,0.010769230769230446
2004-04-06,daytime,6,0.9091548272983931,0.012004402521811166,0.014374999999999156
2004-04-06,nighttime,6,-0.6507913734559366,0.16162758360675036,-0.003529411764707495
2004-04-07,daytime,6,-0.8660254037844258,0.025721420742511325,-0.015000000000006168
2004-04-07,nighttime,6,0.9341987329938334,0.006352256724745933,0.014545454545459831
2004-04-08,daytime,6,0.8332051183417116,0.03941063760414634,0.005846153846152241
2004-04-08,nighttime,6,0.9804686029234669,5.68487833184845e-4,0.0077142857142875896
2004-04-09,daytime,6,0.8660254037844131,0.02572142074251611,0.015000000000000666
2004-04-09,nighttime,6,NA,NA,NA
2004-04-10,daytime,6,0.9491775841769219,0.003808741860092506,0.00753846153846245
2004-04-10,nighttime,6,-0.9504969130435152,0.003615178393401682,-0.004968944099377195
2004-04-11,daytime,6,0.9438798074485464,0.004635839417903194,0.013999999999996269
2004-04-11,nighttime,6,NA,NA,NA
2004-04-12,daytime,6,0.7833494518006298,0.06532167682878755,0.014999999999994119
2004-04-12,nighttime,6,NA,NA,NA
2004-04-13,daytime,6,-0.36927447293799814,0.4712660955660483,-0.007499999999994448
2004-04-13,nighttime,6,-0.9491775841769223,0.0038087418600924444,-0.007538461538461372
2004-04-14,daytime,6,-0.3370999312315534,0.5135035083362733,-0.0025000000000004173
2004-04-14,nighttime,6,-0.9438798074485452,0.004635839417903391,-0.012727272727270993
2004-04-15,daytime,6,0.539359889970569,0.2694125126762216,0.015999999999980943
2004-04-15,nighttime,6,0.7808688094430338,0.0667665448119861,0.016666666666661285
2004-04-16,daytime,6,NA,NA,NA
2004-04-16,nighttime,6,NA,NA,NA
2004-04-17,daytime,6,0.7682733253465758,0.07432433482634435,0.011000000000002823
2004-04-17,nighttime,6,-0.9710083124552241,0.001248592903197706,-0.006285714285711153
2004-04-18,daytime,6,0.4417261042993682,0.38050607323868746,0.009999999999996824
2004-04-18,nighttime,6,-0.934198732993846,0.006352256724743519,-0.012000000000002637
2004-04-19,daytime,6,0.7808688094430303,0.06676654481198818,0.01666666666666391
2004-04-19,nighttime,6,-0.876459821202186,0.02195051770390219,-0.012999999999990833
2004-04-20,daytime,6,0.934198732993837,0.006352256724745235,0.00799999999999605
2004-04-20,nighttime,6,-0.9710083124552246,0.0012485929031976666,-0.0062857142857119745
2004-04-21,daytime,6,0.9506541513652428,0.0035924402802558356,0.015294117647059262
2004-04-21,nighttime,6,-0.9601829094043625,0.002346538033530963,-0.005999999999997547
2004-04-22,daytime,6,0.9269921553258681,0.007800646862801834,0.0030491803278658944
2004-04-22,nighttime,6,0.7936080043675526,0.059500576190493336,0.004844720496893585
2004-04-23,daytime,6,-0.9417632186960218,0.004988528362185015,-0.009756097560974411
2004-04-23,nighttime,6,-0.7808688094430304,0.066766544811988085,-0.016666666666663735
2004-04-24,daytime,6,-0.9349469900084612,0.0062101924385622445,-0.0076923076923077266
2004-04-24,nighttime,6,0.34921514788485264,0.49747088475107354,0.010000000000003057
2004-04-25,daytime,6,NA,NA,NA
2004-04-25,nighttime,6,-0.9231861823450104,0.008623929186336764,-0.012500000000000112
2004-04-26,daytime,6,0.6928203230276176,0.1270463929852337,0.023999999999998696
2004-04-26,nighttime,6,-0.9438798074485396,0.004635839417904299,-0.013999999999982854
2004-04-27,daytime,6,0.48890120703868206,0.32507784589293603,0.013999999999994829
2004-04-27,nighttime,6,-0.7006490497453204,0.12100391941039146,-0.01799999999999883
2004-04-28,daytime,6,NA,NA,NA
2004-04-28,nighttime,6,-0.9447549859466625,0.004493713155378213,-0.010909090909083815
2004-04-29,daytime,6,NA,NA,NA
2004-04-29,nighttime,6,NA,NA,NA
2004-04-30,daytime,6,0.7006490497454586,0.12100391941028589,0.018000000000001737
2004-04-30,nighttime,6,NA,NA,NA
2004-05-01,daytime,6,NA,NA,NA
2004-05-01,nighttime,6,-0.692820323027561,0.1270463929852779,-0.023999999999982514
2004-05-02,daytime,6,0.9045340337332909,0.013235599563682686,0.019999999999998293
2004-05-02,nighttime,6,-0.8971499589146098,0.015323215825427472,-0.009999999999995107
2004-05-03,daytime,6,0.5393598899706263,0.2694125126761608,0.01599999999998538
2004-05-03,nighttime,6,-0.9045340337332664,0.013235599563689375,-0.01999999999999236
2004-05-04,daytime,6,-0.48890120703868206,0.32507784589293603,-0.01399999999999843
2004-05-04,nighttime,6,0.5393598899705854,0.26941251267620425,0.01599999999999729
2004-05-05,daytime,6,NA,NA,NA
2004-05-05,nighttime,6,-0.9341987329938533,0.006352256724742134,-0.01199999999999682
2004-05-06,daytime,6,-0.6546536707079863,0.15830242337544997,-0.09000000000002611
2004-05-06,nighttime,6,NA,NA,NA
2004-05-07,daytime,6,-0.6546536707079661,0.15830242337546732,-0.09000000000001741
2004-05-07,nighttime,6,0.8980265101338758,0.015067698562846945,0.09999999999999952
2004-05-08,daytime,6,-0.8783100656536881,0.021311641128753896,-0.090000000000009725
2004-05-08,nighttime,6,0.9683296637314911,0.0014886324638933995,0.05181818181818726
2004-05-09,daytime,6,-0.6546536707079661,0.15830242337546732,-0.08999999999999567
2004-05-09,nighttime,6,NA,NA,NA
2004-05-10,daytime,6,-0.6933752452815289,0.12661387373191663,-0.10000000000001304
2004-05-10,nighttime,6,0.8783100656536881,0.021311641128753896,0.09000000000000886
2004-05-11,daytime,6,-0.6346138440695708,0.17586975181265507,-0.09400000000000984
2004-05-11,nighttime,6,0.9315885051121738,0.006860111514339462,0.05062500000000835
2004-05-12,daytime,6,-0.8451542547285201,0.03410942316740808,-0.07500000000001517
2004-05-12,nighttime,6,1.0215049089731703e-14,0.9999999999999847,6.039304686923545e-15
2004-05-13,daytime,6,-0.7816473428462251,0.0663115281213462,-0.035000000000000996
2004-05-13,nighttime,6,0.9683296637314911,0.0014886324638933995,0.05181818181818656
2004-05-14,daytime,6,0.669662008007752,0.1456610158708656,0.03800000000000101
2004-05-14,nighttime,6,-0.8983807948817296,0.014965010800110954,-0.027647058823519727
2004-05-15,daytime,6,-0.41403933560541684,0.4144300825009113,-0.015000000000002614
2004-05-15,nighttime,6,-0.6546536707080104,0.15830242337542932,-0.02999999999999957
2004-05-16,daytime,6,0.6546536707079605,0.15830242337547207,0.029999999999991298
2004-05-16,nighttime,6,0.41403933560540107,0.414430082500931,0.014999999999996273
2004-05-17,daytime,6,0.9169724692251011,0.010054178216228338,0.012391304347824749
2004-05-17,nighttime,6,NA,NA,NA
2004-05-18,daytime,6,-0.7772909266606907,0.06887588646013813,-0.012439024390244306
2004-05-18,nighttime,6,-0.6047431568147952,0.20346687059538118,-0.031999999999986775
2004-05-19,daytime,6,0.8783100656536774,0.021311641128757556,0.029999999999997137
2004-05-19,nighttime,6,-0.9683296637314914,0.0014886324638933683,-0.017272727272721486
2004-05-20,daytime,6,0.7559289460184688,0.08208627983472462,0.039999999999987386
2004-05-20,nighttime,6,0.8783100656536551,0.021311641128765203,0.029999999999997855
2004-05-21,daytime,6,0.5265724662943397,0.28314492874820546,0.09000000000000317
2004-05-21,nighttime,6,0.6210590034081472,0.18818715983078982,0.03599999999998451
2004-05-22,daytime,6,-0.8724397280825095,0.023369628132094,-0.15333333333332724
2004-05-22,nighttime,6,NA,NA,NA
2004-05-23,daytime,6,0.9561828874675169,0.0028378459267341958,0.09999999999999495
2004-05-23,nighttime,6,-0.9230930832457417,0.008644571102470222,-0.11470588235293336
2004-05-24,daytime,6,0.8280786712108245,0.041794680456045584,0.14999999999999994
2004-05-24,nighttime,6,-0.9165151389911701,0.010163649889538053,-0.10499999999999884
2004-05-25,daytime,6,NA,NA,NA
2004-05-25,nighttime,6,NA,NA,NA
2004-05-26,daytime,6,0.8280786712108225,0.04179468045604649,0.15000000000000188
2004-05-26,nighttime,6,0.8280786712108225,0.04179468045604649,0.15000000000000188
2004-05-27,daytime,6,0.8280786712108205,0.04179468045604746,0.15000000000000363
2004-05-27,nighttime,6,-0.8280786712108328,0.04179468045604164,-0.15000000000000205
2004-05-28,daytime,6,0.8280786712108246,0.04179468045604552,0.1500000000000016
2004-05-28,nighttime,6,-0.6546536707079738,0.15830242337546074,-0.14999999999997174
2004-05-29,daytime,6,0.8280786712108328,0.04179468045604164,0.14999999999999003
2004-05-29,nighttime,6,-0.968329663731487,0.0014886324638937866,-0.08636363636362983
2004-08-25,daytime,6,0.5926893882340105,0.21506609247731823,0.019999999999993745
2004-08-25,nighttime,6,-0.7919709918123031,0.06041276359343409,-1.0229999999999866
2004-08-26,daytime,6,0.7574587114578203,0.08110551450241522,0.5682608695652159
2004-08-26,nighttime,6,0.764421672819875,0.07670875968301065,0.21000000000001023
2004-08-27,daytime,6,-0.6881284297915409,0.13072889554264458,-0.7566666666666633
2004-08-27,nighttime,6,-0.8028841851292573,0.05445253425491423,-0.28454545454542596
2004-10-08,daytime,6,NA,NA,NA
2004-10-08,nighttime,6,NA,NA,NA
2004-10-09,daytime,6,NA,NA,-1.0877919644084057e-14
2004-10-09,nighttime,6,NA,NA,NA
2004-10-13,daytime,6,NA,NA,NA
2004-10-13,nighttime,6,NA,NA,NA
2004-10-14,daytime,6,NA,NA,-1.0877919644084057e-14
2004-10-14,nighttime,6,NA,NA,NA
2004-10-15,daytime,6,NA,NA,-1.0877919644084057e-14
2004-10-15,nighttime,6,NA,NA,1.0877919644084297e-14
2004-10-16,daytime,6,0.522888950819952,0.2871488541870246,0.32249999999999557
2004-10-16,nighttime,6,0.9434498120395417,0.0047064640427354225,2.3980000000000072
2004-10-18,daytime,6,0.6579216473576255,0.15551180521246935,1.4740000000000053
2004-10-18,nighttime,6,NA,NA,NA
2004-10-22,daytime,6,0.4286773925806064,0.3963717130968083,0.12749999999999018
2004-10-22,nighttime,6,NA,NA,NA
2004-10-23,daytime,6,NA,NA,NA
2004-10-23,nighttime,6,0.42402395652916675,0.40208303778474813,0.12250000000001257
2004-10-24,daytime,6,0.8252100701754864,0.04315723037142097,0.6960000000000058
2004-10-24,nighttime,6,NA,NA,NA
2004-10-25,daytime,6,0.7578955937543349,0.08082639565678221,0.5600000000000013
2004-10-25,nighttime,6,NA,NA,NA
2004-10-26,daytime,6,NA,NA,NA
2004-10-26,nighttime,6,NA,NA,4.351167857632786e-15
2004-10-27,daytime,6,NA,NA,-4.351167857633659e-15
2004-10-27,nighttime,6,NA,NA,2.1755839288169417e-14
2004-11-01,daytime,6,-0.86614826490523,0.02567536743192888,-1.3725000000000205
2004-11-01,nighttime,6,NA,NA,NA
2004-11-02,daytime,6,NA,NA,5.438959822042073e-15
2004-11-02,nighttime,6,NA,NA,NA
2004-11-03,daytime,6,NA,NA,NA
2004-11-03,nighttime,6,NA,NA,NA
2004-11-06,daytime,6,0.9789537976925433,6.597528172323207e-4,4.736000000000016
2004-11-06,nighttime,6,NA,NA,NA
2004-11-20,daytime,6,NA,NA,NA
2004-11-20,nighttime,6,NA,NA,NA
2004-11-21,daytime,6,NA,NA,NA
2004-11-21,nighttime,6,0.8203872139096243,0.04549390753341152,2.995000000000101
2004-11-22,daytime,6,-0.7716548911431657,0.07225910614724537,-2.5975000000000374
2004-11-22,nighttime,6,NA,NA,NA
2004-11-23,daytime,6,NA,NA,NA
2004-11-23,nighttime,6,NA,NA,NA
2004-11-24,daytime,6,-0.89697790979374,0.015373611497804963,-0.6275000000000129
2004-11-24,nighttime,6,NA,NA,NA
2004-11-25,daytime,6,NA,NA,NA
2004-11-25,nighttime,6,NA,NA,NA
2004-11-26,daytime,6,NA,NA,NA
2004-11-26,nighttime,6,NA,NA,NA
2004-11-27,daytime,6,NA,NA,NA
2004-11-27,nighttime,6,NA,NA,NA
2004-11-28,daytime,6,NA,NA,-4.3511678576337025e-15
2004-11-28,nighttime,6,NA,NA,NA
2004-11-29,daytime,6,NA,NA,NA
2004-11-29,nighttime,6,NA,NA,NA
2004-11-30,daytime,6,-0.7905694150420948,0.061198819637512406,-0.005000000000001846
2004-11-30,nighttime,6,NA,NA,NA
2004-12-01,daytime,6,NA,NA,NA
2004-12-01,nighttime,6,NA,NA,NA
2004-12-02,daytime,6,NA,NA,-8.158439733062852e-15
2004-12-02,nighttime,6,NA,NA,NA
2004-12-03,daytime,6,NA,NA,NA
2004-12-03,nighttime,6,NA,NA,-3.26337589322326e-15
2004-12-04,daytime,6,NA,NA,-5.438959822041783e-15
2004-12-04,nighttime,6,NA,NA,NA
2004-12-05,daytime,6,NA,NA,-3.625973214694235e-15
2004-12-05,nighttime,6,NA,NA,NA
2004-12-06,daytime,6,NA,NA,NA
2004-12-06,nighttime,6,NA,NA,NA
2004-12-07,daytime,6,NA,NA,-2.175583928816406e-15
2004-12-07,nighttime,6,NA,NA,5.4389598220421364e-15
2004-12-08,daytime,6,NA,NA,-2.1755839288155055e-15
2004-12-08,nighttime,6,NA,NA,2.7194799110210434e-15
2004-12-09,daytime,6,-0.45071315341374707,0.36970973370691484,-0.1190384615384638
2004-12-09,nighttime,6,NA,NA,5.4389598220421364e-15
2004-12-10,daytime,6,-0.4763444107634686,0.33952560938874393,-0.4320000000000164
2004-12-10,nighttime,6,NA,NA,-1.5539885205834491e-15
2004-12-11,daytime,6,-0.3142007115051222,0.5442082077479842,-0.36600000000004984
2004-12-11,nighttime,6,NA,NA,2.7194799110209676e-15
2004-12-12,daytime,6,NA,NA,NA
2004-12-12,nighttime,6,0.781146939969818,0.0666038273175266,0.5019999999999932
2004-12-13,daytime,6,-0.6546536707079784,0.1583024233754567,-0.024285714285714063
2004-12-13,nighttime,6,-0.3142007115051222,0.5442082077479842,-0.3659999999999104
2004-12-14,daytime,6,-0.9869097424184968,2.559107258051968e-4,-0.5132499999999961
2004-12-14,nighttime,6,-0.8796097383056253,0.020868265569188093,-0.7099999999999909
2004-12-19,daytime,6,-0.8298315796280374,0.04097212867913768,-1.7475000000001153
2004-12-19,nighttime,6,-0.8423006687231885,0.035342700057130846,-1.1666666666666774
2004-12-25,daytime,6,NA,NA,NA
2004-12-25,nighttime,6,NA,NA,NA
2004-12-26,daytime,6,NA,NA,NA
2004-12-26,nighttime,6,-0.45101455744192076,0.36934953097785,-2.322499999999977
2004-12-30,daytime,6,NA,NA,NA
2004-12-30,nighttime,6,NA,NA,NA
2004-12-31,daytime,6,-0.42402395652916575,0.40208303778474935,-0.1225000000000203
2004-12-31,nighttime,6,NA,NA,NA
2005-01-01,daytime,6,0.8969779097937424,0.015373611497804281,0.6274999999999903
2005-01-01,nighttime,6,NA,NA,NA
2005-01-02,daytime,6,NA,NA,5.438959822042037e-15
2005-01-02,nighttime,6,NA,NA,NA
2005-01-03,daytime,6,NA,NA,NA
2005-01-03,nighttime,6,NA,NA,NA
2005-01-04,daytime,6,NA,NA,NA
2005-01-04,nighttime,6,NA,NA,NA
2005-01-05,daytime,6,NA,NA,NA
2005-01-05,nighttime,6,NA,NA,NA
2005-01-06,daytime,6,NA,NA,0
2005-01-06,nighttime,6,NA,NA,NA
2005-01-09,daytime,6,NA,NA,NA
2005-01-09,nighttime,6,NA,NA,NA
2005-01-10,daytime,6,NA,NA,NA
2005-01-10,nighttime,6,NA,NA,NA
2005-01-11,daytime,6,NA,NA,NA
2005-01-11,nighttime,6,NA,NA,NA
2005-01-12,daytime,6,0.4000000000000021,0.4319999999999973,0.0019999999999936974
2005-01-12,nighttime,6,NA,NA,NA
2005-01-13,daytime,6,NA,NA,NA
2005-01-13,nighttime,6,NA,NA,1.0877919644084784e-14
2005-01-14,daytime,6,NA,NA,NA
2005-01-14,nighttime,6,NA,NA,NA
2005-01-15,daytime,6,NA,NA,NA
2005-01-15,nighttime,6,NA,NA,NA
2005-01-16,daytime,6,NA,NA,NA
2005-01-16,nighttime,6,NA,NA,NA
2005-01-17,daytime,6,NA,NA,NA
2005-01-17,nighttime,6,NA,NA,NA
2005-01-18,daytime,6,NA,NA,-1.0877919644084312e-14
2005-01-18,nighttime,6,NA,NA,NA
2005-01-19,daytime,6,0.49999999999999994,0.31250000000000006,0.004999999999996843
2005-01-19,nighttime,6,NA,NA,5.438959822042087e-15
2005-01-20,daytime,6,NA,NA,0
2005-01-20,nighttime,6,NA,NA,NA
2005-01-21,daytime,6,NA,NA,0
2005-01-21,nighttime,6,NA,NA,NA
2005-01-22,daytime,6,NA,NA,0
2005-01-22,nighttime,6,NA,NA,NA
2005-01-23,daytime,6,0.883452208598774,0.019583524603800848,0.5000000000000023
2005-01-23,nighttime,6,0.9839346980566536,3.850677113666054e-4,0.9000000000000036
2005-01-24,daytime,6,NA,NA,0
2005-01-24,nighttime,6,NA,NA,NA
2005-01-25,daytime,6,NA,NA,0
2005-01-25,nighttime,6,NA,NA,-0
2005-01-26,daytime,6,NA,NA,-5.438959822042156e-15
2005-01-26,nighttime,6,NA,NA,NA
2005-01-27,daytime,6,NA,NA,NA
2005-01-27,nighttime,6,NA,NA,NA
2005-01-28,daytime,6,NA,NA,NA
2005-01-28,nighttime,6,NA,NA,NA
2005-01-29,daytime,6,NA,NA,NA
2005-01-29,nighttime,6,NA,NA,NA
2005-01-30,daytime,6,NA,NA,NA
2005-01-30,nighttime,6,NA,NA,NA
2005-01-31,daytime,6,NA,NA,-5.438959822041784e-15
2005-01-31,nighttime,6,NA,NA,NA
2005-02-01,daytime,6,0.8822898668584447,0.019968036465652383,0.5689655172413782
2005-02-01,nighttime,6,NA,NA,NA
2005-02-19,daytime,6,NA,NA,NA
2005-02-19,nighttime,6,NA,NA,NA
2005-02-20,daytime,6,NA,NA,NA
2005-02-20,nighttime,6,NA,NA,NA
2005-02-21,daytime,6,0.9999999999999999,1.848892746611764e-32,0.009999999999993686
2005-02-21,nighttime,6,NA,NA,NA
2005-02-22,daytime,6,-0.4122944576240598,0.416600604782954,-0.24000000000000565
2005-02-22,nighttime,6,0.8645589130639435,0.02627414689067649,1.362499999999929
2005-02-23,daytime,6,NA,NA,NA
2005-02-23,nighttime,6,NA,NA,NA
2005-02-24,daytime,6,0.5,0.31250000000000006,0.004999999999991466
2005-02-24,nighttime,6,NA,NA,NA
2005-02-25,daytime,6,-0.7071067811865476,0.11611652351681545,-0.007499999999994944
2005-02-25,nighttime,6,NA,NA,NA
2005-02-26,daytime,6,1,0,0.009999999999996527
2005-02-26,nighttime,6,NA,NA,NA
2005-02-27,daytime,6,0.31622776601683794,0.5414697392755848,0.002499999999992874
2005-02-27,nighttime,6,0.7071067811865476,0.11611652351681545,0.007499999999992456
2005-02-28,daytime,6,0.8867837437710013,0.018501282516061257,3.2449999999998393
2005-02-28,nighttime,6,0.4324034273442912,0.3918186823177916,0.6375000000000204
2005-03-01,daytime,6,NA,NA,NA
2005-03-01,nighttime,6,NA,NA,NA
2005-03-02,daytime,6,0.6123724356958172,0.19626117814924818,0.007499999999996372
2005-03-02,nighttime,6,-0.5000000000000001,0.31250000000000006,-0.0049999999999929415
2005-03-03,daytime,6,-0.3950104898622943,0.4383016577929029,-0.11250000000001036
2005-03-03,nighttime,6,0.44020399977292407,0.3823452693454147,0.260000000000008
2005-03-04,daytime,6,0.5000000000000001,0.31250000000000006,0.004999999999998658
2005-03-04,nighttime,6,NA,NA,NA
2005-03-05,daytime,6,0.32710381230546304,0.5268438291474972,0.18000000000001992
2005-03-05,nighttime,6,NA,NA,NA
2005-03-06,daytime,6,0.9999999999999999,1.848892746611764e-32,0.009999999999996406
2005-03-06,nighttime,6,-0.7016464154456229,0.1202433406335648,-0.002461538461537824
2005-03-07,daytime,6,-0.8969779097937417,0.01537361149780446,-0.6274999999999883
2005-03-07,nighttime,6,0.7714758917074055,0.0723677642223715,0.10818181818182407
2005-03-08,daytime,6,NA,NA,NA
2005-03-08,nighttime,6,-0.9409437597251304,0.005128475834497799,-0.35399999999999426
2005-03-09,daytime,6,NA,NA,NA
2005-03-09,nighttime,6,NA,NA,NA
2005-03-10,daytime,6,NA,NA,NA
2005-03-10,nighttime,6,NA,NA,NA
2005-03-11,daytime,6,NA,NA,-5.4389598220419005e-15
2005-03-11,nighttime,6,-0.8619672603857352,0.027264584346410835,-0.4094117647058776
2005-03-12,daytime,6,NA,NA,NA
2005-03-12,nighttime,6,NA,NA,NA
2005-03-13,daytime,6,NA,NA,0
2005-03-13,nighttime,6,NA,NA,NA
2005-03-14,daytime,6,NA,NA,0
2005-03-14,nighttime,6,NA,NA,NA
2005-03-15,daytime,6,NA,NA,NA
2005-03-15,nighttime,6,NA,NA,NA
2005-03-16,daytime,6,NA,NA,0
2005-03-16,nighttime,6,NA,NA,NA
2005-03-17,daytime,6,-0.8969779097937406,0.015373611497804786,-0.6275000000000259
2005-03-17,nighttime,6,-0.7340317845664975,0.09670146245142641,-0.20454545454545384
2005-03-18,daytime,6,-0.536352594043354,0.2726184851996437,-0.09800000000000768
2005-03-18,nighttime,6,0.7088747614211357,0.11479385646690124,0.07184615384615456
2005-03-19,daytime,6,NA,NA,-5.438959822042156e-15
2005-03-19,nighttime,6,NA,NA,NA
2005-03-20,daytime,6,NA,NA,NA
2005-03-20,nighttime,6,NA,NA,NA
2005-03-21,daytime,6,NA,NA,0
2005-03-21,nighttime,6,NA,NA,NA
2005-03-22,daytime,6,NA,NA,NA
2005-03-22,nighttime,6,NA,NA,NA
2005-03-23,daytime,6,-0.4244922903899242,0.40150698360496595,-0.15250000000001196
2005-03-23,nighttime,6,NA,NA,5.4389598220422745e-15
2005-03-24,daytime,6,NA,NA,NA
2005-03-24,nighttime,6,NA,NA,5.4389598220422745e-15
2005-03-25,daytime,6,-0.30151134457776263,0.5614380442505269,-0.1666666666666851
2005-03-25,nighttime,6,0.9650857361584474,0.001807228383991413,0.42700000000000815
2005-03-26,daytime,6,NA,NA,-4.3511678576337136e-15
2005-03-26,nighttime,6,0.9804686029234595,5.684878331852756e-4,0.3115384615384565
2005-03-27,daytime,6,NA,NA,-5.438959822041791e-15
2005-03-27,nighttime,6,-0.8619672603857311,0.027264584346412445,-0.40941176470587254
2005-03-28,daytime,6,NA,NA,0
2005-03-28,nighttime,6,NA,NA,NA
2005-03-29,daytime,6,-0.8280786712108247,0.04179468045604543,-0.7500000000000513
2005-03-29,nighttime,6,NA,NA,NA
2005-03-30,daytime,6,-0.8280786712108247,0.04179468045604543,-0.750000000000039
2005-03-30,nighttime,6,NA,NA,NA
2005-03-31,daytime,6,-0.8280786712108247,0.04179468045604543,-1.500000000000072
2005-03-31,nighttime,6,NA,NA,NA
2005-04-01,daytime,6,NA,NA,NA
2005-04-01,nighttime,6,0.9863834659787912,2.7685267734817333e-4,0.4757142857142883
2005-04-02,daytime,6,0.8976782428002407,0.015168971795417496,1.8774999999999427
2005-04-02,nighttime,6,0.8955638059643414,0.01579083940207287,0.2660975609756134
2005-04-03,daytime,6,NA,NA,0
2005-04-03,nighttime,6,0.922014402596867,0.00888548551731595,0.16044943820224467
2005-04-04,daytime,6,0.8452587172781671,0.03406466733786634,0.08500000000000069
2005-04-04,nighttime,6,0.42640143271122066,0.3991616175432799,0.3900000000000062
2005-04-05,daytime,6,0.7390156292596726,0.09328106908165296,0.4525000000000121
2005-04-05,nighttime,6,-0.970488797829101,0.0012935157642700989,-0.3991428571428556
2005-04-06,daytime,6,-0.826988829646883,0.04230993759180497,-1.415000000000069
2005-04-06,nighttime,6,0.3362694796977802,0.5146079798331863,1.1066666666666212
2005-04-07,daytime,6,-0.8269888296468825,0.04230993759180521,-1.4150000000000513
2005-04-07,nighttime,6,NA,NA,NA
2005-04-08,daytime,6,NA,NA,NA
2005-04-08,nighttime,6,0.9403976032924575,0.00522280140117838,3.189999999999995
2005-04-09,daytime,6,-0.8066196048700346,0.05247814140533481,-1.1650000000000393
2005-04-09,nighttime,6,NA,NA,NA
2005-04-10,daytime,6,-0.1698415551216811,0.7476873051317332,-0.037500000000001775
2005-04-10,nighttime,6,0.8452587172781674,0.034064667337866256,0.08499999999999942
2005-04-11,daytime,6,0.8371213775625401,0.03763362869017037,0.0824999999999972
2005-04-11,nighttime,6,NA,NA,NA
2005-04-12,daytime,6,0.9281909617845162,0.0075496639380959185,0.05600000000000338
2005-04-12,nighttime,6,NA,NA,NA
2005-04-13,daytime,6,NA,NA,NA
2005-04-13,nighttime,6,0.8504339306367196,0.03188211649046094,1.175294117647043
2005-04-14,daytime,6,NA,NA,NA
2005-04-14,nighttime,6,NA,NA,NA
2005-04-15,daytime,6,-0.8280786712108295,0.04179468045604323,-0.0900000000000108
2005-04-15,nighttime,6,-0.8518354762786866,0.03130278153162312,-0.2619999999999843
2005-04-16,daytime,6,NA,NA,NA
2005-04-16,nighttime,6,0.8280786712108295,0.04179468045604323,0.09000000000000345
2005-04-17,daytime,6,-0.1304774624727392,0.8053944544732293,-0.16999999999994528
2005-04-17,nighttime,6,-0.6378418349554819,0.1729877373067129,-0.15272727272727
2005-04-18,daytime,6,NA,NA,NA
2005-04-18,nighttime,6,-0.9176629354822464,0.00988999066389147,-0.23999999999998392
2005-04-19,daytime,6,-0.8280786712108276,0.04179468045604409,-0.09000000000000631
2005-04-19,nighttime,6,NA,NA,NA
2005-04-20,daytime,6,NA,NA,NA
2005-04-20,nighttime,6,0.6696040361418002,0.14570898106365357,0.1649999999999977
2005-04-21,daytime,6,-0.8280786712108253,0.04179468045604514,-0.8400000000000134
2005-04-21,nighttime,6,0.9804686029234608,5.684878331851966e-4,0.037384615384615905
2005-04-22,daytime,6,-0.8946896718064787,0.016051438101082446,-0.7499999999999905
2005-04-22,nighttime,6,NA,NA,NA
2005-04-23,daytime,6,NA,NA,NA
2005-04-23,nighttime,6,NA,NA,NA
2005-04-24,daytime,6,NA,NA,NA
2005-04-24,nighttime,6,0.3568239185795324,0.4874801231295348,0.28249999999999637
2005-04-25,daytime,6,NA,NA,NA
2005-04-25,nighttime,6,NA,NA,NA
2005-04-26,daytime,6,-0.8280786712108222,0.041794680456046604,-0.09000000000000374
2005-04-26,nighttime,6,NA,NA,NA
2005-04-27,daytime,6,-0.8910723368952171,0.017151627480836568,-0.7175000000000064
2005-04-27,nighttime,6,-0.916862543058179,0.010080438855168662,-0.26454545454545225
2005-04-28,daytime,6,0.4997042988490711,0.3128327293612451,0.969999999999969
2005-04-28,nighttime,6,0.16020239800948197,0.7617521849050758,0.17000000000001445
2005-04-29,daytime,6,NA,NA,NA
2005-04-29,nighttime,6,NA,NA,NA
2005-04-30,daytime,6,-0.5582431150440381,0.24961947882080684,-0.2175000000000124
2005-04-30,nighttime,6,0.8719693678750385,0.023538435148199602,0.16727272727272813
2005-05-01,daytime,6,-0.8280786712108276,0.04179468045604409,-0.0900000000000049
2005-05-01,nighttime,6,-0.9033135041883706,0.013570491564817783,-0.5374999999999961
2005-05-02,daytime,6,0.9116746901948825,0.011357511743251614,1.4923529411764986
2005-05-02,nighttime,6,-0.46025885832656516,0.3583619203869437,-0.03446153846153473
2005-05-06,daytime,6,-0.8629665920291665,0.02688061506946882,-1.4675000000000609
2005-05-06,nighttime,6,NA,NA,NA
2005-05-07,daytime,6,-0.916515138991168,0.010163649889538556,-1.1130000000000513
2005-05-07,nighttime,6,0.5039249103043187,0.30809605982978044,0.3449999999999892
2005-05-08,daytime,6,-0.7934443234531835,0.05959149673795341,-1.7175000000000011
2005-05-08,nighttime,6,-0.2951694255537613,0.5701041782619845,-0.056153846153842314
2005-05-09,daytime,6,NA,NA,NA
2005-05-09,nighttime,6,-0.946472960258469,0.004221034637302367,-0.6049230769230743
2005-05-10,daytime,6,-0.9516547918963905,0.0034493910799551983,-0.7766666666666732
2005-05-10,nighttime,6,-0.9298885029728108,0.00720111221393082,-0.9736363636363565
2005-05-11,daytime,6,-0.828078671210825,0.041794680456045286,-1.4700000000000244
2005-05-11,nighttime,6,-0.9675303321623557,0.0015643029444121549,-2.050999999999935
2005-05-12,daytime,6,NA,NA,NA
2005-05-12,nighttime,6,NA,NA,NA
2005-05-13,daytime,6,-0.7019133053715579,0.12004016866712951,-0.9700000000000267
2005-05-13,nighttime,6,-0.8614525896065913,0.027463341953528588,-4.787499999999867
2005-05-14,daytime,6,-0.40634243246412977,0.4240327985317036,-0.3475000000000247
2005-05-14,nighttime,6,-0.9667823232960673,0.0016367946428917162,-1.1959999999999662
2005-05-15,daytime,6,-0.8280786712108251,0.04179468045604526,-0.7200000000000379
2005-05-15,nighttime,6,0.44482657140086657,0.376769210675294,1.2599999999999283
2005-05-16,daytime,6,NA,NA,NA
2005-05-16,nighttime,6,NA,NA,NA
2005-05-17,daytime,6,-0.7535518256561214,0.08362082921581519,-0.8325000000000288
2005-05-17,nighttime,6,-0.9010078105475546,0.014214145676589173,-1.76272727272723
2005-05-18,daytime,6,-0.8179543570466542,0.046694371792882855,-1.5025000000000428
2005-05-18,nighttime,6,-0.8969880612305882,0.01537063578392015,-1.9074999999999709
2005-05-19,daytime,6,-0.8280786712108251,0.04179468045604526,-0.7200000000000156
2005-05-19,nighttime,6,-0.954173749972465,0.003101949189369861,-0.654769230769215
2005-05-20,daytime,6,0.8280786712108119,0.041794680456051454,0.029999999999991856
2005-05-20,nighttime,6,-0.9772533164476918,7.702327198338971e-4,-0.7290769230769161
2005-05-21,daytime,6,-0.844361823048933,0.034449832564914885,-2.053333333333367
2005-05-21,nighttime,6,0.709333420104679,0.11445180851717016,1.0299999999999876
2005-05-22,daytime,6,NA,NA,NA
2005-05-22,nighttime,6,NA,NA,NA
2005-05-23,daytime,6,NA,NA,NA
2005-05-23,nighttime,6,0.6586530104965151,0.1548901563285896,0.7850000000000391
2005-05-25,daytime,6,NA,NA,NA
2005-05-25,nighttime,6,NA,NA,NA
2005-05-26,daytime,6,NA,NA,NA
2005-05-26,nighttime,6,-0.7596060557951623,0.07973777993653831,-4.407499999999945
2005-05-27,daytime,6,NA,NA,NA
2005-05-27,nighttime,6,-0.8768469010584977,0.021816116491171673,-2.0299999999999816
2005-05-28,daytime,6,NA,NA,NA
2005-05-28,nighttime,6,-0.887696046473798,0.018210068241691867,-1.02999999999998
2005-05-29,daytime,6,-0.8669051741313473,0.025392512653005166,-1.3425000000000549
2005-05-29,nighttime,6,0.3618564392747864,0.4809060971198858,0.0975000000000089
2005-05-30,daytime,6,-0.7019133053715579,0.12004016866712951,-0.9699999999999922
2005-05-30,nighttime,6,-0.9619717495698378,0.002141724510234749,-0.7689999999999853
2005-05-31,daytime,6,NA,NA,NA
2005-05-31,nighttime,6,NA,NA,NA
2005-06-01,daytime,6,-0.7574238644093142,0.08112779654305233,-0.8425000000000226
2005-06-01,nighttime,6,NA,NA,NA
2005-06-02,daytime,6,NA,NA,NA
2005-06-02,nighttime,6,-0.8979011905566796,0.01510410282017453,-1.9175000000000035
2005-06-03,daytime,6,NA,NA,NA
2005-06-03,nighttime,6,NA,NA,NA
2005-06-04,daytime,6,0.08294313028280302,0.8758706108151344,0.047999999999998204
2005-06-04,nighttime,6,-0.8975067035133065,0.015218974060834969,-2.5299999999999705
2005-06-05,daytime,6,NA,NA,NA
2005-06-05,nighttime,6,-0.91992156092562,0.009362080853205808,-3.78249999999997
2005-06-06,daytime,6,-0.5399106300687581,0.268826970958038,-0.5340000000000058
2005-06-06,nighttime,6,-0.8280786712108241,0.04179468045604572,-0.7799999999999784
2005-06-07,daytime,6,NA,NA,NA
2005-06-07,nighttime,6,-0.9131481577373829,0.010987291502544926,-4.267499999999952
2005-06-09,daytime,6,0.5222329678670936,0.28786413472669065,0.5000000000000018
2005-06-09,nighttime,6,0.9527568377815755,0.00329515317088053,1.9374999999999745
2005-09-13,daytime,6,-0.897136697568462,0.01532709743169417,-1.2375000000000336
2005-09-13,nighttime,6,NA,NA,NA
2005-09-14,daytime,6,0.9279442740176236,0.0076009838095639,1.9899999999999671
2005-09-14,nighttime,6,0.3950104898622959,0.43830165779290076,0.1125000000000059
2005-09-22,daytime,6,NA,NA,NA
2005-09-22,nighttime,6,-0.8645589130639444,0.026274146890676142,-1.3625000000000436
2005-09-23,daytime,6,NA,NA,NA
2005-09-23,nighttime,6,NA,NA,NA
2005-09-24,daytime,6,0.444117394097844,0.377622823936747,0.13499999999998913
2005-09-24,nighttime,6,NA,NA,NA
2005-09-25,daytime,6,0.7071067811865474,0.11611652351681565,0.007499999999992545
2005-09-25,nighttime,6,NA,NA,NA
2005-09-26,daytime,6,NA,NA,NA
2005-09-26,nighttime,6,NA,NA,NA
2005-09-27,daytime,6,0.457085748788456,0.36212024118109354,0.14000000000000448
2005-09-27,nighttime,6,NA,NA,NA
2006-01-23,daytime,6,-0.8337931330606005,0.03914137462852868,-0.2650000000000073
2006-01-23,nighttime,6,0.007865972953394081,0.9882012839176676,0.002500000000019781
2006-01-24,daytime,6,0.33882260699852407,0.5112146357293577,0.012941176470583772
2006-01-24,nighttime,6,NA,NA,NA
2006-01-25,daytime,6,-0.6341076582962706,0.1763234864258051,-0.1400000000000084
2006-01-25,nighttime,6,-0.9230930832457421,0.008644571102470116,-0.5276470588235238
2006-01-26,daytime,6,-0.8280786712108251,0.04179468045604526,-0.8100000000000247
2006-01-26,nighttime,6,NA,NA,NA
2006-01-27,daytime,6,NA,NA,NA
2006-01-27,nighttime,6,NA,NA,NA
2006-01-28,daytime,6,NA,NA,NA
2006-01-28,nighttime,6,NA,NA,NA
2006-01-29,daytime,6,NA,NA,NA
2006-01-29,nighttime,6,NA,NA,NA
2006-01-30,daytime,6,NA,NA,NA
2006-01-30,nighttime,6,NA,NA,NA
2006-01-31,daytime,6,-0.6872329711433325,0.1314368834586028,-0.05600000000001515
2006-01-31,nighttime,6,-0.8537655782769656,0.030513183703565747,-0.05500000000000815
2006-02-01,daytime,6,-0.9657175424311216,0.0017427844838547434,-0.2956934306569362
2006-02-01,nighttime,6,NA,NA,NA
2006-02-02,daytime,6,0.9667149908443958,0.0016433996568057925,0.3280000000000075
2006-02-02,nighttime,6,-0.84242536286413106,0.03528837869778745,-0.23899999999998564
2006-02-03,daytime,6,-0.6298438669251973,0.18016476882098942,-0.07599999999999793
2006-02-03,nighttime,6,0.2729736435545929,0.600709796973286,0.15200000000001793
2006-02-04,daytime,6,-0.8209220690651844,0.045231941413319154,-0.07750000000000908
2006-02-04,nighttime,6,-0.564781275572204,0.24290445622298504,-0.19352941176470795
2006-02-05,daytime,6,-0.8128917219051145,0.0492389772431418,-0.0750000000000085
2006-02-05,nighttime,6,NA,NA,NA
2006-02-06,daytime,6,-0.8209220690651798,0.045231941413321396,-0.07750000000001037
2006-02-06,nighttime,6,-0.765004451253253,0.0763457931198842,-0.5994117647058687
2006-02-07,daytime,6,-0.5433007655036769,0.2652334495496573,-0.200000000000005
2006-02-07,nighttime,6,0.9384788959578919,0.00556084540410387,0.36454545454544657
2006-03-04,daytime,6,NA,NA,NA
2006-03-04,nighttime,6,NA,NA,NA
2006-03-05,daytime,6,-0.7825855808712283,0.06576506015611663,-0.04000000000000994
2006-03-05,nighttime,6,NA,NA,NA
2006-03-06,daytime,6,NA,NA,NA
2006-03-06,nighttime,6,NA,NA,NA
2006-03-10,daytime,6,-0.7025292675286483,0.11957183548463488,-0.4200000000000204
2006-03-10,nighttime,6,NA,NA,NA
2006-03-11,daytime,6,0.6584983315824582,0.15502154324710954,1.0800000000000058
2006-03-11,nighttime,6,NA,NA,NA
2006-03-13,daytime,6,-0.8658436298799147,0.025789628876195327,-1.4175000000000646
2006-03-13,nighttime,6,0.8634215254715062,0.026706673997601686,1.4099999999999893
2006-03-14,daytime,6,NA,NA,NA
2006-03-14,nighttime,6,-0.6380838589589963,0.17277245572089384,-4.854000000000068
2006-03-15,daytime,6,NA,NA,NA
2006-03-15,nighttime,6,0.9859285340305471,2.9561611336160283e-4,0.8783076923076771
2006-03-16,daytime,6,-0.8802034860034113,0.02066719499730919,-2.203333333333391
2006-03-16,nighttime,6,-0.716872607435227,0.10889377612592327,-0.38818181818180253
2006-03-17,daytime,6,-0.8976019678774703,0.015191195513291423,-0.667499999999996
2006-03-17,nighttime,6,-0.7727098016731934,0.07162025075133513,-0.6305882352941038
2006-03-18,daytime,6,-0.8959518328927267,0.01567581779243936,-1.285000000000018
2006-03-18,nighttime,6,-0.23740508975501232,0.6505825804671284,-0.06454545454545066
2006-03-19,daytime,6,-0.23926515777849416,0.6479509671634285,-0.37199999999986844
2006-03-19,nighttime,6,-0.9267884701920254,0.007843687877421323,-0.9281818181818073
2006-03-20,daytime,6,-0.5910644489255679,0.21664963197176182,-0.12500000000000822
2006-03-20,nighttime,6,-0.9276691749683899,0.007658414040998932,-1.248181818181771
2006-03-21,daytime,6,-0.8975682383612799,0.015201028054268175,-0.5425000000000391
2006-03-21,nighttime,6,NA,NA,NA
2006-03-22,daytime,6,-0.9055738156930404,0.012953490128386874,-2.1600000000000823
2006-03-22,nighttime,6,NA,NA,NA
2006-03-23,daytime,6,-0.8139322398602696,0.04871087141926681,-0.9200000000000145
2006-03-23,nighttime,6,NA,NA,NA
2006-03-24,daytime,6,-0.8654324035122475,0.02594425254618432,-2.7950000000000403
2006-03-24,nighttime,6,NA,NA,NA
2006-03-26,daytime,6,-0.5045730077453481,0.3073710984026459,-0.16750000000000345
2006-03-26,nighttime,6,NA,NA,NA
2006-03-27,daytime,6,-0.8499999999999988,0.032062500000000514,-0.04249999999999977
2006-03-27,nighttime,6,NA,NA,NA
2006-03-28,daytime,6,-0.8485281374238807,0.03267792333679305,-0.04500000000000491
2006-03-28,nighttime,6,NA,NA,NA
2006-03-29,daytime,6,NA,NA,NA
2006-03-29,nighttime,6,NA,NA,NA
2006-03-30,daytime,6,NA,NA,NA
2006-03-30,nighttime,6,NA,NA,NA
2006-03-31,daytime,6,NA,NA,NA
2006-03-31,nighttime,6,0.05142832793175968,0.9229255187981363,0.06666666666664856
2006-04-01,daytime,6,-0.05509607029539059,0.9174395187377566,-0.10000000000005328
2006-04-01,nighttime,6,-0.6973906450407816,0.12350329683056929,-0.17999999999999594
2006-04-02,daytime,6,-0.8884815744350855,0.01796109725958722,-1.0349999999999875
2006-04-02,nighttime,6,0.9162561664568817,0.010225895490652923,2.1300000000000288
2006-04-03,daytime,6,NA,NA,NA
2006-04-03,nighttime,6,0.5783990443849768,0.22915181902874893,0.2299999999999979
2006-04-04,daytime,6,NA,NA,NA
2006-04-04,nighttime,6,0.8906017097844352,0.01729734025562715,0.5425000000000229
2006-04-05,daytime,6,0.8512925740451487,0.03152659733675868,2.2775000000000674
2006-04-05,nighttime,6,-0.9230930832457424,0.008644571102470076,-0.11470588235293389
2006-04-06,daytime,6,0.8280786712108225,0.04179468045604649,0.15000000000000188
2006-04-06,nighttime,6,0.957926113538838,0.0026180780352120293,0.4572727272727142
2006-04-07,daytime,6,0.6530510276380687,0.15967863755958664,0.30500000000001065
2006-04-07,nighttime,6,-0.1195861507768633,0.8214758654848573,-0.022499999999995142
2006-08-21,daytime,6,0.9223413151575394,0.008812132229163272,0.5166666666666491
2006-08-21,nighttime,6,-0.8653553264481776,0.02597328286600433,-4.009999999999937
2006-08-27,daytime,6,0.8654192855041009,0.025949192226096082,1.402500000000037
2006-08-27,nighttime,6,0.7801894976055713,0.06716473112382049,0.034999999999991295
2006-08-28,daytime,6,NA,NA,NA
2006-08-28,nighttime,6,NA,NA,NA
2006-08-29,daytime,6,NA,NA,NA
2006-08-29,nighttime,6,NA,NA,NA
2006-08-30,daytime,6,-0.9001203945241301,0.014465707129531423,-1.2150000000000398
2006-08-30,nighttime,6,NA,NA,NA
2006-08-31,daytime,6,-0.888481574435085,0.017961097259587368,-1.0349999999999622
2006-08-31,nighttime,6,NA,NA,NA
2006-09-10,daytime,6,NA,NA,NA
2006-09-10,nighttime,6,-0.8633704099779751,0.026726190971775737,-1.6652941176470275
2006-09-11,daytime,6,NA,NA,NA
2006-09-11,nighttime,6,-0.8447244478236136,0.03429386028001186,-0.40705882352938955
2006-09-12,daytime,6,-0.8770580193069213,0.02174297846527401,-0.025000000000002263
2006-09-12,nighttime,6,0.0061632314607760865,0.9907552698653099,0.009999999999933722
2006-09-13,daytime,6,NA,NA,NA
2006-09-13,nighttime,6,NA,NA,NA
2007-05-27,daytime,6,0.9071816922218687,0.012523031470050431,2.4225000000000305
2007-05-27,nighttime,6,0.848604986180709,0.03264565437592102,0.4936363636363847
2007-05-28,daytime,6,0.9971188183061673,1.2439853285119253e-5,1.1762500000000031
2007-05-28,nighttime,6,0.8867062707865645,0.018526114539544086,3.194999999999973
2007-05-29,daytime,6,0.9079567929099737,0.012318035142245241,0.6817647058823503
2007-05-29,nighttime,6,0.9041113202541884,0.01335112746249923,0.5775000000000121
2007-05-30,daytime,6,-0.5766573178345548,0.2308930081186456,-0.07363636363637617
2007-05-30,nighttime,6,0.9869587065467976,2.5400400122280566e-4,1.0803076923076782
2007-08-08,daytime,6,-0.9870858956440163,2.490842679662837e-4,-0.5050000000000177
2007-08-08,nighttime,6,0.7923158129693927,0.060220090209853895,1.6224999999999938
2007-08-09,daytime,6,-0.8267301277222828,0.04243268003812089,-0.7950000000000415
2007-08-09,nighttime,6,-0.8753321388899108,0.02234431472990377,-0.9549999999999876
2007-08-10,daytime,6,0.915382502517478,0.010437245565029299,0.4920000000000031
2007-08-10,nighttime,6,NA,NA,NA
2007-11-14,daytime,6,-0.966083439549562,0.0017059919385816434,-0.8450000000000485
2007-11-14,nighttime,6,NA,NA,NA
2007-11-15,daytime,6,-0.8813851896724895,0.020269785894312192,-0.49500000000003075
2007-11-15,nighttime,6,NA,NA,NA
2007-11-24,daytime,6,-0.9202393153278695,0.009288940790431967,-1.1064705882353005
2007-11-24,nighttime,6,-0.9632755773013845,0.0019982600274442183,-1.3425000000000487
2007-11-25,daytime,6,-0.2590889264773838,0.6200625507720463,-0.10799999999999921
2007-11-25,nighttime,6,NA,NA,NA
2007-11-26,daytime,6,NA,NA,NA
2007-11-26,nighttime,6,NA,NA,-5.43895982204202e-15
2007-11-27,daytime,6,0.8980265101338746,0.015067698562847296,2.500000000000094
2007-11-27,nighttime,6,NA,NA,-1.0877919644083801e-14
2007-11-28,daytime,6,-0.6650326205877919,0.1495125211389262,-1.127500000000069
2007-11-28,nighttime,6,0.45552657307065153,0.36397203789500737,0.13749999999999848
2007-11-29,daytime,6,0.883452208598774,0.019583524603800848,0.5000000000000214
2007-11-29,nighttime,6,NA,NA,NA
2007-11-30,daytime,6,0.8834522085987724,0.019583524603801403,0.5000000000000144
2007-11-30,nighttime,6,NA,NA,NA
2007-12-01,daytime,6,-0.8834522085987724,0.019583524603801403,-0.5000000000000304
2007-12-01,nighttime,6,NA,NA,NA
2007-12-03,daytime,6,0.8316802064446738,0.04011294878593551,1.1651724137930606
2007-12-03,nighttime,6,0.8479311244976077,0.032929122313674515,3.934999999999928
2007-12-04,daytime,6,0.7599464990941236,0.07952190143696221,0.8725000000000223
2007-12-04,nighttime,6,NA,NA,NA
2008-03-04,daytime,6,-0.487833899370045,0.32629697333546626,-0.6000000000000782
2008-03-04,nighttime,6,-0.7385489458760113,0.09359902097035792,-0.015000000000010496
2008-03-07,daytime,6,-0.8976019678774685,0.015191195513291941,-0.6675000000000523
2008-03-07,nighttime,6,NA,NA,NA
2008-03-09,daytime,6,-0.5700222693049943,0.23757394941231588,-0.22500000000001824
2008-03-09,nighttime,6,0.947665982156582,0.004036606638149302,1.0060000000000053
2008-03-10,daytime,6,0.9151754180891779,0.01048764921739204,0.5529999999999918
2008-03-10,nighttime,6,NA,NA,NA
2008-03-11,daytime,6,-0.6096620705689201,0.19880888330498214,-0.12800000000001552
2008-03-11,nighttime,6,NA,NA,NA
2008-03-12,daytime,6,-0.8976019678774698,0.015191195513291548,-0.6675000000000256
2008-03-12,nighttime,6,NA,NA,NA
2008-03-13,daytime,6,-0.6012539198630004,0.2067976530008185,-0.14400000000001142
2008-03-13,nighttime,6,NA,NA,NA
2008-03-15,daytime,6,NA,NA,NA
2008-03-15,nighttime,6,NA,NA,NA
2008-03-16,daytime,6,0.9959521330597333,2.4544677540288913e-5,0.7559999999999971
2008-03-16,nighttime,6,NA,NA,NA
2008-03-17,daytime,6,0.8976019678774703,0.015191195513291423,0.6674999999999809
2008-03-17,nighttime,6,NA,NA,NA
2008-03-18,daytime,6,0.9960488916984126,2.338604433311784e-5,0.5874999999999995
2008-03-18,nighttime,6,-0.7801894976054972,0.067164731123864,-0.035000000000014186
2008-03-19,daytime,6,-0.8976019678774698,0.015191195513291548,-0.6675000000000482
2008-03-19,nighttime,6,0.3912244608712351,0.44310304745192797,0.21499999999999345
2008-03-20,daytime,6,0.32004161693262223,0.5363279677932985,0.0824999999999841
2008-03-20,nighttime,6,-0.441325603942644,0.38098971040470697,-0.3620000000000506
2008-04-22,daytime,6,0.8280786712108172,0.041794680456048984,0.05999999999999408
2008-04-22,nighttime,6,-0.8851286243677298,0.019035260642554706,-2.5725000000000944
2008-12-26,daytime,6,0.37376139734359,0.46546468573848965,1.6600000000001405
2008-12-26,nighttime,6,NA,NA,NA
2009-01-10,daytime,6,-0.78400237591252675,0.06494377869118338,-0.22345132743363477
2009-01-10,nighttime,6,-0.9010054699635267,0.014214806377938993,-0.4182499999999986
2009-01-11,daytime,6,0.14230968652031084,0.7879765014408002,0.0724999999999907
2009-01-11,nighttime,6,-0.6426553201185508,0.16872722655991196,-0.4363636363636269
2009-01-12,daytime,6,-0.20774808018926727,0.6928610069207084,-0.13539823008849353
2009-01-12,nighttime,6,-0.9455773687097833,0.004362139099824493,-1.0304545454545289
2009-01-13,daytime,6,0.8767106903989488,0.02186336639065838,1.365882352941239
2009-01-13,nighttime,6,-0.9870588972283089,2.501245743275097e-4,-0.8696460176991035
2009-01-14,daytime,6,-0.9418323053736458,0.004976816411205266,-1.785000000000081
2009-01-14,nighttime,6,0.5810792605966574,0.22648271800963904,0.4325000000000075
2009-01-15,daytime,6,0.2695726515107255,0.6054358661014131,0.19784615384616983
2009-01-15,nighttime,6,-0.6283207055505808,0.18154533628404293,-0.2581249999999806
2009-01-16,daytime,6,0.5739919642678997,0.2335676942824431,0.7826562500000255
2009-01-16,nighttime,6,-0.5592105145017415,0.24862137758434408,-0.37999999999999456
2009-01-17,daytime,6,-0.889174618631911,0.017742804373118926,-0.15398230088495465
2009-01-17,nighttime,6,0.985963080855839,2.941697657125422e-4,1.3507627118644066
2009-01-23,daytime,6,0.9511128723443936,0.0035265079496884727,0.7003320754716994
2009-01-23,nighttime,6,0.9847379757416335,3.476165897363729e-4,0.6128504672897161
2009-05-23,daytime,6,0.9955529338328166,2.9620622768855664e-5,0.87740648379052
2009-05-23,nighttime,6,-0.8392703306822472,0.03667489262229006,-0.3376923076923009
2009-05-24,daytime,6,0.34363365043221,0.5048383570668148,0.09999999999997593
2009-05-24,nighttime,6,0.7897780570822138,0.06164470088023804,1.5999999999999905
2009-05-25,daytime,6,0.9992823328546004,7.723843815353754e-7,0.7897142857142916
2009-05-25,nighttime,6,NA,NA,NA
2009-08-05,daytime,6,0.9980608408627487,5.636861292326959e-6,0.14124999999999371
2009-08-05,nighttime,6,-0.6101702158476155,0.1983302087170819,-0.02199999999998618
2009-08-06,daytime,6,0.8641731921934718,0.02642045350609119,0.41499999999998727
2009-08-06,nighttime,6,-0.9298466740369489,0.007209604299457122,-0.32727272727270923
2009-08-07,daytime,6,0.7770811724037602,0.06900047477528357,0.6285365853658508
2009-08-07,nighttime,6,NA,NA,NA
2009-08-15,daytime,6,0.9871695528157174,2.4587448590988013e-4,0.5283695652173899
2009-08-15,nighttime,6,-0.9936124858978603,6.107019824546975e-5,-0.4408571428571339
2009-08-16,daytime,6,0.22333673760313097,0.6705648334804898,0.03671532846714479
2009-08-16,nighttime,6,0.9292026392464188,0.007340971822157597,0.6943750000000123
2009-08-19,daytime,6,0.9609924814035765,0.0022527031035905662,0.4301953125000001
2009-08-19,nighttime,6,-0.8342175454197074,0.03894756561334973,-0.4368571428571369
2009-08-20,daytime,6,0.9932946032945802,6.729277228564335e-5,0.7046885245901587
2009-08-20,nighttime,6,0.8863670754256038,0.01863502307278608,0.6785365853658537
2009-08-23,daytime,6,0.9761639819860991,8.454623467359439e-4,0.498327868852454
2009-08-23,nighttime,6,0.9637596728255994,0.0019462436487079169,1.17363636363633
2009-08-24,daytime,6,0.982089923873385,4.7828372532757765e-4,0.5661538461538466
2009-08-24,nighttime,6,-8.128402496138011e-4,0.9987807398941049,-1.5384615382976532e-4
2009-09-03,daytime,6,0.9939433307949066,5.4913773659232355e-5,0.1800495049504934
2009-09-03,nighttime,6,0.7252567768991091,0.10285642139982663,0.1513846153846196
2009-09-04,daytime,6,0.9085988312812069,0.012149469847409595,0.1589140271493179
2009-09-04,nighttime,6,0.9766340041563728,8.125760790545408e-4,0.24276923076923324
2009-11-22,daytime,6,0.8330215318157725,0.03949488239081013,2.6799999999998096
2009-11-22,nighttime,6,0.2361331787576169,0.6523834924296319,0.07521739130435093
2009-12-06,daytime,6,0.8972407544325343,0.015296652621794962,0.6100000000000199
2009-12-06,nighttime,6,NA,NA,NA
2009-12-07,daytime,6,0.8972407544325344,0.015296652621794932,0.6100000000000133
2009-12-07,nighttime,6,NA,NA,NA
2009-12-08,daytime,6,NA,NA,NA
2009-12-08,nighttime,6,NA,NA,NA
2009-12-13,daytime,6,-0.8832493059726966,0.019650388557789875,-2.650000000000037
2009-12-13,nighttime,6,NA,NA,NA
2009-12-17,daytime,6,0.9508356654323413,0.0035662793521266125,0.3605882352941124
2009-12-17,nighttime,6,NA,NA,NA
2009-12-18,daytime,6,0.8817473498170998,0.020148729754851057,0.9849999999999961
2009-12-18,nighttime,6,NA,NA,NA
2009-12-19,daytime,6,-0.8866206949335621,0.018553562292786305,-0.012352941176479995
2009-12-19,nighttime,6,NA,NA,NA
2010-01-09,daytime,6,NA,NA,NA
2010-01-09,nighttime,6,0.9113325726765857,0.011444321217166181,1.1574999999999434
2010-01-10,daytime,6,-0.7801894976055166,0.06716473112385261,-0.03500000000000198
2010-01-10,nighttime,6,NA,NA,NA
2010-01-11,daytime,6,0.9818874872660887,4.891236526072018e-4,0.37238938053096815
2010-01-11,nighttime,6,NA,NA,NA
2010-01-12,daytime,6,NA,NA,NA
2010-01-12,nighttime,6,NA,NA,NA
2010-01-13,daytime,6,-0.89838079488173606,0.014965010800109075,-0.02764705882353357
2010-01-13,nighttime,6,NA,NA,NA
2010-01-14,daytime,6,0.899197789066742,0.0147294986400651,0.5799999999999756
2010-01-14,nighttime,6,0.7562877008236267,0.08185579770654539,0.08676923076923518
2010-01-15,daytime,6,-0.8983807948817298,0.014965010800110885,-0.027647058823533282
2010-01-15,nighttime,6,0.8934028229220398,0.016438807609876777,0.670000000000029
2010-01-16,daytime,6,0.6477905245513225,0.16423121245154274,1.1500000000000048
2010-01-16,nighttime,6,0.981318701971679,5.202265425655362e-4,0.3328571428571339
2010-01-17,daytime,6,0.865365176636245,0.02596957202974642,0.8023529411764683
2010-01-17,nighttime,6,0.5450925136712212,0.26334176730015757,0.7407317073170622
2010-02-12,daytime,6,-0.4790247657442651,0.336422494739991,-0.15249999999999203
2010-02-12,nighttime,6,-0.8993061854352832,0.014698386845128308,-1.8575000000000805
2010-02-13,daytime,6,NA,NA,NA
2010-02-13,nighttime,6,0.9746075160854583,9.589810984898176e-4,0.2303076923076943
2010-02-14,daytime,6,0.6101702158478293,0.19833020871688062,0.021999999999997497
2010-02-14,nighttime,6,-0.9165151389911704,0.010163649889537978,-0.02099999999999586
2010-02-15,daytime,6,0.8770580193070652,0.02174297846522419,0.024999999999999734
2010-02-15,nighttime,6,NA,NA,NA
2010-02-16,daytime,6,0.9683296637315008,0.0014886324638924994,0.01727272727272346
2010-02-16,nighttime,6,-0.7548610383901289,0.08277408439491243,-0.08430769230769145
2010-02-17,daytime,6,0.7932774736415114,0.059684243162934705,0.40600000000000025
2010-02-17,nighttime,6,NA,NA,NA
2010-02-18,daytime,6,0.9429903335829014,0.004782509480210016,0.016999999999995474
2010-02-18,nighttime,6,0.4263828273210451,0.39918445165262456,0.4999999999999675
2010-03-18,daytime,6,-0.39614490033565747,0.4368663140062776,-0.6850000000000487
2010-03-18,nighttime,6,NA,NA,NA
2010-03-19,daytime,6,0.6446509006303847,0.16697397834486694,0.08199999999998239
2010-03-19,nighttime,6,NA,NA,NA
2010-03-20,daytime,6,0.9294537338877088,0.007289617023449374,0.06411764705882335
2010-03-20,nighttime,6,NA,NA,NA
2010-03-21,daytime,6,0.9294537338876936,0.007289617023452484,0.06411764705882113
2010-03-21,nighttime,6,NA,NA,NA
2010-03-22,daytime,6,0.92945373388771,0.007289617023449119,0.06411764705882185
2010-03-22,nighttime,6,-0.965733039654149,0.0017412183036044993,-1.0225714285714202
2010-10-21,daytime,6,0.3905281422926442,0.44398794547531356,0.6919999999999885
2010-10-21,nighttime,6,0.4533135714307189,0.3666060697021528,0.1282352941176574
2010-10-23,daytime,6,-0.44061729662580623,0.381845569615419,-0.14666666666666614
2010-10-23,nighttime,6,0.6768701956421519,0.13974985049371974,1.722500000000064
2010-10-24,daytime,6,0.9489399417176066,0.003844134234269743,0.11727272727272516
2010-10-24,nighttime,6,NA,NA,NA
2010-10-25,daytime,6,0.15530809062979878,0.768910926454857,0.029999999999984015
2010-10-25,nighttime,6,1.2265025659247594e-15,0.9999999999999982,1.4069500391485812e-14
2010-10-26,daytime,6,0.7385968949382121,0.0935663309750141,0.6459999999999193
2010-10-26,nighttime,6,NA,NA,NA
2010-10-27,daytime,6,0.5222329678670965,0.2878641347266873,0.01999999999999996
2010-10-27,nighttime,6,NA,NA,NA
2010-10-28,daytime,6,0.8691630940812081,0.024557591487227772,0.3066666666666625
2010-10-28,nighttime,6,0.29277002188456375,0.5733922538253504,0.023999999999998006
2010-10-29,daytime,6,0.43199934413908436,0.39231158419257106,0.42931034482762587
2010-10-29,nighttime,6,0.9774755667431164,7.553112536557525e-4,0.7025000000000015
2010-10-30,daytime,6,0.884605877842072,0.019205422419162857,0.04369710467706136
2010-10-30,nighttime,6,0.9274851846561042,0.007696941770440295,0.1939805825242727
2010-11-10,daytime,6,-0.13048079776774513,0.805389536704833,-0.23999999999993435
2010-11-10,nighttime,6,NA,NA,NA
2010-11-11,daytime,6,0.9246547634003571,0.008301493154315826,0.3550000000000008
2010-11-11,nighttime,6,NA,NA,NA
2010-11-12,daytime,6,0.9747867479064369,9.455479876465761e-4,0.3007655502392345
2010-11-12,nighttime,6,0.9704003729908506,0.0013012402008144683,0.7740000000000309
2010-11-13,daytime,6,0.47140452079100453,0.34527149890137676,0.015000000000004428
2010-11-13,nighttime,6,-0.46354060067682495,0.3544895575704874,-0.03400000000000117
2010-11-21,daytime,6,-0.3750664406490573,0.4637815438340485,-0.7280000000000216
2010-11-21,nighttime,6,NA,NA,NA
2010-11-22,daytime,6,-0.04936335314560988,0.9260151131257999,-0.08999999999999336
2010-11-22,nighttime,6,NA,NA,NA
2010-11-23,daytime,6,0.8469390471226684,0.033348553321953044,0.7442477876106243
2010-11-23,nighttime,6,0.9818433460597092,4.91503325131713e-4,1.4419999999999973
2010-11-24,daytime,6,0.9657747580654314,0.001737005615560996,0.7875000000000069
2010-11-24,nighttime,6,0.8733512826124155,0.023044130193838143,1.3000000000000123
2010-11-25,daytime,6,-0.35603449745814675,0.48851382055308384,-0.019999999999999418
2010-11-25,nighttime,6,-0.5969620057957092,0.2109247668845805,-0.05599999999999886
2010-12-07,daytime,6,0.7815484794979974,0.0663692304121838,1.5500000000000036
2010-12-07,nighttime,6,0.9246174982314304,0.008309601013073513,1.464000000000002
2010-12-13,daytime,6,0.781598365289474,0.06634011135346245,0.3409999999999861
2010-12-13,nighttime,6,NA,NA,NA
2010-12-14,daytime,6,NA,NA,NA
2010-12-14,nighttime,6,-0.7152816976385905,0.11005649247291639,-0.16499999999999937
2010-12-16,daytime,6,0.5022088311435784,0.31001872955311166,0.7799999999999989
2010-12-16,nighttime,6,-0.7353952734649125,0.0957602545007098,-0.6719999999999752
2010-12-17,daytime,6,NA,NA,NA
2010-12-17,nighttime,6,-0.2956818318137536,0.5694026502741178,-0.02750000000000136
2010-12-18,daytime,6,NA,NA,NA
2010-12-18,nighttime,6,NA,NA,NA
2010-12-19,daytime,6,0.3683786808968462,0.4724269975609139,0.506000000000044
2010-12-19,nighttime,6,NA,NA,NA
2010-12-20,daytime,6,-0.734733827494809,0.09621633479563471,-0.5433333333333404
2010-12-20,nighttime,6,-0.9164482691444441,0.010179704800003988,-0.6484415584415509
2010-12-21,daytime,6,-0.612624287559565,0.19602512529856084,-0.615882352941173
2010-12-21,nighttime,6,0.49759649469448203,0.3152082691546928,0.21700000000001626
2010-12-22,daytime,6,NA,NA,NA
2010-12-22,nighttime,6,0.26706745172835517,0.6089231185791839,0.7575000000000105
2010-12-23,daytime,6,NA,NA,NA
2010-12-23,nighttime,6,NA,NA,NA
2010-12-24,daytime,6,-0.45548751867427756,0.36401846458964987,-0.45000000000001716
2010-12-24,nighttime,6,-0.5948258797805863,0.21299118051914576,-2.7460000000001465
2010-12-25,daytime,6,NA,NA,NA
2010-12-25,nighttime,6,NA,NA,NA
2010-12-26,daytime,6,-0.7374439161127881,0.09435380243266273,-0.17200000000000165
2010-12-26,nighttime,6,NA,NA,NA
2010-12-27,daytime,6,NA,NA,NA
2010-12-27,nighttime,6,NA,NA,NA
2010-12-28,daytime,6,NA,NA,NA
2010-12-28,nighttime,6,NA,NA,NA
2010-12-29,daytime,6,NA,NA,NA
2010-12-29,nighttime,6,NA,NA,NA
2010-12-30,daytime,6,0.4458225700603042,0.37557149348696955,0.01999999999999999
2010-12-30,nighttime,6,NA,NA,NA
2010-12-31,daytime,6,NA,NA,NA
2010-12-31,nighttime,6,-0.964763821237739,0.0018405080271148909,-0.04400000000000096
2011-01-01,daytime,6,NA,NA,NA
2011-01-01,nighttime,6,NA,NA,NA
2011-01-02,daytime,6,0.9797958971132696,6.081849444634317e-4,0.029999999999997744
2011-01-02,nighttime,6,NA,NA,NA
2011-01-03,daytime,6,NA,NA,NA
2011-01-03,nighttime,6,NA,NA,NA
2011-01-04,daytime,6,0.12038585308575524,0.8202935816256116,0.0033333333333286043
2011-01-04,nighttime,6,NA,NA,NA
2011-01-05,daytime,6,0.7373429994210122,0.09442286742795643,0.04750000000000069
2011-01-05,nighttime,6,0.060412209333037085,0.9094919272583515,0.0025000000000006666
2011-01-06,daytime,6,NA,NA,NA
2011-01-06,nighttime,6,-0.1084652289093451,0.8379401873942728,-0.00399999999999091
2011-01-07,daytime,6,-0.17770466332772772,0.736248868113583,-0.012000000000007534
2011-01-07,nighttime,6,NA,NA,NA
2011-01-08,daytime,6,NA,NA,NA
2011-01-08,nighttime,6,NA,NA,NA
2011-01-09,daytime,6,-0.5331139899831832,0.2760873188649408,-0.03600000000000355
2011-01-09,nighttime,6,0.7104033341674674,0.11365565316488621,0.04499999999999621
2011-01-10,daytime,6,NA,NA,NA
2011-01-10,nighttime,6,NA,NA,NA
2011-01-11,daytime,6,NA,NA,NA
2011-01-11,nighttime,6,NA,NA,NA
2011-01-12,daytime,6,-0.695771992709755,0.12475315763494037,-0.001348122866894221
2011-01-12,nighttime,6,0.2672612419123905,0.6086531814854258,0.006666666666666528
2011-01-20,daytime,6,-0.3303929645422184,0.5224433204134451,-0.254000000000001
2011-01-20,nighttime,6,-0.8697444532698779,0.02434477032868621,-1.0876470588235123
2011-01-21,daytime,6,-0.8090098165956792,0.051232476886456345,-2.3100000000000303
2011-01-21,nighttime,6,NA,NA,NA
2011-01-22,daytime,6,NA,NA,NA
2011-01-22,nighttime,6,NA,NA,NA
2011-01-23,daytime,6,NA,NA,NA
2011-01-23,nighttime,6,NA,NA,NA
2011-01-24,daytime,6,NA,NA,NA
2011-01-24,nighttime,6,NA,NA,NA
2011-01-25,daytime,6,0.06250000000000716,0.9063720703124893,0.002499999999998533
2011-01-25,nighttime,6,NA,NA,NA
2011-01-26,daytime,6,NA,NA,NA
2011-01-26,nighttime,6,NA,NA,NA
2011-01-27,daytime,6,NA,NA,NA
2011-01-27,nighttime,6,NA,NA,NA
2011-01-28,daytime,6,NA,NA,NA
2011-01-28,nighttime,6,NA,NA,NA
2011-01-29,daytime,6,0.695701085237046,0.12480803477179729,0.027500000000005576
2011-01-29,nighttime,6,NA,NA,NA
2011-01-30,daytime,6,0.0352453688425004,0.9471538382696919,0.001999999999996173
2011-01-30,nighttime,6,NA,NA,NA
2011-01-31,daytime,6,NA,NA,NA
2011-01-31,nighttime,6,-0.09712858623571786,0.8547652743550822,-0.00249999999999453
2011-02-01,daytime,6,-0.44925567733259336,0.3714532697456591,-0.011052631578947219
2011-02-01,nighttime,6,0.482381910618875,0.3325504140571548,0.027499999999999157
2011-02-02,daytime,6,NA,NA,NA
2011-02-02,nighttime,6,-0.1084652289093281,0.837940187394298,-0.003999999999997614
2011-02-03,daytime,6,NA,NA,NA
2011-02-03,nighttime,6,NA,NA,NA
2011-02-04,daytime,6,-0.050000000000012076,0.9250624999999819,-0.004000000000000352
2011-02-04,nighttime,6,NA,NA,NA
2011-02-05,daytime,6,-0.9296033458430005,0.0072591014153680165,-0.015156250000000562
2011-02-05,nighttime,6,-0.24571804673358472,0.6388408331972408,-0.015999999999998744
2011-02-06,daytime,6,0.8821447890815863,0.020016280466604894,2.082000000000013
2011-02-06,nighttime,6,-0.6503963911836209,0.16196927936615116,-0.1348387096774158
2011-02-07,daytime,6,-0.2680140309472216,0.6076048812964395,-1.5559999999998158
2011-02-07,nighttime,6,-0.9287650392214846,0.007430891413763083,-0.10859999999999702
2011-02-08,daytime,6,-0.7895810556363361,0.061755929727226676,-1.6233333333332989
2011-02-08,nighttime,6,-0.8171326743913986,0.04710310453118675,-1.221363636363634
2011-02-09,daytime,6,NA,NA,NA
2011-02-09,nighttime,6,NA,NA,NA
2011-02-10,daytime,6,-0.8968025589876549,0.015425056242979993,-0.4675000000000323
2011-02-10,nighttime,6,0.37310125362232505,0.4663168147760217,0.01749999999999969
2011-02-11,daytime,6,NA,NA,NA
2011-02-11,nighttime,6,NA,NA,NA
2011-02-12,daytime,6,NA,NA,NA
2011-02-12,nighttime,6,NA,NA,NA
2011-02-13,daytime,6,-0.0995037190209893,0.8512370141369366,-0.006666666666668061
2011-02-13,nighttime,6,NA,NA,NA
2011-02-14,daytime,6,-0.2670089896222282,0.6090045583907924,-0.0919999999999717
2011-02-14,nighttime,6,NA,NA,NA
2011-02-15,daytime,6,0.36927447293798576,0.4712660955660642,0.022499999999988834
2011-02-15,nighttime,6,-0.37965728081101074,0.4578759127371938,-0.03399999999998772
2011-02-16,daytime,6,NA,NA,NA
2011-02-16,nighttime,6,NA,NA,NA
2011-02-17,daytime,6,-0.5335783750799292,0.2755888884208952,-0.03666666666666275
2011-02-17,nighttime,6,-0.26745625196531536,0.6083815755894733,-0.01400000000000135
2011-02-18,daytime,6,NA,NA,NA
2011-02-18,nighttime,6,NA,NA,NA
2011-02-19,daytime,6,NA,NA,NA
2011-02-19,nighttime,6,NA,NA,NA
2011-02-20,daytime,6,NA,NA,NA
2011-02-20,nighttime,6,NA,NA,NA
2011-02-21,daytime,6,-0.5996253511966959,0.2083597891504318,-0.020000000000003407
2011-02-21,nighttime,6,NA,NA,NA
2011-02-22,daytime,6,0.9379114309725588,0.005662810186917422,0.511999999999964
2011-02-22,nighttime,6,-0.3582012646039628,0.4856781731656813,-0.14750000000006258
2011-02-23,daytime,6,0.7480349867647972,0.08723138007851294,0.1966666666666692
2011-02-23,nighttime,6,-0.41208169184603943,0.41686553040654345,-0.009999999999997728
2011-02-24,daytime,6,NA,NA,NA
2011-02-24,nighttime,6,NA,NA,NA
2011-02-25,daytime,6,NA,NA,NA
2011-02-25,nighttime,6,-1.3513203515634759e-14,0.9999999999999798,1.4133439285039633e-14
2011-02-26,daytime,6,-0.7507571935295425,0.0854412369730995,-0.06199999999998582
2011-02-26,nighttime,6,NA,NA,NA
2011-02-27,daytime,6,NA,NA,NA
2011-02-27,nighttime,6,NA,NA,NA
2011-02-28,daytime,6,-0.8215838362577504,0.04490879035036597,-0.035999999999999734
2011-02-28,nighttime,6,-0.22549380840085656,0.6674921808326357,-0.009999999999998743
2011-03-01,daytime,6,0.16861462068838462,0.7494750008601405,0.03399999999998345
2011-03-01,nighttime,6,0.30618621784791705,0.5550731521897473,0.00749999999999697
2011-03-02,daytime,6,NA,NA,NA
2011-03-02,nighttime,6,-0.8344106874431774,0.03885951604159225,-0.13195121951219418
2011-03-03,daytime,6,NA,NA,NA
2011-03-03,nighttime,6,NA,NA,NA
2011-03-10,daytime,6,-0.946000771936945,0.004295146323512675,-1.1
2011-03-10,nighttime,6,0.8306160527762345,0.04060649159254641,2.3199999999999594
2011-03-12,daytime,6,NA,NA,NA
2011-03-12,nighttime,6,NA,NA,NA
2011-03-26,daytime,6,-0.32908669003659463,0.5241896882785431,-0.3949999999999078
2011-03-26,nighttime,6,-0.7816632037771014,0.06630227291050757,-0.18764705882352972
2011-03-27,daytime,6,-0.8238060661760249,0.043831544600580204,-0.7874999999999414
2011-03-27,nighttime,6,0.5477373694244623,0.26055899503301583,0.43000000000002747
2011-03-28,daytime,6,NA,NA,NA
2011-03-28,nighttime,6,NA,NA,NA
2011-03-29,daytime,6,-0.8494912549820922,0.03227459504527092,-2.259999999999958
2011-03-29,nighttime,6,-0.5641685488326766,0.2435306948513653,-0.5199999999999702
2011-04-06,daytime,6,-0.8912450451523241,0.017098303067714107,-2.4899999999999993
2011-04-06,nighttime,6,0.07916926494447614,0.881494210054587,0.09199999999996375
2011-04-07,daytime,6,NA,NA,NA
2011-04-07,nighttime,6,0.6963432425457382,0.12431143547249147,0.5800000000000439
2011-04-17,daytime,6,-0.7105875652961822,0.11351880732897913,-1.988000000000024
2011-04-17,nighttime,6,NA,NA,NA
2011-04-20,daytime,6,-0.7574306951402172,0.08112342859205425,-1.3520000000000179
2011-04-20,nighttime,6,NA,NA,NA
2011-04-21,daytime,6,-0.9000521782919623,0.014485132862336872,-2.8700000000000023
2011-04-21,nighttime,6,NA,NA,NA
2011-04-22,daytime,6,NA,NA,NA
2011-04-22,nighttime,6,NA,NA,NA
2011-05-01,daytime,6,NA,NA,NA
2011-05-01,nighttime,6,-0.5789212176873452,0.22863083176730045,-0.5780000000000034
2011-05-02,daytime,6,NA,NA,NA
2011-05-02,nighttime,6,0.8739695325198543,0.022824604371867226,1.3633333333333413
2011-05-05,daytime,6,NA,NA,NA
2011-05-05,nighttime,6,-0.8946252743150617,0.0160707175513941,-0.6825000000000159
2011-05-28,daytime,6,NA,NA,NA
2011-05-28,nighttime,6,-0.8401292983565665,0.03629492291158297,-1.1275000000000022
2011-05-29,daytime,6,NA,NA,NA
2011-05-29,nighttime,6,NA,NA,NA
2011-05-30,daytime,6,-0.38607133420454814,0.44966517240635184,-0.5299999999999714
2011-05-30,nighttime,6,NA,NA,NA
2011-05-31,daytime,6,0.2514600975569947,0.6307600388236847,0.7466666666667011
2011-05-31,nighttime,6,-0.8048369867163958,0.053416159485875706,-1.0499999999999163
2013-09-03,daytime,6,NA,NA,NA
2013-09-03,nighttime,6,-0.24700103856724792,0.6370331486924515,-0.13249999999999323
2013-09-06,daytime,6,0.334133052922887,0.5174525457638888,0.4919999999999777
2013-09-06,nighttime,6,NA,NA,NA
2013-09-08,daytime,6,NA,NA,NA
2013-09-08,nighttime,6,NA,NA,NA
2013-09-25,daytime,6,NA,NA,NA
2013-09-25,nighttime,6,NA,NA,NA
2013-09-26,daytime,6,NA,NA,NA
2013-09-26,nighttime,6,0.5400374039208372,0.2686922557269773,1.4266666666665144
2013-10-27,daytime,6,NA,NA,NA
2013-10-27,nighttime,6,NA,NA,NA
2013-11-20,daytime,6,NA,NA,NA
2013-11-20,nighttime,6,NA,NA,NA
2013-11-22,daytime,6,0.6507406992024454,0.16167140443849426,2.1099999999999755
2013-11-22,nighttime,6,NA,NA,NA
2013-12-10,daytime,6,NA,NA,NA
2013-12-10,nighttime,6,0.6277960139440618,0.18202192102154835,4.933448275862293
2013-12-11,daytime,6,NA,NA,NA
2013-12-11,nighttime,6,-0.08959716466697483,0.8659638804248574,-1.4574999999989775
2013-12-31,daytime,6,NA,NA,NA
2013-12-31,nighttime,6,-0.0020721018154086657,0.9968918517252814,-0.029999999999689303
2014-01-03,daytime,6,0.9403233305299551,0.005235693911481312,8.898000000000836
2014-01-03,nighttime,6,0.4169157232070311,0.4108602939209376,4.593333333332957
2014-01-11,daytime,6,0.672537579163268,0.1432902898593613,7.422500000000257
2014-01-11,nighttime,6,-0.7362695156352496,0.09515892806234257,-1.6599999999999564
2014-01-12,daytime,6,0.932733820134089,0.006634927478474916,4.814000000000148
2014-01-12,nighttime,6,-0.8572606360354088,0.029107665594578648,-5.019999999999908
2014-01-13,daytime,6,0.6775308824085092,0.13921330737175308,1.6633333333333615
2014-01-13,nighttime,6,0.8692086635620405,0.024540877792761435,6.545999999999488
2014-01-14,daytime,6,0.9574956754112565,0.002671531882492979,2.2193908629441985
2014-01-14,nighttime,6,NA,NA,NA
2014-01-15,daytime,6,0.4360236762871181,0.3874121650871541,2.998000000000551
2014-01-15,nighttime,6,0.8941453600237181,0.01621474574654151,6.84333333333319
2014-01-16,daytime,6,0.4082812002022472,0.4216071186664622,1.078000000000084
2014-01-16,nighttime,6,0.6557202393090534,0.1573893393942106,1.8233333333334
2014-01-17,daytime,6,0.9501411474351369,0.003666885578720026,1.887547169811332
2014-01-17,nighttime,6,NA,NA,-0
2014-01-18,daytime,6,0.31622776601683794,0.5414697392755848,0.05000000000000386
2014-01-18,nighttime,6,NA,NA,-0
2014-01-19,daytime,6,NA,NA,-0
2014-01-19,nighttime,6,NA,NA,NA
2014-01-20,daytime,6,NA,NA,0
2014-01-20,nighttime,6,NA,NA,NA
2014-01-21,daytime,6,NA,NA,-0
2014-01-21,nighttime,6,NA,NA,0
2014-01-22,daytime,6,0.8085638114275034,0.051463862498657184,3.6825000000000454
2014-01-22,nighttime,6,NA,NA,-0
2014-01-23,daytime,6,NA,NA,NA
2014-01-23,nighttime,6,0.9127278629223579,0.011092287982114212,5.660000000000007
2014-01-24,daytime,6,NA,NA,NA
2014-01-24,nighttime,6,0.7053452210398445,0.11744098222207401,2.5433333333333032
2014-01-29,daytime,6,NA,NA,NA
2014-01-29,nighttime,6,0.10889574385855975,0.8373020424879067,0.19705882352943313
2014-01-30,daytime,6,NA,NA,NA
2014-01-30,nighttime,6,-0.4975527814650225,0.3152576051827209,-0.09249999999999503
2014-01-31,daytime,6,0.19999999999999998,0.7040000000000001,0.06600000000000056
2014-01-31,nighttime,6,0.44721359549995787,0.373900966300059,0.010000000000000252
2014-02-01,daytime,6,NA,NA,NA
2014-02-01,nighttime,6,NA,NA,-0
2014-02-02,daytime,6,NA,NA,-0
2014-02-02,nighttime,6,NA,NA,0
2014-02-03,daytime,6,NA,NA,-0
2014-02-03,nighttime,6,NA,NA,0
2014-02-04,daytime,6,0.6008483063040979,0.2071862739145234,6.262000000000594
2014-02-04,nighttime,6,NA,NA,0
2014-02-12,daytime,6,-0.04942901512423266,0.9259168604790692,-0.6000000000008833
2014-02-12,nighttime,6,0.7145487986104356,0.11059395973528724,8.959999999999603
2014-02-13,daytime,6,0.39681003709336304,0.4360254425500567,0.44999999999999823
2014-02-13,nighttime,6,0.09451245867208063,0.8586534332149667,0.3099999999999512
2014-02-14,daytime,6,0.5025707110324167,0.3096129149992834,0.0466666666666671
2014-02-14,nighttime,6,NA,NA,NA
2014-02-15,daytime,6,NA,NA,NA
2014-02-15,nighttime,6,0.07584334110111819,0.8864531218514896,0.05199999999999078
2014-02-16,daytime,6,0.8947888861252937,0.01602175690409885,11.492500000001042
2014-02-16,nighttime,6,0.5303551948289459,0.2790554694200404,1.7800000000000342
2014-02-19,daytime,6,0.7770894336533652,0.06899556587758858,3.971000000000001
2014-02-19,nighttime,6,0.6554007672343798,0.157662603228334,6.384999999999873
2014-02-24,daytime,6,NA,NA,NA
2014-02-24,nighttime,6,-0.62200283976396,0.18731831235044366,-9.183333333333394
2014-02-26,daytime,6,NA,NA,NA
2014-02-26,nighttime,6,NA,NA,NA
2014-03-01,daytime,6,0.7266806462546143,0.10184625174487262,7.607500000000037
2014-03-01,nighttime,6,-0.2899558103622188,0.5772552107832576,-2.3366666666675084
2014-03-02,daytime,6,0.5272566769007324,0.2824035581663383,10.699999999998976
2014-03-02,nighttime,6,-0.9994020620385984,5.361878182061401e-7,-4.7599999999998035
2014-03-06,daytime,6,0.3775201615162367,0.46062212235643196,3.040000000000486
2014-03-06,nighttime,6,NA,NA,NA
2014-03-08,daytime,6,0.44850439099849243,0.3723531304665724,3.0999999999996337
2014-03-08,nighttime,6,0.18361646260274825,0.7276706211043444,1.9640000000009525
2014-03-12,daytime,6,0.6063755908538776,0.20191614570115432,3.556666666666575
2014-03-12,nighttime,6,NA,NA,NA
2014-03-19,daytime,6,0.08288268189705181,0.8759606600605585,0.7366666666668535
2014-03-19,nighttime,6,0.7838943493398305,0.0650062328979838,8.484705882353
2014-03-27,daytime,6,NA,NA,NA
2014-03-27,nighttime,6,NA,NA,NA
2014-03-28,daytime,6,-0.8448023886217014,0.03426037986320555,-6.700000000000084
2014-03-28,nighttime,6,NA,NA,NA
2014-03-29,daytime,6,0.2812276477761202,0.5892795336294034,2.8520000000003387
2014-03-29,nighttime,6,NA,NA,NA
2014-03-30,daytime,6,0.6819201827212947,0.13567132903721915,3.880000000000063
2014-03-30,nighttime,6,-0.7364577735228617,0.09502966024351679,-8.036666666666383
2014-03-31,daytime,6,-0.21899321904487645,0.6767614131157071,-0.9224999999998105
2014-03-31,nighttime,6,NA,NA,NA
2014-04-01,daytime,6,0.8437486342195474,0.03471433531276149,6.98666666666664
2014-04-01,nighttime,6,NA,NA,NA
2014-04-02,daytime,6,-0.3162277660168379,0.541469739275585,-0.349999999999938
2014-04-02,nighttime,6,-0.039620470747229276,0.9406003916241625,-0.19199999999994052
2014-04-03,daytime,6,NA,NA,0
2014-04-03,nighttime,6,NA,NA,NA
2014-04-04,daytime,6,0.10581488261432447,0.8418700695556063,2.2599999999998284
2014-04-04,nighttime,6,0.3422855312537096,0.5066226842713273,2.2975000000000483
2014-04-05,daytime,6,0.4160765853826151,0.4119006539262229,1.9775000000000948
2014-04-05,nighttime,6,0.8950519414246442,0.015943188554563524,11.279999999999717
2014-04-06,daytime,6,0.782114203380506,0.06603935139082599,7.69000000000026
2014-04-06,nighttime,6,NA,NA,NA
2014-10-02,daytime,6,NA,NA,NA
2014-10-02,nighttime,6,NA,NA,NA
2014-10-25,daytime,6,0.900876228369656,0.014251311748831971,7.05181818181819
2014-10-25,nighttime,6,0.5183555395201194,0.2921058046408758,4.07199999999969
2014-10-27,daytime,6,0.9316688034274301,0.006844204251467464,8.724999999999827
2014-10-27,nighttime,6,0.6516169339915964,0.16091438215714152,2.9180000000000814
2014-10-28,daytime,6,0.7885613876248461,0.06233311258164606,2.3900000000000228
2014-10-28,nighttime,6,NA,NA,NA
2014-11-20,daytime,6,0.8403390202284531,0.036202433504338986,4.774117647059015
2014-11-20,nighttime,6,0.6034148153860501,0.20473229200712023,19.971999999999515
2015-01-01,daytime,6,0.4837165894092404,0.3310155402411886,5.372500000000254
2015-01-01,nighttime,6,0.42262166381660604,0.40380953559680677,1.1724999999999528
2015-02-08,daytime,6,0.858729690448693,0.02852626354119936,10.894000000000146
2015-02-08,nighttime,6,NA,NA,NA
2015-03-28,daytime,6,-0.2891247521197121,0.5783972922006884,-0.6119999999997195
2015-03-28,nighttime,6,0.5170309662437114,0.29356017328255407,1.2199999999999431
2015-03-29,daytime,6,-0.5749761941856465,0.2325785905142607,-1.1166666666667482
2015-03-29,nighttime,6,NA,NA,NA
2015-03-30,daytime,6,0.12278149109458981,0.8167532469302171,1.5533333333329569
2015-03-30,nighttime,6,NA,NA,NA
2015-04-06,daytime,6,NA,NA,NA
2015-04-06,nighttime,6,0.3475889033607737,0.49961415097123985,1.901999999999787
2015-09-18,daytime,6,0.8093016154914872,0.05108135408362088,2.322500000000019
2015-09-18,nighttime,6,NA,NA,NA
2015-09-30,daytime,6,0.8551102531058383,0.0299687200967018,11.366666666666696
2015-09-30,nighttime,6,NA,NA,NA
2015-10-08,daytime,6,0.329532847178122,0.5235930277931101,1.0241176470588615
2015-10-08,nighttime,6,0.803264342270191,0.05425005968294735,9.074999999999935
2016-04-23,daytime,6,NA,NA,NA
2016-04-23,nighttime,6,0.6806192405280883,0.13671703568488444,8.874999999999481
2016-04-24,daytime,6,-0.9027982031129759,0.013713093487577011,-3.9000000000000474
2016-04-24,nighttime,6,-0.11483539278217833,0.8285040876027989,-0.3524999999999952
2016-05-21,daytime,6,-0.910699817935729,0.01160572061875893,-2.332499999999985
2016-05-21,nighttime,6,0.8575435143294745,0.02899528016648053,0.8921951219512262
2016-05-30,daytime,6,0.08236176611037632,0.8767366997286882,0.2819999999999893
2016-05-30,nighttime,6,-0.7344250921026323,0.09642954422005659,-1.1869999999999703
2018-04-11,daytime,6,0.7042801888997307,0.11824493071614096,6.607500000000716
2018-04-11,nighttime,6,NA,NA,NA
2018-04-22,daytime,6,0.7594522161012602,0.07983541787266318,17.812000000000143
2018-04-22,nighttime,6,NA,NA,NA
2018-05-22,daytime,6,-0.6261256653201346,0.18354257268375443,-0.6133333333333205
2018-05-22,nighttime,6,NA,NA,NA
2018-05-23,daytime,6,NA,NA,NA
2018-05-23,nighttime,6,-0.11672479354835583,0.8257079785074923,-0.565000000000136
2018-05-24,daytime,6,0.0023397462673396294,0.9964903870033588,0.004999999999980428
2018-05-24,nighttime,6,NA,NA,NA
2018-05-25,daytime,6,NA,NA,NA
2018-05-25,nighttime,6,NA,NA,NA
2020-01-09,daytime,6,0.5287453070497193,0.2807931250954649,1.5875000000000874
2020-01-09,nighttime,6,NA,NA,NA
2020-01-10,daytime,6,0.42651518526298743,0.39902202041579843,3.7499999999997193
2020-01-10,nighttime,6,-0.009274736361818475,0.9860882943670897,-0.04799999999952528
2020-01-17,daytime,6,0.51392040434578,0.29698622708553035,2.8750000000001537
2020-01-17,nighttime,6,0.03685586799810419,0.9447412296792397,0.06599999999998109
2020-01-19,daytime,6,-0.459835615877046,0.35886241930686086,-0.8974999999999855
2020-01-19,nighttime,6,NA,NA,NA
2020-01-20,daytime,6,NA,NA,NA
2020-01-20,nighttime,6,NA,NA,NA
2020-01-21,daytime,6,NA,NA,NA
2020-01-21,nighttime,6,NA,NA,NA
2020-01-26,daytime,6,NA,NA,NA
2020-01-26,nighttime,6,NA,NA,NA
2020-01-27,daytime,6,NA,NA,NA
2020-01-27,nighttime,6,NA,NA,NA
2020-01-28,daytime,6,NA,NA,NA
2020-01-28,nighttime,6,-0.5550149360339145,0.25296143464261783,-1.2800000000001013
2020-01-29,daytime,6,-0.42053410128338137,0.40638435106712467,-0.5050000000000227
2020-01-29,nighttime,6,NA,NA,NA
2020-02-25,daytime,6,NA,NA,NA
2020-02-25,nighttime,6,NA,NA,NA
2020-02-26,daytime,6,NA,NA,NA
2020-02-26,nighttime,6,0.21342213883317934,0.6847273752482093,0.5720000000000471
2020-11-12,daytime,6,0.3873764554457213,0.4480002726592756,0.8999999999999946
2020-11-12,nighttime,6,0.16343055887161903,0.7570367398361105,0.9225000000001934
2020-11-13,daytime,6,0.45181129005661247,0.3683979617618686,0.6720000000000047
2020-11-13,nighttime,6,NA,NA,NA
2020-11-14,daytime,6,-0.4729319463467024,0.34349115390199825,-0.9880000000000364
2020-11-14,nighttime,6,-0.17390774117049668,0.7417682126229308,-0.7440000000000744
2020-11-17,daytime,6,0.4078860284286921,0.422101163060338,1.1525000000001275
2020-11-17,nighttime,6,0.9467540196111884,0.004177221885283659,1.2968181818181557
2020-11-18,daytime,6,-0.07283200917415654,0.890945154991919,-0.3560000000000913
2020-11-18,nighttime,6,0.7854597250120872,0.06410391496000474,3.832999999999805
2020-11-20,daytime,6,0.44258987551553436,0.37946372218256935,0.537499999999973
2020-11-20,nighttime,6,-0.16345908524928626,0.7569950933590719,-0.8320000000001013
2020-11-21,daytime,6,-0.8725453791951417,0.023331790758787923,-2.2499999999999747
2020-11-21,nighttime,6,0.8576309461056096,0.02896058582018777,2.9259999999997697
2020-11-22,daytime,6,0.5148845686527258,0.29592267189461696,1.5360000000000313
2020-11-22,nighttime,6,-0.3802631360744494,0.4570983306382999,-1.5859999999999437
2020-11-23,daytime,6,0.7643849187610072,0.07673167699286236,1.092749999999982
2020-11-23,nighttime,6,0.20868191685897752,0.6915209796298711,0.5071428571428381
2020-11-24,daytime,6,0.8512937718897431,0.03152610268695265,2.2210000000001053
2020-11-24,nighttime,6,0.08795907043525607,0.8684016551303878,0.08772727272729197
2020-11-25,daytime,6,0.8703570899930554,0.024121453561607612,11.19500000000011
2020-11-25,nighttime,6,0.4635551444684185,0.3544724295644886,1.1914634146341918
2020-11-26,daytime,6,0.49050080530794826,0.3232538414749156,0.9399999999999723
2020-11-26,nighttime,6,0.5114318210836468,0.29973796317339685,2.1975000000002898
2020-11-27,daytime,6,-0.41247028821308346,0.4163817113197244,-0.9275000000000065
2020-11-27,nighttime,6,NA,NA,NA
2020-11-28,daytime,6,-0.19319032935330704,0.7138196793278224,-0.9979999999998221
2020-11-28,nighttime,6,-0.5686506470414987,0.2389644777891692,-1.2125000000000148
2020-11-29,daytime,6,NA,NA,NA
2020-11-29,nighttime,6,0.5206734100628613,0.289567373895162,1.8500000000000538
2020-11-30,daytime,6,0.8630534084729645,0.02684737994564728,2.1068965517241787
2020-11-30,nighttime,6,NA,NA,NA
2020-12-01,daytime,6,0.9580273385813929,0.0026055847506520477,4.258333333333357
2020-12-01,nighttime,6,0.005597443421437082,0.9916039225556379,0.0579999999997975
2020-12-04,daytime,6,0.7918329605759955,0.06048996955556519,1.3520000000000012
2020-12-04,nighttime,6,NA,NA,NA
2021-01-03,daytime,6,0.8689150540366211,0.024648661032602198,2.710000000000014
2021-01-03,nighttime,6,NA,NA,NA
2021-01-04,daytime,6,-0.6758291265247397,0.14059710020106295,-1.5879999999999717
2021-01-04,nighttime,6,0.5765695993792931,0.23098083844810127,3.510000000000005
2021-01-11,daytime,6,-0.2944443653540398,0.5710972448385357,-1.4759999999991766
2021-01-11,nighttime,6,NA,NA,NA
2021-01-12,daytime,6,-0.5597825248201087,0.24803195216825422,-1.9100000000001252
2021-01-12,nighttime,6,NA,NA,NA
2021-01-13,daytime,6,-0.14912920447174705,0.7779644742272371,-0.34999999999988257
2021-01-13,nighttime,6,NA,NA,NA
2021-01-14,daytime,6,0.48871563838965865,0.32528969096700444,0.04249999999999977
2021-01-14,nighttime,6,NA,NA,NA
2021-01-15,daytime,6,0.42874646285627205,0.39628714972811685,0.012500000000002209
2021-01-15,nighttime,6,0.03549314249999644,0.9467826427267627,0.029999999999987162
2021-01-16,daytime,6,NA,NA,NA
2021-01-16,nighttime,6,0.6123724356957945,0.19626117814926947,0.007499999999999747
2021-01-17,daytime,6,0.8188363282928685,0.04625749307116761,4.40250000000005
2021-01-17,nighttime,6,NA,NA,NA
2021-01-18,daytime,6,NA,NA,NA
2021-01-18,nighttime,6,NA,NA,NA
2021-01-19,daytime,6,-0.9679786001454785,0.0015216381808014954,-2.561999999999797
2021-01-19,nighttime,6,NA,NA,NA
2021-01-20,daytime,6,NA,NA,NA
2021-01-20,nighttime,6,-0.9215513551681829,0.008989890886019949,-0.9333333333333875
2021-01-21,daytime,6,-0.5224755200732484,0.28759957841279143,-3.460000000000087
2021-01-21,nighttime,6,0.3563757239227026,0.48806692414702874,0.9400000000000814
2021-01-30,daytime,6,-0.7927675414529283,0.0599681086040087,-2.7739999999992953
2021-01-30,nighttime,6,0.4649646943426567,0.35281382090678076,0.6719999999999328
2021-01-31,daytime,6,NA,NA,NA
2021-01-31,nighttime,6,0.905483543587574,0.012977866008437384,3.973076923076834
2021-02-01,daytime,6,NA,NA,NA
2021-02-01,nighttime,6,NA,NA,NA
2021-02-02,daytime,6,0.7856928926533604,0.06397000566728357,2.740000000000057
2021-02-02,nighttime,6,0.9957001018757213,2.7693935144219172e-5,1.9674999999999003
2021-02-06,daytime,6,0.1575958640633874,0.7655632653058613,0.3733333333334392
2021-02-06,nighttime,6,-0.3410838853946228,0.5082147174240215,-1.263999999999935
2021-02-07,daytime,6,0.48869722844827146,0.3253107104997781,1.19999999999991
2021-02-07,nighttime,6,NA,NA,NA
2021-02-08,daytime,6,0.9594316162912048,0.002435307038801499,2.8799999999999324
2021-02-08,nighttime,6,0.6905733864358321,0.12880424464268297,5.0900000000001375
2021-02-10,daytime,6,-0.8051898027115548,0.05322989728959074,-3.9725000000001414
2021-02-10,nighttime,6,-0.5230718679666879,0.28694952256169004,-0.9200000000000252
2021-03-19,daytime,6,-0.8614293420751016,0.027472335939761946,-3.9633333333332827
2021-03-19,nighttime,6,NA,NA,NA
2021-03-20,daytime,6,NA,NA,NA
2021-03-20,nighttime,6,NA,NA,NA
2021-03-21,daytime,6,0.634350696726775,0.17610557087343714,2.336666666666667
2021-03-21,nighttime,6,NA,NA,NA
2021-03-22,daytime,6,0.38128124324656876,0.4557925891720144,2.6874999999995866
2021-03-22,nighttime,6,NA,NA,NA
2021-03-23,daytime,6,-0.02922923773278722,0.9561686293761646,-0.07250000000000176
2021-03-23,nighttime,6,NA,NA,NA
2021-03-24,daytime,6,0.9472280612789866,0.004103834581741772,4.8974999999998925
2021-03-24,nighttime,6,NA,NA,NA
2021-04-05,daytime,6,-0.9348422732824931,0.006229979505878371,-4.603333333333232
2021-04-05,nighttime,6,NA,NA,NA
2021-04-06,daytime,6,-0.07112577688625499,0.8934912429183491,-0.3833333333334756
2021-04-06,nighttime,6,NA,NA,NA
2021-04-07,daytime,6,0.26226281991410033,0.6156252227994046,3.0580000000002765
2021-04-07,nighttime,6,NA,NA,NA
2021-11-26,daytime,6,-0.3086060076150451,0.5517864468155955,-0.5503448275861368
2021-11-26,nighttime,6,-0.8431675158420134,0.03496588267158597,-2.0199999999999725
2021-12-05,daytime,6,0.3339324024395478,0.5177199392596278,0.5759999999999128
2021-12-05,nighttime,6,-0.6612521446151532,0.15268948753788467,-0.337714285714284
2021-12-07,daytime,6,0.25272306116323645,0.6289859859833195,0.9100000000000031
2021-12-07,nighttime,6,NA,NA,NA
2021-12-09,daytime,6,NA,NA,NA
2021-12-09,nighttime,6,-0.3002695911980572,0.5631320407301852,-1.304000000000111
2021-12-16,daytime,6,-0.41870153946985234,0.40864917922418376,-0.4363636363636274
2021-12-16,nighttime,6,NA,NA,NA
2021-12-17,daytime,6,-0.6465928226508793,0.16527526623800867,-2.7649999999999597
2021-12-17,nighttime,6,0.1331042516106621,0.8015227094129304,0.08666666666666296
2021-12-18,daytime,6,0.5777115351478098,0.2298384881735433,2.125000000000013
2021-12-18,nighttime,6,0.542895438431957,0.2656621099458562,1.6799999999999589
2021-12-19,daytime,6,-0.613973271731695,0.19476275038505364,-1.2840000000001477
2021-12-19,nighttime,6,NA,NA,NA
2022-02-01,daytime,6,-0.4494805962331005,0.37118401878777546,-1.5733333333333903
2022-02-01,nighttime,6,0.2592720631340853,0.6198062989657158,2.100000000000196
2022-02-02,daytime,6,NA,NA,NA
2022-02-02,nighttime,6,0.7876534974226477,0.0628490937163307,0.617142857142859
2022-02-03,daytime,6,-0.4881622722060286,0.32592171319666313,-0.36090909090906625
2022-02-03,nighttime,6,0.9121511261279109,0.01123715342895686,0.1644943820224759
2022-02-04,daytime,6,0.2970354965776385,0.5675504888713232,0.9459999999999388
2022-02-04,nighttime,6,-0.5205536255685413,0.28969835133362265,-0.15371428571428492
2022-02-05,daytime,6,NA,NA,NA
2022-02-05,nighttime,6,NA,NA,NA
2022-02-06,daytime,6,NA,NA,NA
2022-02-06,nighttime,6,NA,NA,NA
2022-02-07,daytime,6,NA,NA,NA
2022-02-07,nighttime,6,NA,NA,NA
2022-02-08,daytime,6,-0.7445454647802526,0.08955042854518884,-5.855000000000002
2022-02-08,nighttime,6,NA,NA,NA
2022-02-19,daytime,6,-0.6508597446673201,0.16156846718154932,-1.2600000000000704
2022-02-19,nighttime,6,0.09067829539835202,0.8643553604590261,0.5199999999998546
2022-02-23,daytime,6,NA,NA,NA
2022-02-23,nighttime,6,NA,NA,NA
2022-12-23,daytime,6,-0.5875133210680183,0.2201265637666769,-5.547999999999765
2022-12-23,nighttime,6,NA,NA,NA
2022-12-24,daytime,6,0.44971275451029696,0.37090617309943763,1.0985714285714472
2022-12-24,nighttime,6,-0.25486404838265136,0.6259813616135765,-1.5580000000000056
2022-12-25,daytime,6,-0.7974395478304351,0.057390502876886344,-1.5856250000000964
2022-12-25,nighttime,6,-0.7417924860402257,0.09139918828962408,-0.60733333333333706
2022-12-26,daytime,6,-0.7435644050230668,0.09020731992551674,-1.6940000000000077
2022-12-26,nighttime,6,0.03522925605435209,0.9471779774418092,0.08823529411764305
2022-12-30,daytime,6,0.3685860348365158,0.4721581981955395,2.169999999999746
2022-12-30,nighttime,6,0.7941067080301905,0.05922395239234856,0.37413793103450027
2022-12-31,daytime,6,0.06225035537921515,0.9067450803171766,0.09000000000004817
2022-12-31,nighttime,6,NA,NA,NA
2023-01-05,daytime,6,-0.2679857621709181,0.6076442388983592,-2.215000000000282
2023-01-05,nighttime,6,-0.5164692589604373,0.2941777445695401,-3.297500000000411
2023-01-07,daytime,6,-0.2021572781672176,0.7008949206137574,-1.7400000000000193
2023-01-07,nighttime,6,NA,NA,NA
2023-01-08,daytime,6,0.5027918432717928,0.30936503299122975,1.464000000000084
2023-01-08,nighttime,6,NA,NA,NA
2023-01-09,daytime,6,0.662522217041045,0.15161899703870654,1.803333333333362
2023-01-09,nighttime,6,NA,NA,NA
2023-01-10,daytime,6,-0.10666322540659423,0.8406119179759797,-0.18000000000001837
2023-01-10,nighttime,6,NA,NA,NA
2023-01-20,daytime,6,-0.4054908598084823,0.4250996891396268,-1.1576470588235044
2023-01-20,nighttime,6,-0.7397290987771172,0.09279591502000241,-1.8135294117646972
2023-01-21,daytime,6,0.2898387568914292,0.5774160351523268,1.4039999999999524
2023-01-21,nighttime,6,-0.12296096232166245,0.8164881043970902,-1.2219999999996274
2023-01-23,daytime,6,-0.561301415527724,0.24646948636794314,-2.1460000000001576
2023-01-23,nighttime,6,0.9531332464479416,0.0032432676443517688,7.0733333333334105
2023-01-29,daytime,6,0.6849902031218442,0.13321736250562236,4.222499999999919
2023-01-29,nighttime,6,0.9330801420438329,0.006567558574533784,2.245000000000024
2023-01-30,daytime,6,-0.3687680371462661,0.4719223021152143,-2.046666666666675
2023-01-30,nighttime,6,-0.3533307098083521,0.4920592958441937,-1.7709999999999868
2023-01-31,daytime,6,0.43240538951717306,0.391816289370179,3.2950000000002886
2023-01-31,nighttime,6,0.5293933557537616,0.28009314927828427,1.073333333333352
2023-02-03,daytime,6,NA,NA,NA
2023-02-03,nighttime,6,0.8017570702803074,0.055054889516095926,0.8422499999999696
2023-02-04,daytime,6,NA,NA,NA
2023-02-04,nighttime,6,0.34677776823912676,0.5006841967855897,0.15500000000000067
2023-02-05,daytime,6,NA,NA,NA
2023-02-05,nighttime,6,-0.696417481349299,0.12425407993985281,-10.947999999999126
2023-02-08,daytime,6,0.49861974491024524,0.3140542144892939,1.28250000000001
2023-02-08,nighttime,6,-0.37682610504434166,0.46151510275704133,-3.1199999999997985
2023-02-09,daytime,6,0.8809867647256977,0.020403364587336097,3.673333333333434
2023-02-09,nighttime,6,-0.7711932023805022,0.07253951622611507,-10.629999999999841
2023-02-10,daytime,6,0.7397649510472567,0.09277156553812994,5.1630000000000065
2023-02-10,nighttime,6,-0.7625893215744021,0.07785505775890957,-6.508000000000621
2023-02-11,daytime,6,0.8719408930360302,0.02354867303098687,5.880000000000323
2023-02-11,nighttime,6,NA,NA,NA
2023-02-12,daytime,6,0.33832198370635347,0.5118794900794517,2.0957142857146436
2023-02-12,nighttime,6,-0.17524318173532938,0.7398261015887193,-0.8266666666668537
2023-02-18,daytime,6,0.4874994167790741,0.3266793778599903,8.720000000000093
2023-02-18,nighttime,6,0.16834251590220184,0.7498715724839445,1.233333333333637
2023-02-19,daytime,6,0.5859762978423207,0.22163837289111965,8.682941176470287
2023-02-19,nighttime,6,NA,NA,NA
2023-02-20,daytime,6,0.556865343667445,0.251043680658393,2.8511764705882428
2023-02-20,nighttime,6,-0.7547256098856384,0.08286149408965572,-3.6600000000000583
